0.000000,0.000000,0.000000,0.000000,0.000000,0.000000,0.000000
1.000000,0.000000,0.000000,0.000000,0.000000,0.000000,0.000000
2.000000,0.000000,0.000000,0.000000,0.000000,0.000000,0.000000
3.000000,0.000000,0.000000,0.000000,0.000000,0.000000,0.000000
4.000000,0.000000,0.000000,0.000000,0.000000,0.000000,0.000000
5.000000,0.000000,0.000000,0.000000,0.000000,0.000000,0.000000
6.000000,0.000000,0.000000,0.000000,0.000000,0.000000,0.000000
7.000000,0.000000,0.000000,0.000000,0.000000,0.000000,0.000000
8.000000,0.000000,0.000000,0.000000,0.000000,0.000000,0.000000
9.000000,0.000000,0.000000,0.000000,0.000000,0.000000,0.000000
10.000000,0.000000,0.000000,0.000000,0.000000,0.000000,0.000000
11.000000,0.000000,0.000000,0.000000,0.000000,0.000000,0.000000
12.000000,0.000000,0.000000,0.000000,0.000000,0.000000,0.000000
13.000000,0.000000,0.000000,0.000000,0.000000,0.000000,0.000000
14.000000,0.000000,0.000000,0.000000,0.000000,0.000000,0.000000
15.000000,0.000000,0.000000,0.000000,0.000000,0.000000,0.000000
16.000000,0.000000,0.000000,0.000000,0.000000,0.000000,0.000000
17.000000,0.000000,0.000000,0.000000,0.000000,0.000000,0.000000
18.000000,0.000000,0.000000,0.000000,0.000000,0.000000,0.000000
19.000000,0.000000,0.000000,0.000000,0.000000,0.000000,0.000000
20.000000,0.000000,0.000000,0.000000,0.000000,0.000000,0.000000
21.000000,0.000000,0.000000,0.000000,0.000000,0.000000,0.000000
22.000000,0.000000,0.000000,0.000000,0.000000,0.000000,0.000000
23.000000,0.000000,0.000000,0.000000,0.000000,0.000000,0.000000
24.000000,0.000000,0.000000,0.000000,0.000000,0.000000,0.000000
25.000000,0.000000,0.000000,0.000000,0.000000,0.000000,0.000000
26.000000,0.000000,0.000000,0.000000,0.000000,0.000000,0.000000
27.000000,0.000000,0.000000,0.000000,0.000000,0.000000,0.000000
28.000000,0.000000,0.000000,0.000000,0.000000,0.000000,0.000000
29.000000,0.000000,0.000000,0.000000,0.000000,0.000000,0.000000
30.000000,0.000000,0.000000,0.000000,0.000000,0.000000,0.000000
31.000000,0.000000,0.000000,0.000000,0.000000,0.000000,0.000000
32.000000,0.000000,0.000000,0.000000,0.000000,0.000000,0.000000
33.000000,0.000000,0.000000,0.000000,0.000000,0.000000,0.000000
34.000000,0.000000,0.000000,0.000000,0.000000,0.000000,0.000000
35.000000,0.000000,0.000000,0.000000,0.000000,0.000000,0.000000
36.000000,0.000000,0.000000,0.000000,0.000000,0.000000,0.000000
37.000000,0.000000,0.000000,0.000000,0.000000,0.000000,0.000000
38.000000,0.000000,0.000000,0.000000,0.000000,0.000000,0.000000
39.000000,0.000000,0.000000,0.000000,0.000000,0.000000,0.000000
40.000000,0.000000,0.000000,0.000000,0.000000,0.000000,0.000000
41.000000,0.000000,0.000000,0.000000,0.000000,0.000000,0.000000
42.000000,0.000000,0.000000,0.000000,0.000000,0.000000,0.000000
43.000000,0.000000,0.000000,0.000000,0.000000,0.000000,0.000000
44.000000,0.000000,0.000000,0.000000,0.000000,0.000000,0.000000
45.000000,0.000000,0.000000,0.000000,0.000000,0.000000,0.000000
46.000000,0.000000,0.000000,0.000000,0.000000,0.000000,0.000000
47.000000,0.000000,0.000000,0.000000,0.000000,0.000000,0.000000
48.000000,0.000000,0.000000,0.000000,0.000000,0.000000,0.000000
49.000000,0.000000,0.000000,0.000000,0.000000,0.000000,0.000000
50.000000,0.000000,0.000000,0.000000,0.000000,0.000000,0.000000
51.000000,0.000000,0.000000,0.000000,0.000000,0.000000,0.000000
52.000000,0.000000,0.000000,0.000000,0.000000,0.000000,0.000000
53.000000,0.000000,0.000000,0.000000,0.000000,0.000000,0.000000
54.000000,0.000000,0.000000,0.000000,0.000000,0.000000,0.000000
55.000000,0.000000,0.000000,0.000000,0.000000,0.000000,0.000000
56.000000,0.000000,0.000000,0.000000,0.000000,0.000000,0.000000
57.000000,0.000000,0.000000,0.000000,0.000000,0.000000,0.000000
58.000000,0.000000,0.000000,0.000000,0.000000,0.000000,0.000000
59.000000,0.000000,0.000000,0.000000,0.000000,0.000000,0.000000
60.000000,0.000000,0.000000,0.000000,0.000000,0.000000,0.000000
61.000000,0.000000,0.000000,0.000000,0.000000,0.000000,0.000000
62.000000,0.000000,0.000000,0.000000,0.000000,0.000000,0.000000
63.000000,0.000000,0.000000,0.000000,0.000000,0.000000,0.000000
64.000000,0.000000,0.000000,0.000000,0.000000,0.000000,0.000000
65.000000,0.000000,0.000000,0.000000,0.000000,0.000000,0.000000
66.000000,0.000000,0.000000,0.000000,0.000000,0.000000,0.000000
67.000000,0.000000,0.000000,0.000000,0.000000,0.000000,0.000000
68.000000,0.000000,0.000000,0.000000,0.000000,0.000000,0.000000
69.000000,0.000000,0.000000,0.000000,0.000000,0.000000,0.000000
70.000000,0.000000,0.000000,0.000000,0.000000,0.000000,0.000000
71.000000,0.000000,0.000000,0.000000,0.000000,0.000000,0.000000
72.000000,0.000000,0.000000,0.000000,0.000000,0.000000,0.000000
73.000000,0.000000,0.000000,0.000000,0.000000,0.000000,0.000000
74.000000,0.000000,0.000000,0.000000,0.000000,0.000000,0.000000
75.000000,0.000000,0.000000,0.000000,0.000000,0.000000,0.000000
76.000000,0.000000,0.000000,0.000000,0.000000,0.000000,0.000000
77.000000,0.000000,0.000000,0.000000,0.000000,0.000000,0.000000
78.000000,0.000000,0.000000,0.000000,0.000000,0.000000,0.000000
79.000000,0.000000,0.000000,0.000000,0.000000,0.000000,0.000000
80.000000,0.000000,0.000000,0.000000,0.000000,0.000000,0.000000
81.000000,0.000000,0.000000,0.000000,0.000000,0.000000,0.000000
82.000000,0.000000,0.000000,0.000000,0.000000,0.000000,0.000000
83.000000,0.000000,0.000000,0.000000,0.000000,0.000000,0.000000
84.000000,0.000000,0.000000,0.000000,0.000000,0.000000,0.000000
85.000000,0.000000,0.000000,0.000000,0.000000,0.000000,0.000000
86.000000,0.000000,0.000000,0.000000,0.000000,0.000000,0.000000
87.000000,0.000000,0.000000,0.000000,0.000000,0.000000,0.000000
88.000000,0.000000,0.000000,0.000000,0.000000,0.000000,0.000000
89.000000,0.000000,0.000000,0.000000,0.000000,0.000000,0.000000
90.000000,0.000000,0.000000,0.000000,0.000000,0.000000,0.000000
91.000000,0.000000,0.000000,0.000000,0.000000,0.000000,0.000000
92.000000,0.000000,0.000000,0.000000,0.000000,0.000000,0.000000
93.000000,0.000000,0.000000,0.000000,0.000000,0.000000,0.000000
94.000000,0.000000,0.000000,0.000000,0.000000,0.000000,0.000000
95.000000,0.000000,0.000000,0.000000,0.000000,0.000000,0.000000
96.000000,0.000000,0.000000,0.000000,0.000000,0.000000,0.000000
97.000000,0.000000,0.000000,0.000000,0.000000,0.000000,0.000000
98.000000,0.000000,0.000000,0.000000,0.000000,0.000000,0.000000
99.000000,0.000000,0.000000,0.000000,0.000000,0.000000,0.000000
100.000000,0.000000,0.000000,0.000000,0.000000,0.000000,0.000000
101.000000,0.000000,0.000000,0.000000,0.000000,0.000000,0.000000
102.000000,0.000000,0.000000,0.000000,0.000000,0.000000,0.000000
103.000000,0.000000,0.000000,0.000000,0.000000,0.000000,0.000000
104.000000,0.000000,0.000000,0.000000,0.000000,0.000000,0.000000
105.000000,0.000000,0.000000,0.000000,0.000000,0.000000,0.000000
106.000000,0.000000,0.000000,0.000000,0.000000,0.000000,0.000000
107.000000,0.000000,0.000000,0.000000,0.000000,0.000000,0.000000
108.000000,0.000000,0.000000,0.000000,0.000000,0.000000,0.000000
109.000000,0.000000,0.000000,0.000000,0.000000,0.000000,0.000000
110.000000,0.000000,0.000000,0.000000,0.000000,0.000000,0.000000
111.000000,0.000000,0.000000,0.000000,0.000000,0.000000,0.000000
112.000000,0.000000,0.000000,0.000000,0.000000,0.000000,0.000000
113.000000,0.000000,0.000000,0.000000,0.000000,0.000000,0.000000
114.000000,0.000000,0.000000,0.000000,0.000000,0.000000,0.000000
115.000000,0.000000,0.000000,0.000000,0.000000,0.000000,0.000000
116.000000,0.000000,0.000000,0.000000,0.000000,0.000000,0.000000
117.000000,0.000000,0.000000,0.000000,0.000000,0.000000,0.000000
118.000000,0.000000,0.000000,0.000000,0.000000,0.000000,0.000000
119.000000,0.000000,0.000000,0.000000,0.000000,0.000000,0.000000
120.000000,0.000000,0.000000,0.000000,0.000000,0.000000,0.000000
121.000000,0.000000,0.000000,0.000000,0.000000,0.000000,0.000000
122.000000,0.000000,0.000000,0.000000,0.000000,0.000000,0.000000
123.000000,0.000000,0.000000,0.000000,0.000000,0.000000,0.000000
124.000000,0.000000,0.000000,0.000000,0.000000,0.000000,0.000000
125.000000,0.000000,0.000000,0.000000,0.000000,0.000000,0.000000
126.000000,0.000000,0.000000,0.000000,0.000000,0.000000,0.000000
127.000000,0.000000,0.000000,0.000000,0.000000,0.000000,0.000000
128.000000,0.000000,0.000000,0.000000,0.000000,0.000000,0.000000
129.000000,0.000000,0.000000,0.000000,0.000000,0.000000,0.000000
130.000000,0.000000,0.000000,0.000000,0.000000,0.000000,0.000000
131.000000,0.000000,0.000000,0.000000,0.000000,0.000000,0.000000
132.000000,0.000000,0.000000,0.000000,0.000000,0.000000,0.000000
133.000000,0.000000,0.000000,0.000000,0.000000,0.000000,0.000000
134.000000,0.000000,0.000000,0.000000,0.000000,0.000000,0.000000
135.000000,0.000000,0.000000,0.000000,0.000000,0.000000,0.000000
136.000000,0.000000,0.000000,0.000000,0.000000,0.000000,0.000000
137.000000,0.000000,0.000000,0.000000,0.000000,0.000000,0.000000
138.000000,0.000000,0.000000,0.000000,0.000000,0.000000,0.000000
139.000000,0.000000,0.000000,0.000000,0.000000,0.000000,0.000000
140.000000,0.000000,0.000000,0.000000,0.000000,0.000000,0.000000
141.000000,0.000000,0.000000,0.000000,0.000000,0.000000,0.000000
142.000000,0.000000,0.000000,0.000000,0.000000,0.000000,0.000000
143.000000,0.000000,0.000000,0.000000,0.000000,0.000000,0.000000
144.000000,0.000000,0.000000,0.000000,0.000000,0.000000,0.000000
145.000000,0.000000,0.000000,0.000000,0.000000,0.000000,0.000000
146.000000,0.000000,0.000000,0.000000,0.000000,0.000000,0.000000
147.000000,0.000000,0.000000,0.000000,0.000000,0.000000,0.000000
148.000000,0.000000,0.000000,0.000000,0.000000,0.000000,0.000000
149.000000,0.000000,0.000000,0.000000,0.000000,0.000000,0.000000
150.000000,0.000000,0.000000,0.000000,0.000000,0.000000,0.000000
151.000000,0.000000,0.000000,0.000000,0.000000,0.000000,0.000000
152.000000,0.000000,0.000000,0.000000,0.000000,0.000000,0.000000
153.000000,0.000000,0.000000,0.000000,0.000000,0.000000,0.000000
154.000000,0.000000,0.000000,0.000000,0.000000,0.000000,0.000000
155.000000,0.000000,0.000000,0.000000,0.000000,0.000000,0.000000
156.000000,0.000000,0.000000,0.000000,0.000000,0.000000,0.000000
157.000000,0.000000,0.000000,0.000000,0.000000,0.000000,0.000000
158.000000,0.000000,0.000000,0.000000,0.000000,0.000000,0.000000
159.000000,0.000000,0.000000,0.000000,0.000000,0.000000,0.000000
160.000000,0.000000,0.000000,0.000000,0.000000,0.000000,0.000000
161.000000,0.000000,0.000000,0.000000,0.000000,0.000000,0.000000
162.000000,0.000000,0.000000,0.000000,0.000000,0.000000,0.000000
163.000000,0.000000,0.000000,0.000000,0.000000,0.000000,0.000000
164.000000,0.000000,0.000000,0.000000,0.000000,0.000000,0.000000
165.000000,0.000000,0.000000,0.000000,0.000000,0.000000,0.000000
166.000000,0.000000,0.000000,0.000000,0.000000,0.000000,0.000000
167.000000,0.000000,0.000000,0.000000,0.000000,0.000000,0.000000
168.000000,0.000000,0.000000,0.000000,0.000000,0.000000,0.000000
169.000000,0.000000,0.000000,0.000000,0.000000,0.000000,0.000000
170.000000,0.000000,0.000000,0.000000,0.000000,0.000000,0.000000
171.000000,0.000000,0.000000,0.000000,0.000000,0.000000,0.000000
172.000000,0.000000,0.000000,0.000000,0.000000,0.000000,0.000000
173.000000,0.000000,0.000000,0.000000,0.000000,0.000000,0.000000
174.000000,0.000000,0.000000,0.000000,0.000000,0.000000,0.000000
175.000000,0.000000,0.000000,0.000000,0.000000,0.000000,0.000000
176.000000,0.000000,0.000000,0.000000,0.000000,0.000000,0.000000
177.000000,0.000000,0.000000,0.000000,0.000000,0.000000,0.000000
178.000000,0.000000,0.000000,0.000000,0.000000,0.000000,0.000000
179.000000,0.000000,0.000000,0.000000,0.000000,0.000000,0.000000
180.000000,0.000000,0.000000,0.000000,0.000000,0.000000,0.000000
181.000000,0.000000,0.000000,0.000000,0.000000,0.000000,0.000000
182.000000,0.000000,0.000000,0.000000,0.000000,0.000000,0.000000
183.000000,0.000000,0.000000,0.000000,0.000000,0.000000,0.000000
184.000000,0.000000,0.000000,0.000000,0.000000,0.000000,0.000000
185.000000,0.000000,0.000000,0.000000,0.000000,0.000000,0.000000
186.000000,0.000000,0.000000,0.000000,0.000000,0.000000,0.000000
187.000000,0.000000,0.000000,0.000000,0.000000,0.000000,0.000000
188.000000,0.000000,0.000000,0.000000,0.000000,0.000000,0.000000
189.000000,0.000000,0.000000,0.000000,0.000000,0.000000,0.000000
190.000000,0.000000,0.000000,0.000000,0.000000,0.000000,0.000000
191.000000,0.000000,0.000000,0.000000,0.000000,0.000000,0.000000
192.000000,0.000000,0.000000,0.000000,0.000000,0.000000,0.000000
193.000000,0.000192,0.498282,0.498282,0.498282,0.498282,0.870000
194.000000,0.000131,0.500000,0.500000,0.500000,0.500000,0.960000
195.000000,0.000118,0.501894,0.501894,0.501894,0.501894,1.060000
196.000000,0.000145,0.499139,0.499139,0.499139,0.499139,1.160000
197.000000,0.000152,0.500782,0.500782,0.500782,0.500782,1.280000
198.000000,0.000326,0.501422,0.501422,0.501422,0.501422,1.410000
199.000000,0.000379,0.500970,0.500970,0.500970,0.500970,1.550000
200.000000,0.000286,0.499412,0.499412,0.499412,0.499412,1.700000
201.000000,0.000789,0.499466,0.499466,0.499466,0.499466,1.870000
202.000000,0.001464,0.500243,0.500243,0.500243,0.500243,2.060000
203.000000,0.003641,0.501104,0.501104,0.501104,0.501104,2.270000
204.000000,0.006286,0.499599,0.499599,0.499599,0.499599,2.490000
205.000000,0.048803,0.499818,0.499818,0.499818,0.499818,2.740000
206.000000,0.518187,-0.207297,-0.024876,-0.492537,-0.472637,2.970000
207.000000,0.331598,-0.054945,-0.007326,-0.272894,-0.186813,1.490000
208.000000,0.366749,0.049467,0.418569,0.005708,0.281583,2.200000
209.000000,0.238426,-0.036023,0.007205,-0.158501,-0.077450,0.920000
210.000000,0.217919,-0.045737,0.049396,-0.170143,-0.058544,1.200000
211.000000,0.193333,-0.038874,-0.020363,-0.275824,-0.251759,1.490000
212.000000,0.109323,-0.087719,-0.068226,-0.134503,-0.089669,0.690000
213.000000,0.087994,0.011909,0.103216,-0.031759,0.019849,0.680000
214.000000,0.096050,-0.015817,-0.007908,-0.195730,-0.195730,0.990000
215.000000,0.085326,0.008230,0.078189,-0.125514,-0.104938,0.990000
216.000000,0.098438,-0.029424,0.033628,-0.187053,-0.157629,1.050000
217.000000,0.102296,-0.058594,-0.056424,-0.466580,-0.312500,2.150000
218.000000,0.115416,-0.069444,0.328704,-0.138889,0.208333,2.020000
219.000000,0.054501,-0.033333,-0.024444,-0.104444,-0.055556,0.470000
220.000000,0.081354,-0.067416,0.168539,-0.155056,0.069663,1.440000
221.000000,0.101500,0.000000,0.347961,-0.044326,0.212766,1.770000
222.000000,0.076861,-0.031888,0.112670,-0.034014,0.023384,0.690000
223.000000,0.073760,0.035971,0.110030,-0.067711,-0.055015,0.840000
224.000000,0.061175,-0.121951,0.083440,-0.124091,0.023534,0.970000
225.000000,0.055288,0.014906,0.025554,-0.080920,-0.004259,0.500000
226.000000,0.051572,0.012788,0.066070,-0.068201,0.010656,0.630000
227.000000,0.112188,0.029775,0.261591,-0.021268,0.236070,1.330000
228.000000,0.097836,0.000000,0.073111,-0.069050,0.022340,0.700000
229.000000,0.145797,-0.026284,0.155681,-0.064699,0.099070,1.090000
230.000000,0.095506,-0.063442,0.017843,-0.063442,-0.041634,0.410000
231.000000,0.088657,-0.011995,0.013994,-0.111955,-0.111955,0.630000
232.000000,0.150292,-0.014315,0.501022,-0.071575,0.501022,2.800000
233.000000,0.332286,0.167286,0.167286,-0.111524,0.026022,1.500000
234.000000,0.277135,-0.062870,0.266272,-0.094305,0.042530,1.950000
235.000000,0.166772,-0.097176,-0.077008,-0.232857,-0.165017,1.270000
236.000000,0.135445,-0.043610,0.117558,-0.113766,-0.108077,1.220000
237.000000,0.137575,-0.065891,0.168605,-0.135659,0.096899,1.570000
238.000000,0.215645,-0.003802,0.209125,-0.038023,0.153992,1.300000
239.000000,0.150865,-0.075618,-0.029509,-0.226854,-0.197344,1.230000
240.000000,0.372920,0.001920,0.499232,-0.030722,0.499232,2.760000
241.000000,0.400913,0.499302,0.499302,0.338687,0.499302,2.860000
242.000000,0.478287,0.000000,0.492063,-0.065079,0.169841,3.510000
243.000000,0.427846,-0.087504,0.465152,-0.256371,0.251765,4.700000
244.000000,0.296126,-0.083309,0.010231,-0.249927,-0.249927,1.780000
245.000000,0.214693,-0.076923,0.115385,-0.184615,0.003077,1.950000
246.000000,0.160287,-0.079951,0.098401,-0.156827,0.046125,1.660000
247.000000,0.223400,0.028946,0.161487,-0.071603,0.153870,1.530000
248.000000,0.156336,-0.029560,-0.029560,-0.159622,-0.106414,1.080000
249.000000,0.140536,-0.025672,0.040773,-0.151012,-0.119299,1.270000
250.000000,0.174266,0.043317,0.049505,-0.358911,-0.236696,2.640000
251.000000,0.098559,0.042222,0.112049,-0.053589,0.035726,1.020000
252.000000,0.108900,-0.012899,0.120929,-0.130603,0.103193,1.560000
253.000000,0.116284,-0.014218,0.048973,-0.099526,-0.011058,0.940000
254.000000,0.091378,-0.001583,0.060165,-0.060165,-0.030082,0.760000
255.000000,0.216373,0.017522,0.329723,0.015929,0.248487,2.070000
256.000000,0.166858,-0.037936,0.053111,-0.151745,-0.139605,1.350000
257.000000,0.108058,-0.067125,0.071808,-0.171714,0.062441,1.560000
258.000000,0.143429,0.000000,0.115634,-0.047795,0.097132,1.060000
259.000000,0.248459,-0.054446,0.369026,-0.081670,0.142166,2.980000
260.000000,0.208161,0.014706,0.036765,-0.438235,-0.202941,3.230000
261.000000,0.115044,-0.076640,-0.021459,-0.139485,-0.102698,0.910000
262.000000,0.072037,0.000000,0.067293,-0.054773,0.010955,0.780000
263.000000,0.077332,-0.059338,0.090568,-0.060899,-0.040600,0.970000
264.000000,0.156797,0.000000,0.045655,-0.450252,-0.330605,3.150000
265.000000,0.155235,-0.144976,-0.111261,-0.500674,-0.465273,2.970000
266.000000,0.107041,0.063197,0.254647,0.001859,0.148699,1.370000
267.000000,0.074477,-0.083032,0.090253,-0.178700,0.018051,1.490000
268.000000,0.075917,0.001799,0.179856,-0.044964,0.068345,1.250000
269.000000,0.051023,-0.014194,0.046132,-0.092264,-0.085167,0.780000
270.000000,0.098752,-0.014440,-0.012635,-0.442238,-0.283394,2.450000
271.000000,0.064310,-0.044011,0.105243,-0.082281,0.089935,0.980000
272.000000,0.037037,0.011278,0.033835,-0.112782,-0.112782,0.780000
273.000000,0.031895,0.015385,0.142308,0.001923,0.036538,0.740000
274.000000,0.040183,-0.082092,-0.026728,-0.133639,-0.131730,0.700000
275.000000,0.066584,-0.113725,0.111765,-0.317647,0.011765,2.190000
276.000000,0.033212,0.007825,0.007825,-0.166275,-0.140845,0.890000
277.000000,0.036653,-0.042271,0.112721,-0.068438,0.108696,0.900000
278.000000,0.100151,0.000000,0.265957,-0.005910,0.232467,1.380000
279.000000,0.054771,-0.065889,-0.065889,-0.167545,-0.131777,0.890000
280.000000,0.048431,-0.044470,-0.036736,-0.489172,-0.392498,2.530000
281.000000,0.041354,0.000000,0.094419,-0.111204,-0.025178,0.980000
282.000000,0.030508,0.002109,0.103332,0.002109,0.027415,0.490000
283.000000,0.065131,-0.010487,0.144715,-0.174077,0.102768,1.520000
284.000000,0.032162,-0.010275,0.012330,-0.065762,-0.024661,0.380000
285.000000,0.028652,-0.002065,0.057827,-0.035109,0.000000,0.450000
286.000000,0.028560,0.000000,0.049566,-0.033044,0.030979,0.400000
287.000000,0.026803,0.004105,0.020525,-0.057471,-0.053366,0.380000
288.000000,0.030549,-0.020747,-0.010373,-0.161826,-0.161826,0.780000
289.000000,0.030178,0.049314,0.049314,-0.280875,-0.240137,1.540000
290.000000,0.021914,0.000000,0.137387,-0.033784,0.119369,0.760000
291.000000,0.026797,-0.037396,0.079190,-0.094589,-0.094589,0.790000
292.000000,0.028622,-0.051570,0.136771,-0.062780,0.118834,0.890000
293.000000,0.018535,0.000000,0.043802,-0.059133,-0.026281,0.470000
294.000000,0.024844,0.055042,0.055042,-0.092470,-0.088067,0.670000
295.000000,0.033580,-0.011206,0.147916,-0.056029,0.147916,0.910000
296.000000,0.039028,-0.015237,0.106661,-0.045712,0.002177,0.700000
297.000000,0.031528,-0.060923,0.071802,-0.082681,-0.056571,0.710000
298.000000,0.027845,0.000000,0.050616,-0.092430,-0.074824,0.650000
299.000000,0.039997,0.000000,0.026810,-0.315013,-0.301609,1.530000
300.000000,0.034896,0.014265,0.028531,-0.356633,-0.351878,1.620000
301.000000,0.027686,0.007673,0.107417,-0.112532,0.066496,0.860000
302.000000,0.021463,-0.045432,0.073195,-0.141343,0.022716,0.850000
303.000000,0.062529,0.000000,0.500000,-0.062814,0.500000,2.240000
304.000000,0.112186,0.155322,0.367748,-0.006852,0.004568,1.640000
305.000000,0.059025,-0.031949,-0.025103,-0.310361,-0.310361,1.360000
306.000000,0.060025,-0.068127,0.304136,-0.133820,0.189781,1.800000
307.000000,0.072449,-0.021097,0.321144,-0.030474,0.117206,1.500000
308.000000,0.033135,-0.075584,0.116812,-0.075584,0.043518,0.840000
309.000000,0.056296,-0.015895,0.197548,-0.031789,0.127157,1.010000
310.000000,0.037726,-0.028787,0.048716,-0.070859,-0.039858,0.540000
311.000000,0.046507,-0.053571,0.020089,-0.142857,-0.104911,0.730000
312.000000,0.033324,-0.048039,0.112016,-0.093753,-0.080027,0.902500
313.000000,0.029392,-0.041823,0.125446,-0.083646,0.113838,0.902400
314.000000,0.038061,0.000000,0.061327,-0.043158,0.049977,0.461200
315.000000,0.052412,-0.029227,0.116954,-0.040487,0.083218,0.701900
316.000000,0.032223,-0.035390,-0.002206,-0.110604,-0.097344,0.501300
317.000000,0.026516,-0.004500,0.040615,-0.049638,-0.015796,0.401100
318.000000,0.022525,0.049796,0.049796,-0.031692,-0.018103,0.361000
319.000000,0.030773,0.009085,0.036338,-0.104507,-0.093134,0.621700
320.000000,0.029913,0.018514,0.074079,-0.185187,-0.159724,1.123100
321.000000,0.028479,-0.002385,0.009563,-0.162610,-0.050221,0.722000
322.000000,0.020681,-0.012068,0.057981,-0.031387,0.033820,0.371000
323.000000,0.032535,0.000000,0.191941,-0.031201,0.074388,0.932600
324.000000,0.018031,0.000000,0.000000,-0.125306,-0.106399,0.531500
325.000000,0.016525,0.000000,0.031412,-0.019319,0.007251,0.210600
326.000000,0.017256,-0.002405,0.072354,-0.050657,0.050657,0.511400
327.000000,0.017265,-0.021503,0.064460,-0.035814,0.035814,0.421100
328.000000,0.011415,0.014233,0.028443,-0.045040,-0.030831,0.310800
329.000000,0.027844,0.004782,0.100203,0.004782,0.069181,0.421200
330.000000,0.025502,0.023536,0.058827,-0.051764,0.014126,0.471300
331.000000,0.050236,0.004680,0.244005,-0.032852,0.114959,1.183200
332.000000,0.040305,-0.066515,-0.038976,-0.252291,-0.206407,1.103000
333.000000,0.021625,-0.055040,0.023906,-0.057426,-0.057426,0.340900
334.000000,0.029854,-0.009678,0.130692,-0.009678,0.121014,0.581600
335.000000,0.085360,-0.030729,0.193751,-0.059077,0.193751,1.072900
336.000000,0.049114,-0.027291,0.002291,-0.222934,-0.207008,0.992800
337.000000,0.047324,-0.052206,-0.021346,-0.460367,-0.455610,1.945300
338.000000,0.022220,-0.007838,0.075719,-0.065278,0.039162,0.541500
339.000000,0.018604,-0.033690,0.103628,-0.051827,0.088075,0.601700
340.000000,0.024546,-0.025465,0.112015,-0.056007,-0.048365,0.661800
341.000000,0.018746,-0.012844,0.025714,-0.082268,-0.061708,0.421200
342.000000,0.013685,0.026035,0.059883,-0.018222,0.031252,0.300900
343.000000,0.014101,-0.007765,0.015503,-0.046561,-0.023294,0.240600
344.000000,0.017831,-0.010393,0.028586,-0.085758,-0.070156,0.441200
345.000000,0.032398,-0.015824,0.163416,-0.031648,0.139680,0.742100
346.000000,0.019800,-0.025622,0.012837,-0.076918,-0.058967,0.351000
347.000000,0.018190,0.010376,0.031129,-0.044119,-0.025954,0.290800
348.000000,0.022966,0.000000,0.023488,-0.075641,-0.007829,0.381100
349.000000,0.021387,0.015683,0.015683,-0.112310,-0.112310,0.491300
350.000000,0.015381,-0.002692,0.098874,-0.018709,0.034726,0.441200
351.000000,0.029739,0.015933,0.023900,-0.116771,-0.114125,0.531500
352.000000,0.015237,0.010888,0.103221,-0.002709,0.051624,0.391100
353.000000,0.013856,0.002681,0.024181,-0.053777,0.005362,0.290800
354.000000,0.069045,0.016121,0.306116,-0.037598,0.255101,1.283500
355.000000,0.033582,-0.074094,-0.056208,-0.168623,-0.150737,0.661800
356.000000,0.015877,-0.007908,-0.007908,-0.097467,-0.094840,0.371000
357.000000,0.015810,0.000000,0.088613,-0.018799,0.069814,0.401100
358.000000,0.015600,-0.013232,0.058262,-0.021181,0.007950,0.300800
359.000000,0.024145,0.034385,0.100492,-0.015874,0.066107,0.441300
360.000000,0.018835,-0.023474,0.026103,-0.026103,0.018269,0.200600
361.000000,0.018620,0.000000,0.031194,-0.080616,-0.080616,0.431200
362.000000,0.028089,0.010595,0.121575,0.007933,0.092506,0.461300
363.000000,0.028560,0.033743,0.046706,-0.012964,0.028541,0.230600
364.000000,0.021649,-0.007745,0.015489,-0.074821,-0.005172,0.351000
365.000000,0.039964,0.000000,0.103307,-0.054216,-0.002576,0.611600
366.000000,0.027506,-0.031000,0.074937,-0.031000,0.046513,0.411100
367.000000,0.062935,0.000000,0.181786,0.000000,0.087038,0.712000
368.000000,0.053681,-0.002509,0.140933,-0.022636,0.052850,0.651800
369.000000,0.027416,-0.019916,0.017432,-0.094611,-0.074696,0.451200
370.000000,0.035108,0.010109,0.133961,-0.007588,0.126398,0.561500
371.000000,0.036023,0.002459,0.049298,-0.044380,0.019719,0.381000
372.000000,0.024506,-0.007372,0.017193,-0.056476,-0.039308,0.300800
373.000000,0.017802,0.032189,0.032189,-0.024734,0.019822,0.230600
374.000000,0.022466,-0.007401,0.017260,-0.081360,-0.014802,0.401100
375.000000,0.035565,0.000000,0.101379,-0.046978,0.017312,0.601600
376.000000,0.022571,-0.014794,0.034504,-0.029564,-0.014794,0.260700
377.000000,0.024285,-0.007419,0.086515,-0.042001,0.056864,0.521400
378.000000,0.029119,-0.014671,0.019546,-0.112424,-0.102651,0.541500
379.000000,0.016799,-0.009978,0.047400,-0.034934,0.037422,0.330900
380.000000,0.141761,0.200590,0.500264,0.200590,0.500264,2.025600
381.000000,0.288703,0.002245,0.490753,-0.123839,0.222869,2.737500
382.000000,0.138487,-0.040965,-0.008619,-0.237066,-0.105616,1.103000
383.000000,0.116846,-0.024218,-0.024218,-0.200354,-0.154113,0.912500
384.000000,0.079591,0.018169,0.070434,-0.054530,0.031807,0.551600
385.000000,0.066371,-0.033858,-0.031606,-0.144480,-0.142206,0.641800
386.000000,0.050758,-0.060406,0.074332,-0.109203,0.016266,0.792100
387.000000,0.040504,-0.018546,0.020832,-0.134324,-0.127395,0.671800
388.000000,0.040028,0.004764,0.106955,-0.078421,-0.019007,0.782200
389.000000,0.035384,-0.007161,0.095421,-0.054859,0.069181,0.631700
390.000000,0.031014,-0.025882,0.028252,-0.044701,-0.039985,0.310900
391.000000,0.029162,0.000000,0.092488,-0.002389,0.035576,0.401100
392.000000,0.034900,0.087137,0.115393,0.016488,0.087137,0.491300
393.000000,0.097958,0.000000,0.217598,0.000000,0.162033,0.942600
394.000000,0.087662,0.000000,0.143508,-0.103148,-0.098653,1.103100
395.000000,0.048247,-0.011428,0.029745,-0.169253,-0.109786,0.872400
396.000000,0.113454,-0.004688,0.425634,-0.037432,0.250226,1.985500
397.000000,0.072955,-0.024499,0.002221,-0.167026,-0.115807,0.762000
398.000000,0.036554,-0.009118,-0.002274,-0.107162,-0.061573,0.471300
399.000000,0.036519,0.002325,0.126984,-0.036926,-0.029996,0.712000
400.000000,0.049176,-0.051091,-0.018574,-0.246167,-0.218306,1.062900
401.000000,0.019797,-0.019422,0.034001,-0.021844,0.019422,0.230600
402.000000,0.024224,0.002436,0.140303,0.002436,0.062890,0.581600
403.000000,0.024870,-0.031043,0.002406,-0.150496,-0.105111,0.641800
404.000000,0.021790,-0.002434,0.097610,-0.007301,0.095176,0.431100
405.000000,0.020649,0.000000,0.050293,-0.088598,0.014376,0.581600
406.000000,0.038806,-0.004786,0.085963,-0.057317,0.085963,0.601700
407.000000,0.042207,0.023457,0.061030,-0.197182,-0.183113,1.103000
408.000000,0.037040,-0.048721,-0.004860,-0.194934,-0.092583,0.802200
409.000000,0.016737,0.002476,0.024833,-0.047165,-0.014905,0.290800
410.000000,0.022783,-0.017432,0.007475,-0.129476,-0.107077,0.551500
411.000000,0.023983,0.012739,0.040728,-0.147560,-0.109395,0.742000
412.000000,0.015474,0.049422,0.137863,0.002594,0.119651,0.531400
413.000000,0.019856,0.027947,0.030506,-0.091467,0.017787,0.481400
414.000000,0.018883,-0.017724,0.045571,-0.035447,-0.010124,0.320900
415.000000,0.014828,0.015230,0.015230,-0.038049,-0.010145,0.210600
416.000000,0.025997,-0.015261,0.139805,-0.015261,0.076253,0.611700
417.000000,0.019760,-0.017528,0.087642,-0.042547,0.017528,0.521400
418.000000,0.022464,0.000000,0.002488,-0.132223,-0.127246,0.541400
419.000000,0.017006,0.000000,0.000000,-0.102408,-0.089591,0.401100
420.000000,0.016164,-0.052151,0.031275,-0.078227,-0.073001,0.421200
421.000000,0.038330,0.002638,0.002638,-0.407402,-0.362446,1.554200
422.000000,0.017378,0.014279,0.017124,-0.122625,-0.022813,0.491300
423.000000,0.014436,0.028661,0.028661,-0.051578,0.011459,0.280800
424.000000,0.015515,-0.037148,0.140097,-0.037148,0.094339,0.621700
425.000000,0.111202,0.227268,0.471380,0.227268,0.241314,1.684600
426.000000,0.051345,0.032112,0.034782,-0.449678,-0.206100,1.814900
427.000000,0.033847,-0.203796,-0.064229,-0.203796,-0.198228,0.732000
428.000000,0.040400,0.043602,0.043602,-0.232561,-0.063953,0.952600
429.000000,0.020063,-0.067718,-0.035327,-0.147212,-0.070655,0.501300
430.000000,0.017735,0.000000,0.002979,-0.071697,-0.056774,0.250700
431.000000,0.014716,0.009069,0.027206,-0.045314,0.024194,0.240700
432.000000,0.015899,0.002998,0.012024,-0.168390,-0.153338,0.601700
433.000000,0.042414,-0.065144,-0.062051,-0.471474,-0.384615,1.524200
434.000000,0.025369,0.016789,0.040313,-0.221771,0.040313,0.782100
435.000000,0.013339,0.000000,0.013330,-0.096668,-0.076657,0.330900
436.000000,0.016868,-0.084636,0.094764,-0.084636,0.043989,0.531400
437.000000,0.010443,0.030219,0.201361,0.016800,0.147649,0.601700
438.000000,0.007301,0.013035,0.013035,-0.140131,-0.081491,0.471200
439.000000,0.006700,0.013284,0.026534,-0.016555,0.013284,0.130400
440.000000,0.005242,0.000000,0.006591,-0.072702,-0.042975,0.240600
441.000000,0.008017,0.000000,0.099993,-0.036666,0.056678,0.411100
442.000000,0.004875,-0.006607,0.009861,-0.092298,-0.092298,0.310800
443.000000,0.005683,0.016777,0.080605,-0.013429,0.050366,0.280800
444.000000,0.012539,0.013295,0.013295,-0.262645,-0.212748,0.832300
445.000000,0.008991,0.000000,0.013886,-0.152775,-0.038194,0.481300
446.000000,0.006983,0.003489,0.045467,-0.101471,-0.042012,0.421100
447.000000,0.014901,-0.052925,0.289363,-0.141145,0.137626,1.223400
448.000000,0.022728,-0.061815,0.302194,-0.092706,0.202604,1.153100
449.000000,0.013164,-0.039595,-0.003291,-0.115492,-0.079189,0.350900
450.000000,0.010018,-0.053676,0.030165,-0.073775,-0.063742,0.310800
451.000000,0.006331,0.027201,0.054369,-0.010162,0.047560,0.190500
452.000000,0.006447,0.000000,0.010100,-0.053823,0.006745,0.190500
453.000000,0.010058,0.030226,0.036962,-0.033611,0.023524,0.210600
454.000000,0.008547,-0.016743,0.033420,-0.030118,-0.003369,0.190500
455.000000,0.013087,-0.010013,0.046860,-0.046826,0.046860,0.280700
456.000000,0.010388,-0.036472,-0.006613,-0.049731,-0.029825,0.150400
457.000000,0.050914,-0.006686,0.500329,-0.020025,0.500329,1.564300
458.000000,0.080219,0.142514,0.500296,0.106107,0.500296,1.654500
459.000000,0.139502,0.206738,0.498909,0.201213,0.498909,1.815000
460.000000,0.153769,-0.042615,0.476188,-0.238094,0.225547,2.857800
461.000000,0.168178,-0.059956,0.448460,-0.179843,0.249413,2.627200
462.000000,0.171446,-0.454556,0.370023,-0.454556,0.068519,3.619900
463.000000,0.106119,-0.117164,-0.099143,-0.500229,-0.500229,2.226100
464.000000,0.096162,0.012535,0.182774,-0.130189,-0.020025,1.253400
465.000000,0.102927,0.090501,0.201108,-0.072902,-0.020106,1.093000
466.000000,0.078964,-0.229683,-0.174157,-0.499741,-0.499741,1.985400
467.000000,0.059090,0.075704,0.100929,-0.078528,0.047654,0.641700
468.000000,0.067043,0.050002,0.150006,-0.044434,0.025015,0.701900
469.000000,0.068818,-0.058050,0.152015,-0.113343,0.077372,0.962700
470.000000,0.055607,-0.100704,0.000000,-0.315711,-0.231348,1.163100
471.000000,0.049880,0.108436,0.185508,-0.002846,0.156962,0.661800
472.000000,0.070230,0.005547,0.152184,-0.102376,-0.049808,0.922500
473.000000,0.067121,-0.100619,-0.083840,-0.500279,-0.500279,1.794900
474.000000,0.040616,0.003097,0.083870,-0.341611,-0.186322,1.373800
475.000000,0.027990,-0.048383,-0.035483,-0.322599,-0.138716,1.002800
476.000000,0.022744,-0.119447,0.109488,-0.119447,0.063032,0.691900
477.000000,0.027592,-0.134331,-0.058980,-0.491478,-0.471807,1.504100
478.000000,0.031160,0.112138,0.209844,-0.238781,0.014468,1.243400
479.000000,0.052656,0.003598,0.501439,-0.068535,0.400417,1.584300
480.000000,0.047346,0.317301,0.317301,-0.257178,-0.173673,1.724700
481.000000,0.026705,0.121121,0.183373,-0.038062,0.089961,0.641700
482.000000,0.021017,0.030610,0.095185,-0.054372,-0.044202,0.441200
483.000000,0.015290,0.000000,0.017168,-0.157730,-0.150890,0.511400
484.000000,0.016916,0.007088,0.194517,0.007088,0.137918,0.551600
485.000000,0.024499,0.000000,0.227114,-0.017193,0.127318,0.711900
486.000000,0.043486,-0.010073,0.500007,-0.033532,0.500007,1.594300
487.000000,0.069741,0.000000,0.329482,-0.021357,0.030514,1.153200
488.000000,0.039784,-0.124311,-0.033353,-0.254699,-0.057604,0.842300
489.000000,0.047562,-0.128849,0.214718,-0.138057,0.098136,1.153200
490.000000,0.029586,-0.099277,0.024092,-0.174492,-0.132369,0.661900
491.000000,0.040763,0.024747,0.305930,-0.058708,0.219424,1.183200
492.000000,0.038381,-0.032563,0.076965,-0.082899,-0.041449,0.541500
493.000000,0.036873,-0.023875,0.137325,-0.059717,0.041796,0.661900
494.000000,0.057802,-0.020725,0.290116,-0.056240,0.139139,1.173200
495.000000,0.066398,-0.074881,0.184316,-0.132500,0.115208,1.103000
496.000000,0.052937,-0.070387,0.067551,-0.095740,0.011259,0.581600
497.000000,0.034839,0.000000,0.000000,-0.224721,-0.196624,0.802200
498.000000,0.032351,-0.029247,0.058465,-0.178370,-0.160845,0.812200
499.000000,0.024397,-0.021120,0.069508,-0.105723,0.030219,0.581600
500.000000,0.017573,-0.002995,0.057051,-0.042047,-0.012009,0.330900
501.000000,0.020050,-0.063222,0.087298,-0.078262,0.087298,0.551500
502.000000,0.101629,-0.056207,0.499991,-0.088751,0.499991,1.995400
503.000000,0.154134,0.387320,0.387320,-0.086047,-0.037632,1.764800
504.000000,0.090718,-0.094862,0.149049,-0.173454,0.070457,1.193300
505.000000,0.079037,-0.296648,-0.061483,-0.489039,-0.486374,1.835000
506.000000,0.056906,-0.396692,0.239781,-0.396692,0.097690,2.155900
507.000000,0.074009,0.069670,0.360047,-0.055162,0.145189,1.433900
508.000000,0.079891,-0.011312,0.299095,-0.090300,0.158003,1.383800
509.000000,0.060614,-0.087534,0.112138,-0.128559,-0.043780,0.882400
510.000000,0.083153,0.044167,0.350448,-0.016539,0.182145,1.333600
511.000000,0.051702,-0.026631,0.055890,-0.082548,-0.047925,0.521400
512.000000,0.065794,-0.153236,0.161278,-0.155917,0.086001,1.183200
513.000000,0.081796,0.060801,0.240489,-0.031705,0.113642,1.032800
514.000000,0.049731,-0.072334,-0.028423,-0.271324,-0.118848,1.052900
515.000000,0.074772,-0.262066,0.029116,-0.341467,-0.076761,1.403900
516.000000,0.038041,-0.064527,-0.021527,-0.145166,-0.112916,0.541500
517.000000,0.029167,-0.019254,0.104527,-0.024740,0.013769,0.471300
518.000000,0.030302,0.019174,0.076778,-0.117943,-0.112473,0.711900
519.000000,0.030144,0.050507,0.050507,-0.232864,-0.199202,1.012700
520.000000,0.038700,-0.029230,0.093519,-0.441280,-0.300987,1.835100
521.000000,0.031010,0.031072,0.143016,-0.226989,0.055972,1.193200
522.000000,0.019952,-0.033825,0.064552,-0.107638,-0.012328,0.561500
523.000000,0.013444,-0.036983,0.018507,-0.160289,-0.141782,0.581600
524.000000,0.010290,-0.057109,0.066632,-0.193537,-0.034898,0.822300
525.000000,0.015098,0.019149,0.252375,0.009590,0.201269,0.792100
526.000000,0.020421,-0.039909,0.092131,-0.107506,0.052222,0.651800
527.000000,0.014114,-0.015217,0.030373,-0.218853,-0.203667,0.822200
528.000000,0.011988,0.006351,0.190132,-0.006320,0.104562,0.621700
529.000000,0.020573,0.000000,0.173826,-0.006190,0.149002,0.581600
530.000000,0.016223,0.006011,0.015058,-0.232094,-0.030146,0.822300
531.000000,0.011751,-0.033353,-0.003024,-0.094012,-0.072784,0.310900
532.000000,0.014931,0.000000,0.107705,-0.006137,0.061555,0.371000
533.000000,0.028586,0.003031,0.501513,0.003031,0.501513,1.654500
534.000000,0.110191,0.220997,0.475134,-0.055263,0.096696,1.925300
535.000000,0.051730,-0.192426,-0.043377,-0.192426,-0.165319,0.712000
536.000000,0.052411,-0.011208,0.274668,-0.114904,0.072866,1.393800
537.000000,0.030471,-0.157469,-0.063528,-0.209950,-0.069065,0.762100
538.000000,0.031921,-0.070032,0.176463,-0.070032,0.114839,0.882400
539.000000,0.041032,-0.071191,0.093119,-0.120481,-0.049290,0.782200
540.000000,0.024781,-0.049781,0.047023,-0.096776,-0.035936,0.521400
541.000000,0.024347,-0.058503,-0.019501,-0.178286,-0.097504,0.641800
542.000000,0.020117,0.019889,0.107971,0.000000,0.059666,0.381100
543.000000,0.048195,-0.033681,0.213368,-0.042108,0.160033,0.912500
544.000000,0.029487,0.032636,0.057107,-0.155070,-0.146904,0.782100
545.000000,0.022611,-0.044860,0.128907,-0.053245,0.095283,0.651700
546.000000,0.077537,0.005513,0.500554,-0.030253,0.500554,1.935300
547.000000,0.134692,0.190578,0.499008,-0.135404,0.499008,2.544600
548.000000,0.189649,-0.029629,0.357970,-0.339722,-0.300957,3.077700
549.000000,0.096259,-0.473064,-0.329929,-0.499766,-0.499766,2.071900
550.000000,0.083339,-0.067375,0.256073,-0.172484,0.180604,1.599100
551.000000,0.070143,-0.288763,-0.189905,-0.499490,-0.418842,1.931100
552.000000,0.042172,0.000000,0.051125,-0.227142,-0.201593,0.985700
553.000000,0.034559,0.017768,0.174557,0.008884,0.150906,0.593400
554.000000,0.055877,-0.037349,0.275695,-0.089033,0.238374,1.277300
555.000000,0.033350,-0.038375,-0.038375,-0.169964,-0.142545,0.623600
556.000000,0.029721,0.042307,0.146728,-0.014112,0.079003,0.573300
557.000000,0.026200,0.000000,0.000000,-0.233350,-0.183333,0.844900
558.000000,0.030557,0.000000,0.222020,-0.095155,0.167231,1.106300
559.000000,0.025618,-0.061365,0.016756,-0.186926,-0.164621,0.734200
560.000000,0.018242,-0.095211,0.060586,-0.121172,-0.043259,0.633600
561.000000,0.028424,0.034898,0.049453,-0.419093,-0.340529,1.619200
562.000000,0.027056,-0.003105,-0.003105,-0.499683,-0.493442,1.609200
563.000000,0.022211,0.058912,0.239094,0.003480,0.183662,0.694000
564.000000,0.022835,-0.020072,0.173798,-0.046789,-0.003356,0.663800
565.000000,0.016683,-0.030094,0.133778,-0.040137,0.100325,0.523000
566.000000,0.016427,0.016397,0.180339,0.006585,0.006585,0.553200
567.000000,0.014078,-0.078591,0.085135,-0.127718,0.075303,0.653800
568.000000,0.016142,-0.109691,0.003207,-0.145164,-0.119377,0.462600
569.000000,0.012375,0.000000,0.052901,-0.135473,-0.135473,0.573300
570.000000,0.024268,0.033975,0.499331,0.033975,0.499331,1.478500
571.000000,0.047227,0.027789,0.219243,-0.089570,-0.052508,1.005700
572.000000,0.028024,-0.040590,0.146689,-0.087387,0.124843,0.754300
573.000000,0.035399,-0.097459,0.271003,-0.194888,0.066971,1.538800
574.000000,0.021134,-0.099159,0.012040,-0.228343,-0.228343,0.804600
575.000000,0.024152,0.009423,0.176314,-0.018909,0.157405,0.623600
576.000000,0.035347,0.186229,0.326630,0.045799,0.088532,1.076200
577.000000,0.044993,-0.053978,0.251968,-0.056990,0.197960,1.036000
578.000000,0.034578,-0.129835,-0.126938,-0.369310,-0.178889,1.287400
579.000000,0.027883,-0.023920,0.104753,-0.035880,0.080804,0.472700
580.000000,0.033216,-0.038266,0.153123,-0.106015,0.000000,0.885100
581.000000,0.020203,-0.114827,-0.032381,-0.200231,-0.135439,0.683900
582.000000,0.013196,0.087751,0.108936,-0.021185,0.042371,0.432400
583.000000,0.016860,0.005998,0.093011,-0.054040,-0.027035,0.492800
584.000000,0.019375,0.006060,0.009061,-0.232338,-0.178034,0.804600
585.000000,0.011944,-0.025012,0.093890,-0.025012,0.059451,0.382200
586.000000,0.027977,-0.120580,-0.120580,-0.414343,-0.284478,1.347700
587.000000,0.017576,-0.062297,0.111489,-0.062297,0.111489,0.533100
588.000000,0.012774,-0.003221,0.060938,-0.012819,0.009630,0.231300
589.000000,0.011485,0.012794,0.019192,-0.096053,-0.012826,0.362100
590.000000,0.012877,-0.064168,-0.060978,-0.150832,-0.121923,0.472700
591.000000,0.016479,-0.013181,-0.013181,-0.223711,-0.177660,0.684000
592.000000,0.006881,-0.061379,0.095528,-0.068195,0.017057,0.482800
593.000000,0.008433,0.016999,0.050998,-0.112169,-0.101962,0.482800
594.000000,0.020594,-0.003484,0.249810,-0.367798,0.090216,1.790200
595.000000,0.009773,-0.061337,-0.057948,-0.238571,-0.228371,0.704000
596.000000,0.009343,0.000000,0.024999,-0.214266,-0.185717,0.673800
597.000000,0.006989,-0.022238,0.126129,-0.022238,0.122404,0.402300
598.000000,0.007264,0.000000,0.065193,-0.068757,-0.032579,0.372100
599.000000,0.009971,-0.069244,0.131205,-0.080151,0.076527,0.583300
600.000000,0.017949,-0.028693,0.373299,-0.046645,0.190254,1.176700
601.000000,0.009974,-0.079521,0.017293,-0.107197,-0.006910,0.362100
602.000000,0.008015,-0.055394,0.079631,-0.055394,0.003443,0.392200
603.000000,0.008135,0.017305,0.024220,-0.145322,-0.145322,0.492800
604.000000,0.006354,-0.089081,0.010701,-0.131849,-0.042769,0.402300
605.000000,0.006293,0.035954,0.093459,-0.118620,-0.104217,0.593400
606.000000,0.005578,0.062379,0.066066,-0.179910,0.066066,0.673900
607.000000,0.008551,0.000000,0.206528,-0.018120,0.090565,0.623600
608.000000,0.005921,-0.056932,0.010686,-0.096066,-0.088954,0.301700
609.000000,0.006594,0.028964,0.090565,-0.003638,0.047084,0.261500
610.000000,0.009481,0.000000,0.118449,-0.017951,0.082583,0.382200
611.000000,0.010611,0.000000,0.081206,-0.010603,0.049433,0.261500
612.000000,0.006993,0.000000,0.024474,-0.069947,-0.041961,0.271600
613.000000,0.004454,0.017635,0.017635,-0.049363,-0.028222,0.191100
614.000000,0.007180,-0.024822,0.017735,-0.177312,-0.152491,0.553200
615.000000,0.005228,-0.043895,0.043895,-0.047532,0.007346,0.251400
616.000000,0.006014,-0.014634,0.054761,-0.102296,0.054761,0.432500
617.000000,0.007388,-0.057796,0.093932,-0.057796,0.072272,0.422400
618.000000,0.005615,-0.014270,0.017810,-0.121097,-0.110404,0.392300
619.000000,0.005595,0.007278,0.050981,-0.080128,-0.072851,0.362100
620.000000,0.005771,0.000000,0.073928,-0.044349,0.000000,0.321900
621.000000,0.011310,0.000000,0.303059,-0.007385,0.062831,0.844900
622.000000,0.007101,0.000000,0.043799,-0.091226,0.032840,0.372100
623.000000,0.004181,-0.036231,0.000000,-0.097877,-0.018133,0.271500
624.000000,0.005348,0.010927,0.058253,-0.058217,0.003654,0.321900
625.000000,0.012433,0.043640,0.134534,-0.003652,0.036372,0.382200
626.000000,0.005768,-0.025270,-0.018055,-0.126348,-0.097489,0.352000
627.000000,0.005229,-0.055205,0.062600,-0.055205,0.036828,0.321800
628.000000,0.007375,-0.036558,0.091360,-0.054838,0.036558,0.402300
629.000000,0.006138,-0.025398,0.010859,-0.068942,-0.058047,0.221200
630.000000,0.004922,-0.029383,0.047706,-0.036719,0.044019,0.231300
631.000000,0.006789,-0.021818,-0.003618,-0.076416,-0.058217,0.211200
632.000000,0.011632,0.000000,0.018414,-0.077316,-0.051544,0.261500
633.000000,0.008137,-0.018606,0.055817,-0.044646,-0.022305,0.271600
634.000000,0.004901,0.000000,0.022405,-0.048599,0.007468,0.191100
635.000000,0.009659,-0.074645,-0.037322,-0.425385,-0.402977,1.146600
636.000000,0.004389,0.000000,0.101445,-0.056815,0.008111,0.392200
637.000000,0.004002,0.004029,0.056723,-0.056723,0.016195,0.281600
638.000000,0.012374,-0.145407,-0.141351,-0.500791,-0.500791,1.247100
639.000000,0.013832,-0.062834,-0.013477,-0.471296,-0.197515,1.056100
640.000000,0.006899,0.014031,0.084142,-0.116804,-0.107465,0.432500
641.000000,0.006126,-0.062059,0.162389,-0.085942,-0.085942,0.523000
642.000000,0.006260,0.053434,0.155469,-0.043723,0.116626,0.412300
643.000000,0.008314,0.000000,0.000000,-0.232704,-0.232704,0.492900
644.000000,0.009286,0.014954,0.194250,-0.134435,0.174295,0.663800
645.000000,0.013790,0.043350,0.288762,0.033685,0.235842,0.603500
646.000000,0.035133,0.340044,0.500882,0.151654,0.188390,1.096200
647.000000,0.022198,-0.159401,-0.084148,-0.256847,-0.141700,0.583300
648.000000,0.014592,-0.164096,-0.164096,-0.300819,-0.168627,0.663800
649.000000,0.008574,-0.004737,0.108478,-0.009474,0.014117,0.251500
650.000000,0.005820,-0.004677,0.009400,-0.108173,-0.089373,0.251400
651.000000,0.005782,0.019190,0.095809,-0.105332,0.033523,0.422400
652.000000,0.010235,0.019062,0.142756,-0.004730,0.080885,0.311800
653.000000,0.011910,0.051529,0.107667,-0.009356,0.009356,0.251400
654.000000,0.014980,0.056079,0.172930,0.023370,0.135528,0.372200
655.000000,0.013800,-0.018185,0.118290,-0.050030,0.072784,0.372100
656.000000,0.011679,-0.058274,0.040351,-0.103128,0.004503,0.321800
657.000000,0.008518,0.017908,0.017908,-0.094082,-0.071675,0.251400
658.000000,0.007728,0.013603,0.077237,-0.050030,-0.045465,0.281600
659.000000,0.006811,0.045882,0.087158,-0.022941,0.032109,0.241400
660.000000,0.012293,-0.041013,0.113929,-0.109397,0.100288,0.492800
661.000000,0.017498,-0.040251,0.142965,-0.071527,0.098272,0.482800
662.000000,0.017364,-0.087620,0.048232,-0.096378,0.004401,0.331900
663.000000,0.019564,-0.017543,0.105086,-0.087586,0.105086,0.442600
664.000000,0.014913,0.000000,0.017140,-0.094353,-0.064338,0.261500
665.000000,0.011085,0.004362,0.065176,-0.039088,-0.013044,0.241400
666.000000,0.014628,-0.017408,0.095833,-0.161137,-0.126276,0.593400
667.000000,0.014196,-0.084899,0.174241,-0.111733,0.156382,0.643700
668.000000,0.012044,0.008659,0.064964,-0.065007,0.025977,0.301700
669.000000,0.016136,0.034500,0.038785,-0.422395,-0.405167,1.076100
670.000000,0.009121,0.004710,0.150074,-0.023458,0.009374,0.372100
671.000000,0.010125,0.018712,0.065540,-0.126379,-0.056184,0.412300
672.000000,0.008696,0.004755,0.047360,-0.241460,0.037897,0.613500
673.000000,0.010053,0.023502,0.112790,-0.065786,-0.056395,0.382200
674.000000,0.007038,-0.085534,0.099805,-0.218655,0.014271,0.673900
675.000000,0.037662,0.398085,0.502366,0.108993,0.502366,1.066100
676.000000,0.044091,0.245485,0.499576,0.180870,0.499576,1.166700
677.000000,0.097409,0.000000,0.356286,-0.262349,-0.242767,1.589100
678.000000,0.056147,-0.205769,-0.065835,-0.345704,-0.333347,0.844900
679.000000,0.043828,-0.189605,-0.149886,-0.335107,-0.295389,0.764400
680.000000,0.016931,-0.145273,-0.028141,-0.145273,-0.089037,0.311800
681.000000,0.011347,0.019069,0.047674,0.004744,0.028604,0.100500
682.000000,0.018243,-0.004717,0.151830,-0.004717,0.109097,0.331900
683.000000,0.014228,-0.023218,0.023218,-0.102105,-0.023218,0.271500
684.000000,0.012627,-0.046607,0.004684,-0.242494,-0.167877,0.533000
685.000000,0.009180,0.004799,0.062718,-0.053121,-0.014492,0.241400
686.000000,0.007560,0.038741,0.038741,-0.072621,0.033880,0.231400
687.000000,0.008274,-0.024044,0.019216,-0.096129,-0.086521,0.241300
688.000000,0.009321,0.000000,0.107599,-0.029381,0.073354,0.281600
689.000000,0.007266,-0.009636,-0.004794,-0.081929,-0.014430,0.170900
690.000000,0.021091,-0.029040,0.367466,-0.029040,0.222412,0.824700
691.000000,0.014504,-0.138876,-0.064812,-0.212940,-0.083316,0.462600
692.000000,0.010376,-0.004728,0.070591,-0.037683,-0.023546,0.231300
693.000000,0.009253,0.085129,0.085129,-0.141898,-0.137194,0.482700
694.000000,0.006390,-0.024325,0.053486,-0.038881,-0.029161,0.191000
695.000000,0.008419,0.029332,0.039109,-0.088093,-0.073403,0.261500
696.000000,0.006420,-0.004986,0.064573,-0.004986,0.004986,0.140900
697.000000,0.011425,-0.089317,0.099180,-0.138931,0.054547,0.482800
698.000000,0.011967,0.014734,0.107965,-0.014734,0.083425,0.251500
699.000000,0.006570,-0.028984,0.004799,-0.053121,-0.028984,0.120700
700.000000,0.010996,-0.029104,0.126215,-0.029104,0.043681,0.321800
701.000000,0.007421,0.004833,0.004833,-0.076987,-0.062537,0.171000
702.000000,0.006909,0.000000,0.039005,-0.073117,0.014633,0.231400
703.000000,0.006532,0.000000,0.034012,-0.043723,-0.038892,0.160900
704.000000,0.009265,-0.004869,0.063688,-0.053852,0.053852,0.241400
705.000000,0.017002,0.000000,0.096923,-0.019365,0.058144,0.241400
706.000000,0.010919,0.000000,0.043142,-0.138856,-0.114904,0.382200
707.000000,0.010831,0.024467,0.068624,-0.068673,0.039186,0.281700
708.000000,0.006855,0.004884,0.038930,-0.038881,0.024325,0.160900
709.000000,0.007965,0.000000,0.033880,-0.111314,-0.067761,0.301700
710.000000,0.003950,-0.034346,0.009806,-0.034346,0.004927,0.090500
711.000000,0.009765,0.048982,0.088217,-0.009845,0.029389,0.201200
712.000000,0.006545,-0.043851,0.034112,-0.058484,-0.058484,0.191100
713.000000,0.009583,0.147915,0.147915,-0.014806,0.009854,0.331900
714.000000,0.011440,-0.088565,-0.088565,-0.324803,-0.231296,0.663800
715.000000,0.004440,0.056742,0.056742,-0.087730,-0.082548,0.281600
716.000000,0.006452,-0.068232,0.036724,-0.215130,-0.199376,0.482800
717.000000,0.006036,0.016408,0.191248,0.000000,0.169407,0.352000
718.000000,0.004613,0.021126,0.137422,0.021126,0.126859,0.261500
719.000000,0.013025,0.010301,0.500005,0.010301,0.500005,0.975600
720.000000,0.036259,0.112426,0.112426,-0.117178,-0.042212,0.492800
721.000000,0.020299,-0.047223,-0.023588,-0.151209,-0.056715,0.321800
722.000000,0.032962,-0.028659,0.382455,-0.076472,0.066966,0.965600
723.000000,0.026896,-0.042491,0.155659,-0.042491,0.127332,0.422500
724.000000,0.021563,-0.041390,-0.004573,-0.142601,-0.050583,0.311800
725.000000,0.018475,0.018573,0.037147,-0.060432,0.018573,0.211200
726.000000,0.021435,-0.023154,0.055560,-0.087966,-0.078713,0.311800
727.000000,0.017220,-0.023524,0.141144,-0.056448,0.103496,0.422500
728.000000,0.032640,0.023047,0.202749,0.004628,0.198167,0.442500
729.000000,0.040042,0.000000,0.265932,-0.079815,-0.017761,0.784500
730.000000,0.022476,-0.080055,0.057852,-0.088945,-0.022203,0.331900
731.000000,0.026234,-0.017904,0.174241,-0.053623,0.147452,0.512900
732.000000,0.015738,0.012989,0.060761,-0.134554,-0.039098,0.452600
733.000000,0.026986,0.000000,0.135615,-0.004349,0.026270,0.321800
734.000000,0.024664,0.004327,0.100076,-0.039156,0.091380,0.321800
735.000000,0.036506,0.004249,0.235056,-0.004292,0.175230,0.563300
736.000000,0.040120,0.000000,0.202302,-0.099099,0.111455,0.734200
737.000000,0.030438,-0.121152,-0.060596,-0.403894,-0.403894,1.005800
738.000000,0.019659,0.030798,0.228474,0.030798,0.215325,0.523000
739.000000,0.028458,0.042091,0.130587,-0.012648,0.067388,0.342000
740.000000,0.027056,0.004174,0.091452,-0.083145,-0.049879,0.422500
741.000000,0.020010,-0.004216,0.033602,-0.256082,-0.167924,0.694000
742.000000,0.019827,0.039088,0.217211,0.030407,0.204167,0.502900
743.000000,0.052260,0.000000,0.500830,-0.066769,0.300523,1.367800
744.000000,0.040449,0.023604,0.023604,-0.185075,-0.110270,0.533100
745.000000,0.034245,-0.052316,0.112757,-0.096586,0.044310,0.523000
746.000000,0.030130,-0.043921,0.059831,-0.059870,0.003968,0.301700
747.000000,0.020192,-0.043846,-0.015937,-0.171421,-0.063787,0.432400
748.000000,0.025531,-0.076739,0.238288,-0.129223,0.004056,0.915200
749.000000,0.022403,-0.012117,0.076677,-0.234083,-0.221965,0.774500
750.000000,0.017834,0.000000,0.147797,0.000000,0.118238,0.352000
751.000000,0.015305,0.024775,0.024775,-0.127894,-0.099017,0.372200
752.000000,0.023389,0.008411,0.071558,-0.117840,0.058920,0.452600
753.000000,0.035947,-0.008313,0.241290,-0.029117,0.207996,0.653800
754.000000,0.047951,0.179716,0.351451,-0.007981,0.031964,0.905200
755.000000,0.034158,-0.043677,0.154743,-0.107160,0.023791,0.663800
756.000000,0.028130,-0.019752,0.071115,-0.067149,0.023718,0.352100
757.000000,0.025045,0.000000,0.019659,-0.157231,-0.114005,0.452600
758.000000,0.025331,0.004039,0.128704,-0.028156,0.108626,0.392200
759.000000,0.054158,0.011782,0.204686,-0.031511,0.133835,0.603400
760.000000,0.040328,0.003851,0.023027,-0.249217,-0.237741,0.714100
761.000000,0.025502,-0.028179,-0.020094,-0.144899,-0.084537,0.362000
762.000000,0.014351,0.045072,0.143319,-0.024552,-0.024552,0.412300
763.000000,0.021168,0.000000,0.037029,-0.135802,0.024673,0.422400
764.000000,0.020744,0.012296,0.065552,-0.049144,0.057328,0.281700
765.000000,0.015785,-0.020248,0.020248,-0.093108,-0.052612,0.281600
766.000000,0.014326,0.032708,0.032708,-0.098207,0.004068,0.321800
767.000000,0.014063,0.000000,0.020446,-0.122638,-0.110362,0.352000
768.000000,0.012899,-0.016710,0.058526,-0.112895,-0.071079,0.412400
769.000000,0.011913,-0.080579,0.080579,-0.080579,0.080579,0.382200
770.000000,0.014790,0.008341,0.012532,-0.221180,-0.217030,0.563200
771.000000,0.010378,-0.008719,0.004381,-0.143979,-0.069799,0.342000
772.000000,0.012613,0.000000,0.057501,-0.216804,-0.190275,0.623500
773.000000,0.006070,0.018385,0.101211,0.009193,0.046009,0.221300
774.000000,0.012621,-0.036481,-0.036481,-0.378313,-0.337300,0.834800
775.000000,0.008543,0.117311,0.175966,0.000000,0.117311,0.362100
776.000000,0.009290,0.014340,0.085942,-0.105078,0.014340,0.402300
777.000000,0.007785,-0.033332,0.028550,-0.085744,-0.052412,0.241400
778.000000,0.011805,0.062585,0.168472,-0.038470,0.149189,0.432500
779.000000,0.007860,-0.037355,0.042094,-0.088788,0.014031,0.281700
780.000000,0.007032,-0.065235,0.000000,-0.097852,-0.060555,0.211200
781.000000,0.008547,0.066034,0.127332,0.009427,0.084888,0.271500
782.000000,0.008485,0.000000,0.088129,0.000000,0.055663,0.191100
783.000000,0.009722,0.013774,0.022941,-0.275249,-0.233973,0.653800
784.000000,0.009048,0.000000,0.125122,-0.158807,0.052968,0.593400
785.000000,0.006641,0.033332,0.085697,-0.033332,0.033332,0.251400
786.000000,0.007930,0.000000,0.085129,-0.042565,-0.023657,0.271500
787.000000,0.008564,0.038041,0.061764,-0.128348,-0.099805,0.402300
788.000000,0.006098,-0.140654,-0.004870,-0.150346,-0.029124,0.311800
789.000000,0.010288,-0.097536,0.141478,-0.107285,0.121981,0.512900
790.000000,0.007262,-0.047630,0.066664,-0.047630,-0.004782,0.241400
791.000000,0.005910,-0.042889,0.033364,-0.071466,0.004787,0.221200
792.000000,0.006746,-0.047630,0.019033,-0.099995,-0.042848,0.251400
793.000000,0.006543,0.000000,0.081614,0.000000,0.000000,0.170900
794.000000,0.009202,0.000000,0.067240,-0.110506,-0.076886,0.372200
795.000000,0.006864,0.000000,0.068290,-0.107285,-0.024348,0.362000
796.000000,0.008020,0.014670,0.039186,-0.083343,-0.044157,0.251400
797.000000,0.008634,0.000000,0.029700,-0.148355,-0.138471,0.362100
798.000000,0.004987,0.051029,0.066352,0.000000,0.051029,0.131200
799.000000,0.013825,0.232340,0.252516,0.030288,0.212115,0.504400
800.000000,0.006850,-0.058110,0.024253,-0.072662,-0.029055,0.201800
801.000000,0.006646,-0.024346,0.019516,-0.063377,-0.019516,0.171600
802.000000,0.014787,0.024490,0.141897,-0.048883,-0.004850,0.393400
803.000000,0.019900,0.000000,0.166500,-0.009806,0.117521,0.363200
804.000000,0.012092,-0.052645,0.033484,-0.124402,-0.110079,0.332900
805.000000,0.014473,0.009796,0.088067,-0.004850,0.014694,0.191600
806.000000,0.015260,-0.024370,0.039021,-0.082926,0.000000,0.252200
807.000000,0.023054,0.014651,0.141481,0.014651,0.117063,0.292600
808.000000,0.012532,0.033404,0.038128,-0.047672,-0.004772,0.181600
809.000000,0.010309,-0.033388,-0.004729,-0.138329,-0.095388,0.292500
810.000000,0.009471,-0.009739,0.058336,-0.034038,0.034038,0.191600
811.000000,0.041965,-0.009673,0.454101,-0.009673,0.217402,0.968500
812.000000,0.034069,-0.171309,-0.106512,-0.296315,-0.273140,0.645700
813.000000,0.018608,0.039174,0.112618,0.004854,0.078347,0.232000
814.000000,0.012719,-0.014481,0.033742,-0.028963,0.024088,0.131200
815.000000,0.011134,-0.043188,0.024020,-0.067161,-0.023972,0.191700
816.000000,0.009455,0.000000,0.014434,-0.067532,-0.053051,0.171500
817.000000,0.007056,-0.014637,0.048741,-0.024346,0.034104,0.151300
818.000000,0.011472,-0.014490,0.009692,-0.198440,-0.169413,0.433800
819.000000,0.005273,-0.025029,0.040077,-0.025029,0.025079,0.131100
820.000000,0.006889,-0.009982,0.099667,-0.014972,0.014923,0.232000
821.000000,0.005537,0.054686,0.059662,-0.004976,0.034782,0.131200
822.000000,0.011519,0.000000,0.232007,-0.064142,0.083957,0.605300
823.000000,0.010064,-0.058271,0.024252,-0.150513,0.009672,0.363200
824.000000,0.008813,-0.033906,0.077513,-0.033906,0.019402,0.232000
825.000000,0.006491,-0.048270,0.019279,-0.048270,-0.038607,0.141200
826.000000,0.006481,0.000000,0.004869,-0.136198,-0.121590,0.292600
827.000000,0.007174,-0.014972,0.154516,-0.049858,0.044867,0.413600
828.000000,0.008584,0.000000,0.029629,-0.172927,-0.167981,0.413600
829.000000,0.006166,0.000000,0.097096,-0.010237,0.030659,0.211800
830.000000,0.008488,-0.005087,0.101642,-0.020349,0.035560,0.242200
831.000000,0.004550,0.025206,0.040360,0.000000,0.010102,0.080700
832.000000,0.003810,-0.040278,0.025155,-0.040278,0.015073,0.131100
833.000000,0.004128,0.005026,0.030155,-0.030105,0.015078,0.121100
834.000000,0.005838,0.100116,0.100116,-0.019993,0.010022,0.242100
835.000000,0.003816,0.000000,0.005001,-0.034956,-0.015002,0.080700
836.000000,0.004009,0.000000,0.005016,-0.060090,-0.030045,0.131100
837.000000,0.006665,-0.050411,-0.030227,-0.156230,-0.100822,0.312700
838.000000,0.005615,0.020600,0.041149,-0.102846,-0.082297,0.282400
839.000000,0.006779,-0.073202,-0.036601,-0.245788,-0.167349,0.474100
840.000000,0.005499,0.000000,0.151528,0.000000,0.048704,0.282500
841.000000,0.003797,0.021408,0.048234,-0.026826,-0.010730,0.141300
842.000000,0.003331,0.026830,0.059091,-0.085921,-0.080545,0.272400
843.000000,0.003678,0.114598,0.125528,-0.005465,0.092793,0.242100
844.000000,0.002613,-0.032191,0.010730,-0.064329,-0.037503,0.141300
845.000000,0.006512,0.021569,0.086385,0.010758,0.064762,0.161400
846.000000,0.028282,-0.090617,0.501062,-0.095954,0.501062,1.129900
847.000000,0.125654,0.247090,0.499030,0.135671,0.499030,1.039100
848.000000,0.150833,-0.207025,0.264316,-0.220256,0.118949,1.109700
849.000000,0.087477,-0.180718,-0.030113,-0.180718,-0.090338,0.423700
850.000000,0.066962,-0.056989,0.039441,-0.214753,-0.100817,0.585200
851.000000,0.047699,-0.053640,0.035775,-0.116280,0.008955,0.343000
852.000000,0.091291,-0.044650,0.205372,-0.147314,0.084831,0.797000
853.000000,0.085988,-0.149251,0.258992,-0.188761,-0.013185,1.029000
854.000000,0.120064,0.000000,0.501771,-0.079229,0.501771,1.331700
855.000000,0.118121,0.036002,0.040006,-0.380001,-0.320011,1.059300
856.000000,0.055965,-0.042742,-0.021350,-0.158090,-0.123905,0.373200
857.000000,0.063872,0.030667,0.052559,-0.372473,-0.293635,0.978500
858.000000,0.038126,0.074528,0.214169,0.009322,0.135027,0.464100
859.000000,0.043318,0.027185,0.167738,-0.090676,0.058953,0.575100
860.000000,0.035494,-0.044810,0.022383,-0.089620,-0.049295,0.252200
861.000000,0.034245,0.045256,0.090467,0.000000,0.022606,0.201700
862.000000,0.034415,0.004510,0.130647,-0.040543,0.049562,0.383400
863.000000,0.052450,0.000000,0.214075,-0.013396,0.173931,0.514500
864.000000,0.067230,0.000000,0.172442,-0.086178,0.077590,0.605300
865.000000,0.045527,-0.033953,0.067906,-0.165515,-0.161266,0.554800
866.000000,0.025905,0.004391,0.083342,-0.061431,-0.017564,0.333000
867.000000,0.028542,0.008813,0.057241,-0.083636,-0.061603,0.322900
868.000000,0.025495,0.000000,0.000000,-0.151512,-0.115865,0.343000
869.000000,0.017755,0.000000,0.109479,0.000000,0.091255,0.242100
870.000000,0.014426,0.022383,0.031354,-0.062751,0.004441,0.211900
871.000000,0.024157,0.013444,0.080577,-0.022363,0.071659,0.232000
872.000000,0.020243,0.004374,0.013211,-0.189760,-0.141249,0.464000
873.000000,0.016622,0.009093,0.131715,0.004547,0.022733,0.292600
874.000000,0.020542,-0.036163,-0.031637,-0.162756,-0.126593,0.363200
875.000000,0.019606,-0.046390,0.046390,-0.231902,-0.227258,0.605300
876.000000,0.008645,-0.004865,0.126337,-0.014594,0.092284,0.292600
877.000000,0.007525,0.004776,0.071600,-0.009506,-0.004729,0.171500
878.000000,0.008843,-0.023905,0.124165,-0.033467,0.023858,0.333000
879.000000,0.013060,-0.057053,0.218647,-0.057053,0.137850,0.585200
880.000000,0.010790,-0.036999,0.018477,-0.060153,-0.018523,0.171500
881.000000,0.011679,-0.018545,0.032489,-0.027841,-0.027841,0.131100
882.000000,0.012523,0.037345,0.084038,-0.004674,0.032671,0.191700
883.000000,0.010349,0.037102,0.037102,-0.041746,0.000000,0.171500
884.000000,0.010561,-0.088135,0.023172,-0.102020,-0.055677,0.272300
885.000000,0.008081,0.000000,0.056304,-0.107865,-0.089081,0.353100
886.000000,0.010929,0.009515,0.081183,-0.152851,-0.071668,0.494400
887.000000,0.008909,-0.024205,-0.024205,-0.164726,-0.082363,0.343000
888.000000,0.007704,0.009864,0.054201,-0.064016,0.049269,0.242100
889.000000,0.007790,-0.019486,0.039021,-0.048788,-0.034137,0.181600
890.000000,0.006339,-0.054041,0.034372,-0.054041,0.019620,0.181600
891.000000,0.014194,0.009796,0.146795,-0.063577,0.092965,0.433800
892.000000,0.011971,-0.048038,0.024043,-0.048038,0.009617,0.151400
893.000000,0.009346,0.004799,0.062344,-0.052746,-0.052746,0.242200
894.000000,0.007905,0.000000,0.048457,-0.116269,-0.096867,0.343000
895.000000,0.007978,0.000000,0.103727,-0.059308,-0.039522,0.332900
896.000000,0.009244,0.114525,0.144390,-0.019943,0.109539,0.332900
897.000000,0.007864,0.004879,0.087724,-0.034104,0.004879,0.252200
898.000000,0.008905,0.000000,0.029197,-0.082764,-0.053567,0.232000
899.000000,0.031127,0.000000,0.403569,-0.014781,0.182101,0.857600
900.000000,0.030636,-0.037983,0.128211,-0.170948,0.052245,0.635600
901.000000,0.017320,-0.065818,-0.004705,-0.136295,-0.112818,0.292600
902.000000,0.016039,-0.048037,-0.048037,-0.206731,-0.201918,0.433800
903.000000,0.011114,0.000000,0.045092,-0.125246,-0.075138,0.343000
904.000000,0.005692,-0.015277,0.020369,-0.045780,-0.025411,0.131200
905.000000,0.006126,0.020423,0.086910,0.000000,0.051082,0.171500
906.000000,0.005553,0.025333,0.050616,-0.040482,-0.035416,0.181600
907.000000,0.005996,0.030616,0.030616,-0.122313,-0.015258,0.302700
908.000000,0.007902,0.000000,0.051082,-0.040947,0.040896,0.181600
909.000000,0.005872,0.010103,0.010103,-0.055795,-0.055795,0.131100
910.000000,0.004760,0.000000,0.025620,-0.020536,-0.005134,0.090800
911.000000,0.008234,0.015418,0.030785,-0.123192,-0.118053,0.302600
912.000000,0.004968,0.010475,0.036793,-0.057848,0.015739,0.181600
913.000000,0.003171,0.020989,0.020989,-0.031431,0.005247,0.100900
914.000000,0.002409,0.000000,0.010483,-0.041881,-0.026156,0.100900
915.000000,0.002708,0.010538,0.036832,-0.021077,-0.010538,0.111000
916.000000,0.017322,-0.026349,0.305893,-0.026349,0.137132,0.635500
917.000000,0.011052,-0.046203,-0.046203,-0.246385,-0.123192,0.484200
918.000000,0.007775,-0.036832,0.010538,-0.100010,0.005269,0.211900
919.000000,0.005628,-0.042057,0.010475,-0.063112,-0.047321,0.141200
920.000000,0.008079,0.000000,0.042459,-0.021256,0.042459,0.121100
921.000000,0.007057,0.015755,0.036832,-0.010538,0.021025,0.090800
922.000000,0.008420,0.005247,0.089097,-0.005247,0.078655,0.181600
923.000000,0.006876,-0.010332,0.041276,-0.046442,0.036110,0.171500
924.000000,0.004048,-0.010258,-0.005129,-0.051238,-0.046109,0.100900
925.000000,0.004641,0.015478,0.015478,-0.051714,-0.046538,0.131100
926.000000,0.006216,0.015676,0.083500,0.010450,0.073049,0.161400
927.000000,0.007409,0.010300,0.097747,0.000000,0.066898,0.191700
928.000000,0.011524,0.010164,0.055801,0.000000,0.025360,0.110900
929.000000,0.006660,0.000000,0.040401,-0.020175,0.015169,0.121000
930.000000,0.009536,0.025155,0.075516,-0.020164,0.055401,0.191700
931.000000,0.007889,0.000000,0.029865,-0.069752,-0.064766,0.201800
932.000000,0.006899,-0.010102,0.045411,-0.146335,-0.121079,0.383400
933.000000,0.005996,0.020655,0.108554,0.000000,0.067193,0.211800
934.000000,0.005507,0.020432,0.066352,-0.010165,0.015324,0.151300
935.000000,0.006465,-0.005092,0.076284,-0.015277,0.055965,0.181600
936.000000,0.006402,0.000000,0.015058,-0.060382,-0.050310,0.151300
937.000000,0.007068,-0.020349,0.045734,-0.081293,0.040647,0.252200
938.000000,0.017634,0.000000,0.131049,-0.030227,0.095776,0.322800
939.000000,0.018275,0.009854,0.133537,-0.039561,0.024707,0.353100
940.000000,0.018064,0.009854,0.039367,-0.059026,0.014781,0.201700
941.000000,0.018634,-0.049075,-0.009825,-0.093238,-0.009825,0.191700
942.000000,0.016986,-0.004922,0.059016,-0.014766,0.014766,0.151400
943.000000,0.012893,-0.029445,-0.004908,-0.098054,-0.088239,0.201800
944.000000,0.010625,0.009991,0.074837,0.009991,0.064846,0.151300
945.000000,0.009984,0.014795,0.019727,-0.059084,-0.034474,0.161400
946.000000,0.008504,0.014898,0.034713,-0.039679,0.034713,0.151300
947.000000,0.013981,0.019727,0.049269,-0.014747,0.049269,0.131100
948.000000,0.016189,0.000000,0.102460,-0.048788,-0.048788,0.312800
949.000000,0.007929,0.000000,0.029591,-0.049269,0.000000,0.161500
950.000000,0.034932,0.014795,0.295565,0.004932,0.142875,0.605300
951.000000,0.025867,0.000000,0.119727,-0.043105,0.095801,0.343000
952.000000,0.059195,0.018772,0.333610,0.014067,0.291315,0.716200
953.000000,0.034703,-0.035521,-0.035521,-0.301950,-0.248647,0.686000
954.000000,0.022128,0.009357,0.121496,-0.168232,-0.023391,0.625500
955.000000,0.036116,-0.023455,-0.023455,-0.497622,-0.352100,1.069300
956.000000,0.033037,-0.141427,0.267685,-0.141427,0.237397,0.817200
957.000000,0.050687,0.072311,0.448397,-0.004827,0.400174,0.948300
958.000000,0.073171,-0.058014,0.245553,-0.169661,0.000000,0.938300
959.000000,0.044241,0.058058,0.071422,-0.191964,-0.071422,0.595200
960.000000,0.032485,0.004534,0.004534,-0.230974,-0.113220,0.524600
961.000000,0.024717,-0.060264,0.088054,-0.134400,0.060218,0.484300
962.000000,0.022704,-0.032043,0.000000,-0.151092,-0.045795,0.332900
963.000000,0.021014,0.050845,0.078603,-0.147862,-0.133983,0.494400
964.000000,0.018599,-0.033229,0.033229,-0.090228,-0.090228,0.262300
965.000000,0.018794,-0.004841,0.135408,-0.019317,0.106409,0.322800
966.000000,0.017700,0.000000,0.061530,-0.014221,0.042569,0.161400
967.000000,0.020695,-0.023455,0.000000,-0.154922,-0.140821,0.332900
968.000000,0.012964,0.004836,0.067615,0.004836,0.057990,0.141200
969.000000,0.019569,-0.004781,0.038201,-0.052544,0.009515,0.191700
970.000000,0.021773,0.009544,0.109660,0.009544,0.090572,0.232100
971.000000,0.033566,-0.098289,0.088961,-0.131098,0.060885,0.474200
972.000000,0.022144,-0.069414,-0.041630,-0.161889,-0.138782,0.353100
973.000000,0.032583,0.023814,0.176037,0.009526,0.166511,0.373300
974.000000,0.054990,-0.082877,0.147317,-0.096705,0.087486,0.534700
975.000000,0.067738,0.067862,0.285081,0.031666,0.076922,0.635600
976.000000,0.053313,-0.013384,0.075756,-0.102481,0.075756,0.403500
977.000000,0.037424,0.000000,0.083415,-0.100951,-0.079020,0.423700
978.000000,0.030413,0.026748,0.084755,-0.089220,-0.026748,0.393500
979.000000,0.050716,0.067253,0.201758,0.022403,0.026892,0.453900
980.000000,0.035496,-0.138251,-0.089220,-0.240868,-0.240868,0.544800
981.000000,0.027175,-0.079661,0.000000,-0.220219,-0.018719,0.474100
982.000000,0.017909,-0.009418,0.051706,-0.056462,-0.023545,0.232000
983.000000,0.018256,-0.037804,-0.037804,-0.132290,-0.127606,0.282400
984.000000,0.018997,-0.295834,-0.067877,-0.373422,-0.150321,0.776800
985.000000,0.014499,0.090004,0.135007,-0.069981,-0.060019,0.413600
986.000000,0.015127,0.000000,0.156913,-0.086031,0.086031,0.484300
987.000000,0.011713,0.024904,0.094538,-0.084576,-0.079595,0.363200
988.000000,0.010448,0.040441,0.085944,-0.045503,0.065749,0.262300
989.000000,0.010365,0.014938,0.089825,0.009991,0.084829,0.181600
990.000000,0.010619,-0.093238,0.053988,-0.103063,-0.088326,0.322900
991.000000,0.010502,0.034956,0.099916,-0.044957,0.094915,0.292600
992.000000,0.016018,0.000000,0.102913,-0.009815,0.073517,0.232000
993.000000,0.011964,-0.043480,0.033807,-0.072451,-0.053153,0.221900
994.000000,0.012174,0.024442,0.068390,-0.053724,-0.004888,0.252300
995.000000,0.009926,0.000000,0.000000,-0.136816,-0.131972,0.282400
996.000000,0.007234,0.020104,0.055235,-0.035131,-0.030105,0.181600
997.000000,0.007209,-0.020175,0.050513,-0.075745,-0.075745,0.252200
998.000000,0.006422,0.005134,0.076910,-0.025670,0.066642,0.201800
999.000000,0.017264,-0.010083,0.197395,-0.040482,0.116431,0.474200
1000.000000,0.022259,0.093976,0.197806,0.059317,0.153293,0.403500
1001.000000,0.043246,-0.038384,0.211138,-0.062357,0.129565,0.575000
1002.000000,0.029416,-0.018731,0.046780,-0.088878,-0.070147,0.292600
1003.000000,0.032164,0.009499,0.161287,0.009499,0.009499,0.343000
1004.000000,0.034089,0.047309,0.179896,0.004693,0.137280,0.383300
1005.000000,0.031758,0.041477,0.041477,-0.198156,-0.087567,0.524600
1006.000000,0.048988,-0.042216,0.501897,-0.042216,0.501897,1.170300
1007.000000,0.137483,0.106560,0.242950,-0.106560,-0.102293,0.827200
1008.000000,0.079101,-0.017426,0.169692,-0.208901,-0.174092,0.877700
1009.000000,0.056291,-0.004514,0.148820,-0.076645,-0.036065,0.504500
1010.000000,0.039829,0.013640,0.077201,-0.127124,-0.059015,0.453900
1011.000000,0.068182,0.124087,0.243572,0.082724,0.211366,0.534700
1012.000000,0.046412,-0.074955,-0.013199,-0.189595,-0.185180,0.433800
1013.000000,0.032357,0.009168,0.041211,-0.210593,-0.169382,0.554800
1014.000000,0.020972,0.014187,0.014187,-0.151692,-0.137457,0.353100
1015.000000,0.023262,-0.034104,0.029225,-0.219309,-0.126706,0.514500
1016.000000,0.012701,-0.020023,0.109978,-0.045002,0.020023,0.312700
1017.000000,0.012633,0.019894,0.054745,-0.019943,0.044773,0.151300
1018.000000,0.012698,-0.069084,0.049366,-0.074025,0.044425,0.252200
1019.000000,0.011069,0.000000,0.048932,-0.039136,-0.024442,0.181600
1020.000000,0.013906,0.029484,0.034406,-0.019688,0.000000,0.111000
1021.000000,0.013717,0.000000,0.034406,-0.014766,0.024562,0.100900
1022.000000,0.015802,-0.029340,0.073422,-0.029340,0.068524,0.211900
1023.000000,0.016198,0.000000,0.072381,-0.048270,0.067549,0.252200
1024.000000,0.014206,-0.004767,0.038092,-0.099974,-0.095206,0.292500
1025.000000,0.010589,0.009672,0.072803,-0.048551,0.024252,0.252200
1026.000000,0.019631,0.067615,0.159412,0.000000,0.135277,0.332900
1027.000000,0.020658,0.023499,0.164631,-0.070589,-0.047044,0.504500
1028.000000,0.015021,0.033229,0.094982,-0.004754,0.071213,0.211900
1029.000000,0.014071,-0.032763,0.051511,-0.107663,-0.102976,0.343000
1030.000000,0.013933,0.000000,0.047809,-0.124283,-0.114760,0.363200
1031.000000,0.007225,0.000000,0.063626,-0.034238,0.014694,0.201800
1032.000000,0.009655,-0.009767,0.121947,-0.009767,0.121947,0.272400
1033.000000,0.013858,-0.004767,0.076184,-0.042859,0.033325,0.252200
1034.000000,0.019043,-0.023632,0.085151,-0.033104,0.080415,0.252200
1035.000000,0.011825,0.000000,0.027965,-0.065160,-0.013936,0.201800
1036.000000,0.020448,0.009348,0.084038,-0.028043,0.074690,0.242200
1037.000000,0.012949,-0.018420,0.036795,-0.036795,0.009210,0.161400
1038.000000,0.042693,0.183638,0.284627,0.000000,0.036728,0.625400
1039.000000,0.020562,-0.109379,-0.004563,-0.123069,-0.091172,0.272400
1040.000000,0.012783,0.018591,0.051081,-0.051081,0.046433,0.222000
1041.000000,0.015034,-0.013815,0.128806,-0.032190,0.050611,0.353100
1042.000000,0.022069,0.004559,0.100162,-0.022795,0.081971,0.272400
1043.000000,0.019499,0.000000,0.031354,-0.138915,-0.107561,0.383400
1044.000000,0.016673,-0.004584,0.022920,-0.123633,-0.100713,0.322900
1045.000000,0.026837,-0.093473,0.210290,-0.093473,0.177542,0.655800
1046.000000,0.050180,0.045134,0.171499,-0.013509,0.117330,0.413600
1047.000000,0.031161,0.000000,0.039685,-0.066126,0.004414,0.242100
1048.000000,0.074524,-0.017598,0.352436,-0.039650,0.141001,0.897900
1049.000000,0.049622,0.000000,0.034273,-0.227084,-0.209968,0.615400
1050.000000,0.022931,-0.013388,0.031298,-0.053640,-0.049163,0.191600
1051.000000,0.024625,0.008999,0.063217,-0.058740,0.058695,0.272400
1052.000000,0.018580,-0.031242,0.035711,-0.040181,0.004469,0.171500
1053.000000,0.025796,-0.017862,-0.004465,-0.187327,-0.173975,0.423700
1054.000000,0.017341,-0.032339,0.092437,-0.073931,0.060097,0.363200
1055.000000,0.024843,-0.022812,0.173534,-0.031955,0.141534,0.454000
1056.000000,0.019588,0.004446,0.039967,-0.071042,-0.013293,0.252200
1057.000000,0.018656,-0.035616,0.017786,-0.044531,-0.013372,0.141200
1058.000000,0.023784,-0.026772,0.062483,-0.031242,0.049119,0.211800
1059.000000,0.045638,-0.004426,0.119369,-0.008852,0.084005,0.292600
1060.000000,0.043189,0.004310,0.034779,-0.065249,0.004310,0.232100
1061.000000,0.034533,-0.043404,0.056495,-0.078154,0.026094,0.312700
1062.000000,0.044224,-0.004326,0.172845,-0.012979,0.090728,0.433800
1063.000000,0.047312,0.004249,0.199510,-0.042410,0.042452,0.575000
1064.000000,0.063438,0.016854,0.269378,0.016854,0.239925,0.645700
1065.000000,0.058666,-0.000040,0.169187,-0.124919,0.016083,0.738800
1066.000000,0.041597,-0.004008,0.060236,-0.224872,-0.224872,0.718500
1067.000000,0.033937,0.004197,0.075662,-0.180824,-0.168234,0.617300
1068.000000,0.020749,0.043512,0.091410,-0.069611,0.073997,0.374500
1069.000000,0.024371,0.025718,0.115753,-0.025761,0.115753,0.334000
1070.000000,0.020663,-0.004182,0.050314,-0.054455,-0.020954,0.253000
1071.000000,0.027161,-0.054684,-0.008400,-0.113610,-0.071526,0.273200
1072.000000,0.047706,-0.012825,0.260429,-0.029912,0.145170,0.688200
1073.000000,0.043265,-0.037349,0.103725,-0.240659,-0.236518,0.840000
1074.000000,0.025631,0.065325,0.139386,0.008693,0.095836,0.323900
1075.000000,0.060378,0.064097,0.277752,0.025630,0.243550,0.657800
1076.000000,0.066080,-0.044813,0.158959,-0.101866,0.105973,0.647800
1077.000000,0.089574,0.027915,0.498797,-0.059851,0.498797,1.416900
1078.000000,0.218778,0.079840,0.500731,0.003621,0.500731,1.396700
1079.000000,0.163682,0.085738,0.501326,0.079155,0.501326,1.538400
1080.000000,0.193568,-0.191865,0.035956,-0.500601,-0.485615,1.811600
1081.000000,0.121768,-0.225756,-0.053142,-0.368519,-0.102939,1.123400
1082.000000,0.088927,-0.088121,-0.027096,-0.261014,-0.169477,0.779300
1083.000000,0.086489,-0.024580,0.126297,-0.070169,0.045624,0.566700
1084.000000,0.072253,-0.166897,-0.132130,-0.365091,-0.309470,1.062700
1085.000000,0.045643,0.003699,0.107485,-0.051893,-0.040760,0.435200
1086.000000,0.058310,0.011188,0.220466,-0.074768,0.198053,0.799600
1087.000000,0.040112,-0.046739,-0.010797,-0.147391,-0.136594,0.415000
1088.000000,0.047970,0.033264,0.033264,-0.203270,-0.055427,0.647800
1089.000000,0.046122,0.022412,0.078461,-0.074768,0.067236,0.415000
1090.000000,0.038843,0.014755,0.044266,-0.073740,-0.029474,0.323900
1091.000000,0.045992,-0.003702,0.092722,-0.137250,0.051931,0.627500
1092.000000,0.033753,0.022017,0.022017,-0.154193,-0.128512,0.485800
1093.000000,0.027320,0.018838,0.056514,-0.097949,-0.082872,0.414900
1094.000000,0.034837,0.011470,0.019155,-0.237549,-0.103462,0.678100
1095.000000,0.024006,-0.003904,0.070432,-0.039120,0.019560,0.283400
1096.000000,0.023211,0.019484,0.058452,-0.132498,-0.089641,0.495900
1097.000000,0.017823,0.000000,0.103197,-0.035719,0.087318,0.354300
1098.000000,0.022846,-0.003892,0.081888,-0.066320,0.077996,0.384600
1099.000000,0.027310,0.061431,0.084501,-0.084463,-0.084463,0.445300
1100.000000,0.015550,-0.015631,0.070283,-0.070321,0.070283,0.364300
1101.000000,0.020683,-0.030791,0.034673,-0.088605,0.019259,0.323900
1102.000000,0.028730,-0.003829,0.072910,-0.049858,-0.042199,0.323800
1103.000000,0.021672,-0.092879,-0.038696,-0.139299,-0.058044,0.364300
1104.000000,0.022339,-0.043058,0.082209,-0.105730,-0.097877,0.485800
1105.000000,0.023306,0.011956,0.075880,-0.099871,-0.019966,0.445400
1106.000000,0.035614,-0.064180,-0.008042,-0.248598,-0.244596,0.627500
1107.000000,0.026027,0.037948,0.050569,-0.215022,-0.189738,0.637600
1108.000000,0.015875,-0.017492,0.166524,-0.021909,0.153405,0.435200
1109.000000,0.015898,0.000000,0.123297,-0.055284,0.080783,0.425100
1110.000000,0.011110,0.000000,0.020919,-0.071148,-0.012568,0.222700
1111.000000,0.011615,0.000000,0.054542,-0.100671,-0.058728,0.374500
1112.000000,0.009335,-0.008471,0.042441,-0.059426,0.000000,0.242900
1113.000000,0.011279,0.000000,0.059426,-0.038205,0.050955,0.232800
1114.000000,0.011531,0.075598,0.075598,-0.046247,0.016813,0.293500
1115.000000,0.020111,-0.054450,0.096281,-0.054450,-0.029335,0.364300
1116.000000,0.021204,0.046323,0.155866,-0.021060,0.088442,0.425100
1117.000000,0.036964,-0.057909,0.235932,-0.165549,0.053820,0.981700
1118.000000,0.024321,-0.061420,0.061420,-0.118753,-0.114666,0.445300
1119.000000,0.025562,-0.008365,0.000000,-0.343667,-0.343667,0.829900
1120.000000,0.025746,0.036018,0.288057,0.036018,0.243012,0.647800
1121.000000,0.016902,-0.055764,0.060089,-0.184551,-0.145919,0.576900
1122.000000,0.026351,0.048660,0.384652,0.048660,0.309478,0.880600
1123.000000,0.021327,0.033319,0.074947,-0.041628,0.062442,0.283400
1124.000000,0.021758,0.000000,0.061672,-0.045218,0.032908,0.263100
1125.000000,0.019159,-0.008193,0.057192,-0.069462,-0.028616,0.313800
1126.000000,0.018081,0.020541,0.078062,-0.069822,-0.008200,0.364300
1127.000000,0.015598,0.028788,0.078190,-0.053509,0.057616,0.323900
1128.000000,0.014036,0.044740,0.044740,-0.101700,-0.077300,0.364300
1129.000000,0.011412,-0.012412,0.049566,-0.049607,0.049566,0.242900
1130.000000,0.014484,-0.004083,0.049120,-0.089992,-0.085909,0.344100
1131.000000,0.010358,-0.029123,0.008309,-0.124885,-0.062442,0.323800
1132.000000,0.012709,0.000000,0.071646,-0.126464,-0.122257,0.475600
1133.000000,0.008621,0.043211,0.051836,-0.047524,0.043211,0.232700
1134.000000,0.011077,-0.004276,0.017145,-0.115696,-0.068537,0.313800
1135.000000,0.011946,-0.039101,0.017340,-0.117304,-0.043479,0.313700
1136.000000,0.011946,-0.017492,0.113960,-0.092008,0.074516,0.475700
1137.000000,0.016015,-0.017278,0.008618,-0.215870,-0.202944,0.526200
1138.000000,0.014919,0.004491,0.036018,-0.157502,-0.130511,0.435200
1139.000000,0.019543,0.027715,0.295777,0.009269,0.295777,0.647800
1140.000000,0.013449,-0.034918,-0.034918,-0.148380,-0.143983,0.344200
1141.000000,0.010911,0.031426,0.103288,0.004483,0.053886,0.232700
1142.000000,0.013642,0.000000,0.000000,-0.137757,-0.080011,0.313700
1143.000000,0.017613,0.000000,0.162623,-0.009015,0.108401,0.384600
1144.000000,0.010709,0.026558,0.030970,-0.070719,-0.030926,0.232800
1145.000000,0.010223,-0.004439,0.000000,-0.088960,-0.071159,0.202400
1146.000000,0.009777,-0.004548,0.045122,-0.045167,-0.040619,0.202500
1147.000000,0.008829,-0.018206,0.031826,-0.054617,0.004540,0.192300
1148.000000,0.010146,0.000000,0.068176,-0.031842,0.045450,0.222700
1149.000000,0.007809,0.000000,0.008990,-0.063066,-0.018025,0.161900
1150.000000,0.008862,0.000000,0.058783,-0.027113,0.022602,0.192300
1151.000000,0.009379,0.000000,0.054027,-0.026991,0.049492,0.182200
1152.000000,0.009579,0.000000,0.040112,-0.022280,0.031218,0.141700
1153.000000,0.010294,-0.004420,0.035444,-0.039863,0.013302,0.172100
1154.000000,0.011271,0.004408,0.013223,-0.057433,-0.013267,0.161900
1155.000000,0.008661,-0.026561,0.000000,-0.088566,-0.079727,0.202400
1156.000000,0.009130,-0.008982,0.022500,-0.076483,-0.071992,0.222600
1157.000000,0.008427,0.000000,0.063930,-0.031988,0.059373,0.212600
1158.000000,0.010209,-0.018058,0.049625,-0.058677,-0.027109,0.242900
1159.000000,0.009962,0.013628,0.072625,-0.004528,0.068052,0.172100
1160.000000,0.008696,0.000000,0.008978,-0.049226,-0.022379,0.131600
1161.000000,0.013662,-0.004487,0.080946,-0.026967,0.076459,0.242900
1162.000000,0.015268,0.000000,0.039863,-0.031024,-0.008839,0.162000
1163.000000,0.009041,0.004427,0.013282,-0.075441,-0.048833,0.202400
1164.000000,0.007125,0.000000,0.026871,-0.040328,-0.022399,0.151800
1165.000000,0.012399,0.004491,0.009027,-0.126019,-0.121484,0.303700
1166.000000,0.005177,0.018412,0.046121,-0.027709,0.013809,0.162000
1167.000000,0.017835,0.000000,0.013816,-0.239197,-0.206974,0.556700
1168.000000,0.008060,0.000000,0.052769,-0.086383,-0.028779,0.293500
1169.000000,0.005164,-0.028993,0.062707,-0.038626,0.019265,0.212500
1170.000000,0.010737,0.000000,0.019239,-0.163457,-0.153814,0.384600
1171.000000,0.009966,0.004950,0.133897,-0.029798,0.123997,0.334000
1172.000000,0.007198,-0.014539,0.000000,-0.096797,-0.077428,0.202400
1173.000000,0.005055,0.004906,0.039299,-0.034441,0.029486,0.151800
1174.000000,0.009629,-0.004877,0.092865,-0.039116,-0.029313,0.273300
1175.000000,0.006994,0.000000,0.029486,-0.034441,0.019625,0.131600
1176.000000,0.018064,-0.004887,-0.004887,-0.220353,-0.186096,0.455400
1177.000000,0.006214,-0.020304,0.050911,-0.055936,0.000000,0.212600
1178.000000,0.011969,0.000000,0.040708,-0.162733,-0.142379,0.404800
1179.000000,0.006149,0.031400,0.094201,-0.015726,0.057576,0.212500
1180.000000,0.005663,0.020712,0.025878,-0.062137,0.000000,0.172100
1181.000000,0.006504,0.005165,0.077633,-0.025878,0.051755,0.202400
1182.000000,0.007608,0.035837,0.071725,-0.071725,0.035837,0.283400
1183.000000,0.007787,-0.010152,0.030556,-0.066088,0.015278,0.192300
1184.000000,0.008273,-0.005061,-0.005061,-0.136935,-0.081119,0.273300
1185.000000,0.016367,0.000000,0.000000,-0.273191,-0.237132,0.536400
1186.000000,0.008721,0.000000,0.059508,-0.183977,-0.027054,0.455400
1187.000000,0.013749,-0.021772,-0.010859,-0.206750,-0.206750,0.384600
1188.000000,0.010648,-0.016991,0.062412,-0.079459,-0.045421,0.253000
1189.000000,0.013430,0.000000,0.011488,-0.240507,-0.200441,0.445300
1190.000000,0.013330,-0.035785,0.059661,-0.059661,0.011968,0.202400
1191.000000,0.008898,0.005940,0.166616,0.005940,0.113096,0.283300
1192.000000,0.008836,0.017426,0.168797,-0.011675,0.098920,0.313800
1193.000000,0.007753,0.000000,0.102753,-0.022840,0.045681,0.222700
1194.000000,0.009692,0.022634,0.090478,0.000000,0.079189,0.161900
1195.000000,0.007729,0.038950,0.038950,-0.077955,-0.050118,0.212500
1196.000000,0.009824,0.016838,0.061851,-0.129369,0.039344,0.344100
1197.000000,0.008984,0.000000,0.005569,-0.156259,-0.106029,0.293500
1198.000000,0.005420,0.017125,0.102636,-0.045572,-0.017068,0.263100
1199.000000,0.004543,0.000000,0.057203,-0.068677,-0.034367,0.222700
1200.000000,0.005673,-0.063347,0.086455,-0.063347,0.005805,0.263200
1201.000000,0.008078,-0.005799,0.000000,-0.224443,-0.155371,0.394800
1202.000000,0.006453,-0.017837,0.035615,-0.083140,-0.023763,0.202400
1203.000000,0.006341,-0.029830,0.035785,-0.101400,-0.077582,0.232700
1204.000000,0.009724,0.000000,0.012156,-0.151502,-0.139346,0.273300
1205.000000,0.006736,-0.006283,0.043612,-0.118455,-0.049895,0.263100
1206.000000,0.007522,0.000000,0.151132,-0.056682,-0.006284,0.334000
1207.000000,0.013137,0.000000,0.000000,-0.208076,-0.189200,0.334000
1208.000000,0.011013,0.065590,0.229404,0.019684,0.150734,0.354300
1209.000000,0.009600,-0.012696,0.184475,-0.044500,0.146323,0.364300
1210.000000,0.009531,0.067967,0.173062,0.024732,0.129766,0.283400
1211.000000,0.008036,0.000000,0.114460,-0.012023,0.102437,0.212500
1212.000000,0.013698,0.005891,0.177080,-0.011782,0.059027,0.323800
1213.000000,0.009812,-0.011645,0.052516,-0.110854,-0.011645,0.283400
1214.000000,0.009166,-0.023401,0.035073,-0.081875,-0.035131,0.202400
1215.000000,0.005591,0.011812,0.041256,-0.035321,-0.029444,0.131600
1216.000000,0.008670,-0.011824,0.053325,-0.059237,-0.023648,0.192300
1217.000000,0.014256,0.071398,0.202374,0.047579,0.202374,0.344100
1218.000000,0.028941,0.005709,0.223103,-0.045785,0.188792,0.475700
1219.000000,0.015620,0.016504,0.071625,-0.088238,-0.060677,0.293500
1220.000000,0.015802,-0.011138,0.122790,-0.027899,0.100460,0.273300
1221.000000,0.043752,0.000000,0.497811,-0.049241,0.000000,1.012100
1222.000000,0.016725,-0.251662,-0.027350,-0.251662,-0.164099,0.465600
1223.000000,0.016929,0.000000,0.107467,-0.169724,-0.096179,0.496000
1224.000000,0.009158,0.057665,0.080743,-0.080743,-0.074987,0.283400
1225.000000,0.006839,0.005901,0.023429,-0.076071,0.023429,0.172000
1226.000000,0.007261,0.011689,0.064143,-0.034951,0.052455,0.172100
1227.000000,0.006468,-0.017265,0.063477,-0.057665,0.000000,0.212600
1228.000000,0.006400,-0.023077,0.086498,-0.034588,0.069232,0.212500
1229.000000,0.004934,0.039792,0.039792,-0.039848,0.005677,0.141700
1230.000000,0.004976,0.000000,0.062483,-0.017066,0.034077,0.141700
1231.000000,0.007481,0.000000,0.062060,-0.033846,0.045165,0.172000
1232.000000,0.007610,-0.039179,0.061505,-0.044761,-0.022380,0.192300
1233.000000,0.009337,0.005606,0.084262,-0.016875,0.050568,0.182200
1234.000000,0.009223,0.000000,0.044512,-0.100124,-0.094574,0.263200
1235.000000,0.009150,-0.022629,0.090740,-0.073656,-0.011314,0.293500
1236.000000,0.010213,0.005670,0.079550,0.000000,0.034077,0.141700
1237.000000,0.006810,0.022583,0.033846,-0.028214,-0.005632,0.111300
1238.000000,0.015779,0.028246,0.107346,0.000000,0.079100,0.192300
1239.000000,0.013289,-0.050062,0.077868,-0.061163,-0.005550,0.253000
1240.000000,0.013419,0.000000,0.050118,-0.167077,-0.116960,0.394800
1241.000000,0.005662,0.000000,0.045629,-0.022814,0.017125,0.121500
1242.000000,0.006916,-0.011340,0.062483,-0.011340,0.056813,0.131500
1243.000000,0.012748,0.061781,0.089869,-0.016875,0.005606,0.192300
1244.000000,0.009786,0.000000,0.039312,-0.056112,-0.044856,0.172100
1245.000000,0.006845,0.000000,0.011302,-0.056676,-0.028310,0.121500
1246.000000,0.007163,0.022732,0.022732,-0.045576,-0.017105,0.121400
1247.000000,0.007895,-0.028569,0.017164,-0.137142,-0.085707,0.273300
1248.000000,0.008729,0.040671,0.098805,-0.011661,0.093003,0.192300
1249.000000,0.012221,-0.005696,0.102753,-0.034232,0.097057,0.242900
1250.000000,0.014595,0.050398,0.061573,-0.016818,0.044755,0.141700
1251.000000,0.008957,-0.016614,0.027745,-0.033283,0.000000,0.111300
1252.000000,0.013093,-0.005538,0.105440,-0.033283,0.000000,0.253000
1253.000000,0.024027,0.011131,0.188674,-0.016614,0.110978,0.374400
1254.000000,0.019625,0.000000,0.000000,-0.103097,-0.086844,0.192200
1255.000000,0.013510,-0.016540,-0.016540,-0.138109,-0.110488,0.253000
1256.000000,0.030941,0.169476,0.322039,0.118622,0.146868,0.576900
1257.000000,0.023783,-0.060357,0.098806,-0.148155,0.098806,0.455400
1258.000000,0.022188,-0.048446,-0.048446,-0.156079,-0.113004,0.293500
1259.000000,0.073462,-0.038575,0.501099,-0.071601,0.176174,1.052600
1260.000000,0.072613,-0.111682,0.265988,-0.170177,0.122351,0.829900
1261.000000,0.063382,-0.103833,0.373830,-0.103833,0.135024,0.931100
1262.000000,0.036619,-0.101103,0.000000,-0.166840,-0.136519,0.334000
1263.000000,0.033707,-0.046784,0.051970,-0.155911,0.025985,0.404800
1264.000000,0.023581,-0.067233,0.000000,-0.155105,-0.062022,0.303600
1265.000000,0.026848,-0.015726,-0.015726,-0.157105,-0.036677,0.303700
1266.000000,0.057572,-0.042211,0.390324,-0.052738,0.179320,0.850200
1267.000000,0.050706,0.015294,0.168030,-0.061074,-0.030537,0.455400
1268.000000,0.031170,-0.061500,0.035837,-0.179287,-0.097338,0.425000
1269.000000,0.028644,0.000000,0.057456,-0.088842,0.015693,0.283400
1270.000000,0.032302,-0.046881,0.010395,-0.192721,-0.151038,0.394700
1271.000000,0.018485,-0.016131,0.069779,-0.032263,-0.016131,0.192300
1272.000000,0.023332,0.026937,0.032314,-0.123933,-0.113126,0.293500
1273.000000,0.014829,-0.005556,0.016504,-0.044119,0.000000,0.111300
1274.000000,0.013979,0.000000,0.077127,0.000000,0.038563,0.141600
1275.000000,0.031998,0.000000,0.093022,-0.021891,0.060159,0.212600
1276.000000,0.017926,0.005448,0.037867,-0.054049,-0.027025,0.172100
1277.000000,0.025841,0.000000,0.005424,-0.173877,-0.141281,0.333900
1278.000000,0.015404,0.000000,0.050342,-0.033543,0.033543,0.151800
1279.000000,0.012856,0.016687,0.066694,0.000000,0.033319,0.121500
1280.000000,0.014120,0.000000,0.000000,-0.071705,-0.016522,0.131500
1281.000000,0.008924,-0.016632,0.011051,-0.027683,-0.022157,0.070800
1282.000000,0.007026,-0.011155,0.022256,-0.027806,0.005550,0.091100
1283.000000,0.006535,-0.005544,0.016687,-0.027775,-0.011088,0.081000
1284.000000,0.008661,0.016669,0.022281,-0.022281,0.000000,0.081000
1285.000000,0.011148,-0.005611,0.000000,-0.022281,-0.016724,0.040500
1286.000000,0.008560,0.016780,0.033506,0.000000,0.016780,0.060700
1287.000000,0.010304,-0.005611,0.005556,-0.072398,-0.055674,0.141700
1288.000000,0.013163,-0.039444,-0.005675,-0.174578,-0.140808,0.313800
1289.000000,0.006263,-0.005782,0.034805,-0.034748,-0.028966,0.121500
1290.000000,0.005510,-0.005815,0.064143,-0.005815,0.058270,0.121500
1291.000000,0.007448,-0.005749,0.011554,-0.046045,0.005805,0.101200
1292.000000,0.019504,0.017226,0.189878,-0.011541,0.172596,0.354300
1293.000000,0.027723,0.005550,0.127930,-0.011155,0.088969,0.253100
1294.000000,0.019575,-0.016360,0.076507,-0.016360,0.000000,0.172000
1295.000000,0.009442,-0.005453,0.016414,-0.081960,-0.054640,0.182200
1296.000000,0.011863,-0.016540,-0.005513,-0.082866,-0.044217,0.151800
1297.000000,0.009344,0.022306,0.044611,-0.011125,0.039049,0.101200
1298.000000,0.012780,-0.027652,-0.027652,-0.143781,-0.127223,0.263100
1299.000000,0.012579,-0.051085,0.113497,-0.051085,0.079459,0.293500
1300.000000,0.045173,-0.027930,0.173213,-0.039081,0.078216,0.384600
1301.000000,0.036955,-0.010978,0.082501,-0.032989,0.055001,0.212500
1302.000000,0.107831,-0.043543,0.500532,-0.081603,0.310125,1.082900
1303.000000,0.089170,0.122950,0.199787,-0.194675,-0.133175,0.779300
1304.000000,0.055727,-0.131619,-0.073688,-0.226315,-0.184245,0.435200
1305.000000,0.030252,-0.021867,0.016414,-0.120187,-0.076507,0.253000
1306.000000,0.016056,-0.027745,0.022207,-0.061027,0.000000,0.151800
1307.000000,0.020275,0.022207,0.027745,-0.044358,-0.027745,0.131500
1308.000000,0.014623,0.000000,0.044661,-0.011138,0.011193,0.101200
1309.000000,0.018288,0.011223,0.095504,0.000000,0.056169,0.173600
1310.000000,0.014612,-0.016647,-0.011098,-0.111091,-0.066643,0.204200
1311.000000,0.009852,0.011248,0.045048,-0.011303,0.016872,0.102200
1312.000000,0.015683,-0.011210,0.084187,-0.039291,0.078582,0.224700
1313.000000,0.012680,-0.027646,0.027592,-0.033165,-0.022128,0.112300
1314.000000,0.024138,0.000000,0.105424,-0.011086,0.094339,0.214400
1315.000000,0.015795,0.000000,0.000000,-0.081711,-0.038135,0.153200
1316.000000,0.019262,0.005536,0.005536,-0.153660,-0.142696,0.296200
1317.000000,0.018109,-0.005643,-0.005643,-0.180747,-0.124260,0.326700
1318.000000,0.011394,-0.017418,0.040566,-0.063770,-0.040566,0.183900
1319.000000,0.009937,-0.017503,0.000000,-0.181092,-0.122692,0.316600
1320.000000,0.006988,0.000000,0.095814,0.000000,0.065909,0.163400
1321.000000,0.008533,-0.023671,0.141852,-0.023671,0.053187,0.286000
1322.000000,0.006766,0.000000,0.087731,-0.029263,0.058468,0.204300
1323.000000,0.008940,0.000000,0.069340,-0.005774,0.034698,0.132700
1324.000000,0.008640,-0.017258,0.068862,-0.034459,-0.017258,0.183800
1325.000000,0.007612,0.005754,0.023071,-0.063347,-0.023015,0.153200
1326.000000,0.005580,-0.023178,-0.023178,-0.092598,-0.046299,0.163400
1327.000000,0.007845,-0.005834,0.099298,-0.017503,0.081795,0.204200
1328.000000,0.007847,0.000000,0.034442,-0.034499,0.028702,0.122500
1329.000000,0.008923,-0.005708,-0.005708,-0.051425,-0.005708,0.091900
1330.000000,0.011388,-0.005714,0.028627,-0.022857,0.005714,0.091900
1331.000000,0.008642,-0.011415,0.005708,-0.051425,-0.011415,0.102100
1332.000000,0.023031,0.000000,0.114526,-0.108805,0.108805,0.398200
1333.000000,0.011696,-0.022395,0.005599,-0.134537,-0.117686,0.255300
1334.000000,0.009162,0.017201,0.091853,-0.005734,0.051661,0.173600
1335.000000,0.009611,-0.005675,0.017026,-0.045457,0.011350,0.112300
1336.000000,0.008171,-0.016987,-0.016987,-0.096371,-0.045354,0.173600
1337.000000,0.014607,0.005714,0.091539,-0.017142,0.062912,0.194000
1338.000000,0.012522,0.000000,0.039557,-0.022573,0.016985,0.112300
1339.000000,0.011208,0.000000,0.050672,-0.078847,0.022496,0.234900
1340.000000,0.010624,0.000000,0.016851,-0.072840,-0.061642,0.163400
1341.000000,0.015763,-0.022731,-0.017062,-0.090811,-0.062412,0.163400
1342.000000,0.011145,0.034442,0.040183,-0.114977,-0.063257,0.275700
1343.000000,0.007764,-0.029070,0.046569,-0.029070,0.023313,0.132700
1344.000000,0.009005,0.005787,0.017361,-0.063770,0.005787,0.143000
1345.000000,0.012391,-0.005780,0.005780,-0.052079,-0.011561,0.102100
1346.000000,0.009855,0.000000,0.069581,-0.023232,0.052200,0.163400
1347.000000,0.019041,-0.005734,0.120523,-0.005734,0.109055,0.224600
1348.000000,0.010668,0.000000,0.016834,-0.022501,0.000000,0.071500
1349.000000,0.014162,0.000000,0.067392,-0.022501,0.039335,0.163400
1350.000000,0.010898,0.005568,0.016703,-0.033460,-0.005568,0.091900
1351.000000,0.012730,0.022295,0.033443,-0.055848,-0.011202,0.163400
1352.000000,0.007516,-0.005586,0.033573,-0.022345,0.016814,0.102100
1353.000000,0.023896,0.000000,0.117029,-0.022325,0.022270,0.255300
1354.000000,0.012276,0.005543,0.016683,-0.044398,-0.016629,0.112400
1355.000000,0.017561,0.000000,0.077969,-0.038985,-0.011123,0.214500
1356.000000,0.011750,0.033443,0.033443,-0.061421,0.016721,0.173600
1357.000000,0.008398,-0.050052,0.033386,-0.055607,0.000000,0.163400
1358.000000,0.011489,-0.005555,0.055607,-0.005555,0.022221,0.112300
1359.000000,0.016626,0.000000,0.000000,-0.166083,-0.160552,0.306300
1360.000000,0.016601,-0.017142,0.017142,-0.148736,-0.143022,0.296100
1361.000000,0.013994,0.000000,0.088352,-0.035352,0.011765,0.214500
1362.000000,0.010971,0.000000,0.047006,-0.111619,-0.099881,0.275700
1363.000000,0.007192,0.024012,0.095929,0.024012,0.089941,0.163400
1364.000000,0.013318,0.000000,0.200233,0.000000,0.153116,0.347200
1365.000000,0.007061,0.005708,0.051425,-0.017123,0.022886,0.122500
1366.000000,0.007896,-0.011419,0.051190,-0.079654,0.005682,0.234900
1367.000000,0.005867,-0.022756,0.022701,-0.051132,0.011350,0.132700
1368.000000,0.004226,-0.011325,0.022649,-0.056679,0.005662,0.142900
1369.000000,0.005103,0.022679,0.022679,-0.062271,-0.056615,0.153200
1370.000000,0.005203,-0.017162,0.034380,-0.068761,0.022883,0.183900
1371.000000,0.004038,-0.034168,0.034224,-0.039862,-0.034168,0.132700
1372.000000,0.004272,0.000000,0.000000,-0.057451,-0.057451,0.102200
1373.000000,0.005799,0.005857,0.052318,-0.063862,-0.040603,0.204300
1374.000000,0.005531,0.000000,0.023392,-0.040993,-0.040993,0.112300
1375.000000,0.007291,0.047228,0.129834,0.000000,0.118042,0.224600
1376.000000,0.022050,-0.023041,0.190316,-0.034618,0.063420,0.398300
1377.000000,0.017148,0.000000,0.011432,-0.130939,-0.074002,0.255300
1378.000000,0.012167,-0.028925,-0.011547,-0.156057,-0.150284,0.275700
1379.000000,0.008008,-0.017916,0.119167,-0.017916,0.119167,0.234900
1380.000000,0.009480,0.000000,0.139706,-0.034884,0.087323,0.306300
1381.000000,0.021781,0.005714,0.097253,-0.011428,0.074396,0.194000
1382.000000,0.010867,0.011261,0.011261,-0.056414,0.000000,0.122600
1383.000000,0.030078,0.005630,0.140925,-0.011316,0.123979,0.275800
1384.000000,0.014519,0.016536,0.033019,-0.021977,0.010988,0.102100
1385.000000,0.009617,0.000000,0.049393,-0.049393,0.016500,0.183800
1386.000000,0.010158,0.000000,0.043766,-0.016446,0.016392,0.112400
1387.000000,0.012975,0.016339,0.032731,-0.059962,0.027284,0.173600
1388.000000,0.009839,0.000000,0.021667,-0.032553,-0.010886,0.102100
1389.000000,0.014837,0.000000,0.059820,-0.037999,0.048963,0.183800
1390.000000,0.021656,0.000000,0.080690,-0.032308,0.000000,0.214400
1391.000000,0.016520,0.010752,0.064563,-0.086119,-0.048488,0.285900
1392.000000,0.010418,0.021767,0.081534,-0.016285,0.000000,0.183800
1393.000000,0.011042,0.038053,0.038053,-0.054338,-0.048910,0.173600
1394.000000,0.007043,0.011018,0.082339,-0.016446,0.032946,0.183800
1395.000000,0.008973,0.000000,0.054516,-0.021785,0.038177,0.142900
1396.000000,0.014159,-0.005405,0.059507,-0.037888,0.059507,0.183800
1397.000000,0.011940,0.000000,0.106985,-0.032048,0.053466,0.265500
1398.000000,0.021653,0.021191,0.100568,-0.026424,0.068807,0.245100
1399.000000,0.012788,-0.010426,0.010426,-0.078299,0.000000,0.173600
1400.000000,0.014414,-0.005213,0.015639,-0.109578,-0.078299,0.245000
1401.000000,0.029395,0.031828,0.196214,0.010592,0.190918,0.377900
1402.000000,0.014555,0.000000,0.040810,-0.046012,-0.005151,0.173600
1403.000000,0.013233,-0.025533,0.035796,-0.040902,-0.030639,0.153200
1404.000000,0.009745,0.036017,0.041155,-0.041155,0.015414,0.163400
1405.000000,0.017481,-0.005122,0.097423,-0.082056,-0.035906,0.357400
1406.000000,0.022782,0.010319,0.046484,-0.061962,0.046484,0.214400
1407.000000,0.024414,-0.010224,0.097274,-0.046056,0.040944,0.286000
1408.000000,0.012989,0.015260,0.020331,-0.035541,-0.010140,0.112400
1409.000000,0.011991,0.025453,0.050855,-0.005081,0.030533,0.112300
1410.000000,0.018515,0.000000,0.060646,-0.070795,0.035397,0.265500
1411.000000,0.043073,0.030085,0.200765,-0.030134,0.180708,0.469700
1412.000000,0.038989,0.000000,0.184083,-0.033923,0.135643,0.459500
1413.000000,0.031255,0.000000,0.113214,-0.042450,0.009423,0.337000
1414.000000,0.020243,0.018857,0.056524,-0.098847,-0.018811,0.337000
1415.000000,0.036977,0.033089,0.269386,-0.037809,0.132310,0.663800
1416.000000,0.021836,0.004599,0.004599,-0.078268,-0.027592,0.183800
1417.000000,0.019193,0.000000,0.074033,-0.027791,0.027745,0.224600
1418.000000,0.020681,0.004599,0.032236,-0.082867,-0.064427,0.255300
1419.000000,0.025802,0.004659,0.065268,-0.125968,-0.079290,0.418700
1420.000000,0.032967,0.000000,0.298554,-0.004780,0.142153,0.653600
1421.000000,0.019589,0.023060,0.023060,-0.142871,-0.110606,0.367700
1422.000000,0.018542,0.051870,0.136689,-0.028242,0.014167,0.357400
1423.000000,0.015962,0.018775,0.112742,0.009388,0.070452,0.245000
1424.000000,0.030719,0.004674,0.203928,-0.041702,0.074147,0.541300
1425.000000,0.052539,0.000000,0.315105,0.000000,0.283134,0.704700
1426.000000,0.049177,-0.008675,-0.004316,-0.328433,-0.306850,0.776100
1427.000000,0.032450,-0.022993,0.142740,-0.087465,0.105905,0.510600
1428.000000,0.025838,0.009007,0.040574,-0.148786,-0.121722,0.428900
1429.000000,0.017898,0.004616,0.124759,-0.060094,0.073941,0.408500
1430.000000,0.035952,-0.009141,0.191256,-0.036432,0.186708,0.510600
1431.000000,0.037702,0.004385,0.127285,-0.074626,0.105318,0.469700
1432.000000,0.030093,-0.042984,-0.025765,-0.154761,-0.103146,0.367600
1433.000000,0.035590,-0.035120,0.193141,-0.052702,0.100934,0.571900
1434.000000,0.034399,-0.008596,0.051659,-0.124766,-0.064553,0.418700
1435.000000,0.040011,-0.008708,0.061043,-0.204858,-0.183087,0.622900
1436.000000,0.033458,0.031682,0.049805,-0.149281,0.036201,0.449300
1437.000000,0.035129,0.004531,0.062908,-0.305478,-0.166200,0.837400
1438.000000,0.023655,0.000000,0.037177,-0.120814,-0.018566,0.347200
1439.000000,0.022029,0.004659,0.004659,-0.251891,-0.144603,0.561700
1440.000000,0.028404,-0.009595,0.004797,-0.336199,-0.312212,0.725000
1441.000000,0.014286,0.000000,0.061504,-0.071738,0.046103,0.265600
1442.000000,0.020517,0.000000,0.076153,-0.106574,0.005070,0.367600
1443.000000,0.020159,0.005065,0.096386,-0.040570,0.086206,0.275800
1444.000000,0.015628,-0.009959,0.064828,-0.064779,-0.004979,0.265500
1445.000000,0.036327,-0.009968,0.339318,-0.034938,0.279458,0.765900
1446.000000,0.029318,0.000000,0.066178,-0.085060,0.014161,0.326800
1447.000000,0.027511,0.023581,0.047117,-0.136643,-0.047117,0.398200
1448.000000,0.024141,-0.014255,-0.009504,-0.214065,-0.147493,0.459500
1449.000000,0.020451,0.044114,0.147080,-0.039218,0.000000,0.388100
1450.000000,0.020478,0.004896,0.004896,-0.147032,-0.073492,0.316500
1451.000000,0.022545,0.024847,0.114392,-0.044772,0.104453,0.326700
1452.000000,0.016501,-0.004868,0.034121,-0.131569,-0.112098,0.347200
1453.000000,0.020632,-0.019917,0.124628,-0.059800,0.114669,0.377800
1454.000000,0.015128,-0.004868,0.165690,-0.014603,0.107231,0.377800
1455.000000,0.015609,0.000000,0.009531,-0.095449,-0.042935,0.224700
1456.000000,0.016303,0.000000,0.149149,-0.024081,0.062534,0.367600
1457.000000,0.025931,-0.004747,0.076050,-0.133065,-0.061762,0.449300
1458.000000,0.019796,0.019227,0.192456,0.019227,0.149149,0.408400
1459.000000,0.011929,0.014048,0.032718,-0.116824,-0.028005,0.326800
1460.000000,0.014642,0.009388,0.098661,-0.018821,0.093967,0.255300
1461.000000,0.014142,0.000000,0.069198,-0.036903,0.064591,0.234900
1462.000000,0.013023,0.022742,0.050077,-0.018238,0.009097,0.153200
1463.000000,0.014176,0.000000,0.072731,-0.040906,-0.013620,0.255300
