0.000000,0.841693,0.841267,0.835080,0.831439,0.843548,9.000000
1.000000,0.843029,0.842176,0.836545,0.832564,0.849113,10.500000
2.000000,0.845327,0.843028,0.838274,0.833788,0.850589,5.000000
3.000000,0.851040,0.845959,0.840361,0.835158,0.869886,31.510000
4.000000,0.857569,0.849112,0.842586,0.836433,0.874708,22.490000
5.000000,0.863170,0.852432,0.844662,0.837960,0.871555,17.839900
6.000000,0.869031,0.856030,0.847073,0.839778,0.878418,12.250000
7.000000,0.876674,0.861001,0.849919,0.841929,0.888805,16.750000
8.000000,0.880442,0.865741,0.852632,0.843992,0.888723,8.700000
9.000000,0.882955,0.870262,0.855282,0.846043,0.887276,9.880000
10.000000,0.884924,0.874047,0.857657,0.848069,0.881400,8.990000
11.000000,0.886223,0.877627,0.859901,0.850239,0.884910,10.980000
12.000000,0.885628,0.881151,0.862090,0.852566,0.885829,8.400000
13.000000,0.885941,0.883191,0.864575,0.854638,0.890288,18.059900
14.000000,0.887284,0.885119,0.867116,0.856764,0.893990,5.010000
15.000000,0.888764,0.886844,0.869638,0.858723,0.888805,26.760000
16.000000,0.889116,0.887669,0.871850,0.860605,0.886668,8.499900
17.000000,0.889711,0.887669,0.874335,0.862502,0.888805,8.631900
18.000000,0.888670,0.887305,0.876523,0.864190,0.885080,10.000000
19.000000,0.887591,0.887437,0.878850,0.866001,0.888597,8.760000
20.000000,0.885776,0.887270,0.880659,0.867528,0.879731,15.710000
21.000000,0.885165,0.887140,0.882384,0.868981,0.883611,11.930000
22.000000,0.883084,0.886398,0.883774,0.870192,0.878403,16.320000
23.000000,0.882383,0.885526,0.884359,0.871559,0.881571,10.990000
24.000000,0.881926,0.884758,0.884939,0.872996,0.886312,7.690000
25.000000,0.881666,0.883721,0.885283,0.874332,0.878433,14.380000
26.000000,0.880698,0.882932,0.885301,0.875544,0.878774,17.770000
27.000000,0.880850,0.881967,0.884818,0.876879,0.879160,3.979900
28.000000,0.880372,0.881377,0.884341,0.878141,0.879182,6.999900
29.000000,0.879091,0.880509,0.883973,0.879403,0.879909,6.779900
30.000000,0.878198,0.879932,0.883601,0.880417,0.873966,11.989800
31.000000,0.876235,0.878467,0.882804,0.881078,0.868959,10.600000
32.000000,0.874455,0.877652,0.882025,0.881734,0.870257,6.000000
33.000000,0.872373,0.876372,0.880949,0.881697,0.868773,10.000000
34.000000,0.870591,0.874841,0.879800,0.881573,0.870999,13.990000
35.000000,0.870591,0.874394,0.879058,0.881653,0.873966,9.890000
36.000000,0.871889,0.874062,0.878497,0.881554,0.875450,3.999900
37.000000,0.873668,0.874061,0.878014,0.881233,0.879152,7.000000
38.000000,0.876487,0.874430,0.877904,0.881038,0.882869,15.000000
39.000000,0.880342,0.875467,0.877988,0.881137,0.890274,16.000000
40.000000,0.883607,0.877099,0.878515,0.881434,0.890288,12.000000
41.000000,0.886868,0.879379,0.878923,0.881662,0.891757,7.990000
42.000000,0.889837,0.881753,0.879702,0.881934,0.893998,8.450000
43.000000,0.892559,0.884523,0.880448,0.882140,0.896476,6.890000
44.000000,0.894008,0.887175,0.881008,0.882258,0.897522,11.680000
45.000000,0.894698,0.889152,0.881773,0.882423,0.893738,7.660000
46.000000,0.895295,0.891081,0.882572,0.882692,0.894740,3.830000
47.000000,0.895443,0.892640,0.883351,0.882890,0.894740,7.570000
48.000000,0.895246,0.893902,0.884166,0.883237,0.895489,4.030000
49.000000,0.895134,0.894571,0.885019,0.883515,0.896965,4.260000
50.000000,0.895333,0.895016,0.886057,0.884016,0.894732,14.600000
51.000000,0.896224,0.895759,0.887569,0.884535,0.899191,11.050000
52.000000,0.897411,0.896427,0.889090,0.885277,0.900675,7.726100
53.000000,0.898448,0.896847,0.890685,0.885914,0.900675,4.010000
54.000000,0.899188,0.897161,0.892168,0.886393,0.900668,3.000000
55.000000,0.901264,0.898299,0.893726,0.887282,0.905112,8.000000
56.000000,0.902868,0.899546,0.895314,0.888230,0.907211,9.990000
57.000000,0.904652,0.901031,0.896836,0.889244,0.909593,8.500000
58.000000,0.905245,0.901847,0.897874,0.890060,0.903643,17.010000
59.000000,0.906434,0.902811,0.898691,0.890950,0.906610,15.950000
60.000000,0.906845,0.904054,0.899535,0.892056,0.907167,7.000000
61.000000,0.909099,0.905983,0.900871,0.893707,0.918481,17.000000
62.000000,0.909688,0.907170,0.901798,0.895116,0.912538,13.989000
63.000000,0.910729,0.907987,0.902417,0.896452,0.908851,9.800000
64.000000,0.911323,0.908878,0.903020,0.897738,0.909578,14.000000
65.000000,0.912212,0.909528,0.903913,0.898993,0.911611,8.000000
66.000000,0.911767,0.910433,0.904989,0.900353,0.916255,13.020000
67.000000,0.911765,0.910726,0.905879,0.901466,0.912531,15.800000
68.000000,0.911020,0.910875,0.906361,0.902208,0.905126,56.070000
69.000000,0.910575,0.910949,0.906880,0.902777,0.907352,13.090000
70.000000,0.909723,0.910968,0.907511,0.903346,0.907352,12.210000
71.000000,0.907646,0.909706,0.907845,0.903816,0.905868,7.990000
72.000000,0.905870,0.908817,0.907994,0.904138,0.903650,8.669000
73.000000,0.906282,0.908651,0.908319,0.904495,0.907189,7.770000
74.000000,0.906579,0.908577,0.908728,0.904872,0.908836,6.000000
75.000000,0.906590,0.908156,0.908842,0.905328,0.907404,3.500000
76.000000,0.907480,0.907563,0.908998,0.905847,0.910320,6.889900
77.000000,0.909119,0.907495,0.909111,0.906417,0.911848,4.950000
78.000000,0.910933,0.908608,0.909741,0.907110,0.916255,8.060000
79.000000,0.912764,0.909671,0.910310,0.907810,0.917991,5.990000
80.000000,0.915573,0.911081,0.911024,0.908701,0.921448,7.891000
81.000000,0.918196,0.912838,0.911272,0.909509,0.923437,7.960000
82.000000,0.919671,0.914395,0.911606,0.910127,0.919223,8.970000
83.000000,0.921156,0.916044,0.912348,0.910894,0.923682,10.250000
84.000000,0.922738,0.917751,0.913164,0.911735,0.925900,7.500000
85.000000,0.924518,0.920046,0.914101,0.912577,0.930351,365.360000
86.000000,0.925760,0.921978,0.914771,0.913325,0.929647,16.990000
87.000000,0.930731,0.925201,0.916348,0.914474,0.944077,20.300000
88.000000,0.935482,0.928319,0.918463,0.915934,0.947436,17.050000
89.000000,0.939195,0.930966,0.920319,0.917196,0.944462,13.840000
90.000000,0.940993,0.932756,0.921918,0.918268,0.939343,13.100000
91.000000,0.942692,0.934226,0.923532,0.918923,0.938141,7.200000
92.000000,0.941284,0.936007,0.925201,0.919740,0.937036,7.999000
93.000000,0.940315,0.937899,0.926972,0.920865,0.942593,8.500000
94.000000,0.939095,0.939145,0.928448,0.921824,0.938364,6.490000
95.000000,0.938340,0.939667,0.929856,0.922623,0.935567,4.890000
96.000000,0.938429,0.940561,0.931269,0.923367,0.938586,8.450000
97.000000,0.939170,0.940227,0.932714,0.924307,0.940738,14.642000
98.000000,0.937612,0.938963,0.933641,0.925297,0.934803,13.000000
99.000000,0.937641,0.938368,0.934667,0.926335,0.938512,9.329900
100.000000,0.937488,0.937914,0.935335,0.927250,0.934803,14.000000
101.000000,0.933690,0.936060,0.935143,0.927708,0.919594,30.000000
102.000000,0.924935,0.932053,0.934030,0.927485,0.896966,41.250000
103.000000,0.914252,0.925932,0.931915,0.926625,0.881385,31.600000
104.000000,0.900156,0.918899,0.929022,0.925265,0.868031,41.000000
105.000000,0.886208,0.911848,0.925757,0.923853,0.865064,31.800000
106.000000,0.874412,0.904051,0.922306,0.922196,0.860612,37.920000
107.000000,0.867586,0.896261,0.918244,0.920563,0.862838,10.970000
108.000000,0.864544,0.889398,0.914181,0.918894,0.866176,13.490000
109.000000,0.863062,0.881609,0.909989,0.916981,0.860619,12.310000
110.000000,0.861011,0.873610,0.905762,0.914760,0.854810,17.800000
111.000000,0.856560,0.865486,0.900773,0.911924,0.838355,29.729800
112.000000,0.854632,0.861109,0.896581,0.909723,0.853200,31.020000
113.000000,0.850690,0.857617,0.891774,0.907149,0.846464,16.000000
114.000000,0.847721,0.855391,0.887145,0.904478,0.845774,19.700000
115.000000,0.845614,0.853312,0.882580,0.901609,0.844275,10.000000
116.000000,0.845615,0.851087,0.877569,0.898566,0.838362,22.916900
117.000000,0.839085,0.846859,0.871560,0.894449,0.820549,28.010000
118.000000,0.833457,0.842073,0.865736,0.890145,0.818323,25.989900
119.000000,0.826925,0.837323,0.859466,0.885767,0.813115,34.250000
120.000000,0.818031,0.831822,0.852716,0.881115,0.799805,31.890000
121.000000,0.813615,0.829615,0.847550,0.877053,0.816283,32.120000
122.000000,0.814227,0.826656,0.843882,0.873272,0.823606,29.000000
123.000000,0.815133,0.824295,0.840956,0.869281,0.822856,18.690000
124.000000,0.819365,0.823145,0.839268,0.865812,0.834274,16.890000
125.000000,0.824109,0.821070,0.837191,0.862077,0.823524,36.029900
126.000000,0.826001,0.819808,0.835448,0.858315,0.825742,6.000000
127.000000,0.824499,0.819363,0.833111,0.854161,0.816098,23.000000
128.000000,0.823926,0.819530,0.830802,0.850334,0.819993,12.990000
129.000000,0.820736,0.820051,0.828687,0.846327,0.818323,8.800000
130.000000,0.819504,0.821806,0.826814,0.842413,0.817362,13.990000
131.000000,0.819133,0.822567,0.826091,0.839223,0.823888,17.286000
132.000000,0.821655,0.823077,0.824866,0.836947,0.828710,10.940000
133.000000,0.823399,0.823662,0.823979,0.835191,0.828710,7.830000
134.000000,0.824734,0.822735,0.822940,0.833757,0.825001,9.980000
135.000000,0.828958,0.824231,0.822650,0.832871,0.838481,20.890000
136.000000,0.829180,0.824157,0.821982,0.831684,0.825001,22.020000
137.000000,0.829626,0.825640,0.822502,0.830621,0.830936,11.989900
138.000000,0.830390,0.826894,0.823212,0.829499,0.832531,14.700000
139.000000,0.833457,0.829095,0.824573,0.828823,0.840336,14.150000
140.000000,0.832838,0.830898,0.826352,0.828176,0.835387,14.670000
141.000000,0.835657,0.832419,0.827493,0.828200,0.839097,21.000000
142.000000,0.836102,0.832864,0.827971,0.827532,0.833162,14.990000
143.000000,0.835858,0.833124,0.828393,0.827027,0.831307,6.440000
144.000000,0.834260,0.833858,0.828297,0.826579,0.832345,10.000000
145.000000,0.833791,0.833314,0.828773,0.826205,0.833043,13.990000
146.000000,0.830971,0.833314,0.828735,0.825760,0.825001,14.000000
147.000000,0.833492,0.834797,0.830219,0.826600,0.845767,27.990000
148.000000,0.832380,0.834119,0.830506,0.826847,0.825742,26.990000
149.000000,0.830651,0.832455,0.830775,0.827200,0.823702,4.990000
150.000000,0.828968,0.831379,0.831139,0.828028,0.824630,5.500000
151.000000,0.828836,0.829904,0.831161,0.828296,0.824340,5.899900
152.000000,0.823943,0.828717,0.830791,0.828220,0.821298,5.980000
153.000000,0.823149,0.827764,0.830444,0.828183,0.821773,4.980000
154.000000,0.822368,0.826510,0.830184,0.827701,0.819800,7.650000
155.000000,0.820068,0.824518,0.828916,0.827354,0.813130,16.570000
156.000000,0.812262,0.820549,0.826932,0.826007,0.785309,47.000000
157.000000,0.805514,0.814728,0.824763,0.825055,0.787556,12.500000
158.000000,0.795916,0.809533,0.821826,0.823515,0.773787,37.370000
159.000000,0.785981,0.804174,0.818315,0.821908,0.770122,18.525000
160.000000,0.779137,0.799603,0.815491,0.820627,0.778913,25.730000
161.000000,0.778470,0.795366,0.812635,0.819229,0.781970,12.200000
162.000000,0.779065,0.792289,0.810503,0.817957,0.790532,16.840000
163.000000,0.783521,0.789718,0.808741,0.816869,0.796066,12.460000
164.000000,0.789082,0.787531,0.807020,0.815966,0.797928,16.440000
165.000000,0.792958,0.786047,0.805283,0.814627,0.798292,9.479900
166.000000,0.797379,0.787924,0.804237,0.813929,0.804079,9.000000
167.000000,0.799354,0.789209,0.801969,0.812912,0.800406,6.800000
168.000000,0.800584,0.792052,0.800792,0.811901,0.802217,9.000000
169.000000,0.806072,0.797577,0.800876,0.811402,0.825364,36.950000
170.000000,0.806220,0.799589,0.799596,0.810190,0.799034,39.490000
171.000000,0.806548,0.801964,0.798665,0.809078,0.805718,11.940000
172.000000,0.806570,0.802962,0.797626,0.807990,0.800518,24.000000
173.000000,0.804969,0.802777,0.796248,0.806753,0.794211,13.000000
174.000000,0.799161,0.802616,0.795074,0.805552,0.796326,11.460000
175.000000,0.798354,0.802287,0.794167,0.804284,0.794998,9.200000
176.000000,0.796817,0.801682,0.794803,0.803385,0.798032,5.090000
177.000000,0.796501,0.801536,0.795372,0.801824,0.798937,10.430000
178.000000,0.796724,0.800846,0.796449,0.800810,0.795324,9.490000
179.000000,0.798304,0.798733,0.798155,0.800161,0.804226,20.989900
180.000000,0.800667,0.799511,0.799550,0.799567,0.806816,10.000000
181.000000,0.802797,0.799807,0.800885,0.799045,0.808679,8.000000
182.000000,0.804596,0.800549,0.801755,0.798600,0.807937,3.750000
183.000000,0.807365,0.802044,0.802411,0.798180,0.809168,4.750000
184.000000,0.810628,0.804466,0.803541,0.798205,0.820542,19.950000
185.000000,0.812099,0.806383,0.804335,0.798239,0.814169,12.970000
186.000000,0.810615,0.806706,0.804194,0.798771,0.801260,22.390000
187.000000,0.809465,0.807031,0.804283,0.799259,0.802187,10.400000
188.000000,0.807898,0.807632,0.804239,0.800177,0.801334,7.680000
189.000000,0.803537,0.807083,0.802908,0.801131,0.798737,7.090000
190.000000,0.800021,0.806060,0.802785,0.801720,0.796586,7.950000
191.000000,0.798552,0.804583,0.802195,0.802118,0.793915,12.090000
192.000000,0.796710,0.803088,0.801818,0.802199,0.792980,8.990000
193.000000,0.794070,0.800984,0.801514,0.801935,0.788135,7.689900
194.000000,0.792305,0.797921,0.801193,0.801668,0.789908,7.980000
195.000000,0.791012,0.795516,0.800950,0.801396,0.790123,6.290000
196.000000,0.789227,0.793889,0.800298,0.800759,0.784990,8.220000
197.000000,0.787619,0.792164,0.799598,0.800244,0.784938,6.400000
198.000000,0.786534,0.790302,0.798967,0.799593,0.782712,23.080000
199.000000,0.784822,0.788563,0.797823,0.798126,0.781347,6.860000
200.000000,0.784527,0.787769,0.796915,0.797780,0.788647,13.200000
201.000000,0.786384,0.787806,0.796195,0.797399,0.794278,8.990000
202.000000,0.787905,0.787762,0.795425,0.797133,0.792542,15.170000
203.000000,0.790977,0.788755,0.794870,0.797261,0.798069,11.979900
204.000000,0.794173,0.789497,0.793709,0.797295,0.797327,6.670000
205.000000,0.797437,0.790982,0.793249,0.797627,0.804969,14.960000
206.000000,0.798537,0.792461,0.793175,0.797685,0.799776,12.980000
207.000000,0.799739,0.793822,0.792993,0.797672,0.798552,9.979900
208.000000,0.799639,0.795308,0.792805,0.797747,0.797572,10.919900
209.000000,0.799246,0.796709,0.792636,0.797452,0.795361,8.050000
210.000000,0.798133,0.797785,0.792777,0.797205,0.799405,8.250000
211.000000,0.797707,0.798122,0.792964,0.796837,0.797646,9.880000
212.000000,0.799592,0.799665,0.793714,0.796838,0.807974,14.370000
213.000000,0.800476,0.800058,0.794407,0.796599,0.801994,9.990000
214.000000,0.801656,0.800451,0.794974,0.795956,0.801260,8.980000
215.000000,0.802407,0.800270,0.795626,0.795589,0.803159,7.940000
216.000000,0.801052,0.799380,0.795920,0.795243,0.790873,17.580000
217.000000,0.797777,0.798684,0.796253,0.794890,0.791600,8.240000
218.000000,0.795663,0.798069,0.796689,0.794560,0.791422,10.460000
219.000000,0.793287,0.797471,0.797090,0.794248,0.789382,11.600000
220.000000,0.790682,0.796544,0.797165,0.794033,0.790131,6.000000
221.000000,0.789643,0.795347,0.796735,0.793758,0.785679,9.070000
222.000000,0.790944,0.794361,0.797013,0.793929,0.798106,20.970000
223.000000,0.792170,0.793916,0.796987,0.794243,0.797550,11.139900
224.000000,0.792468,0.792878,0.796664,0.794275,0.790873,15.780000
225.000000,0.792176,0.791429,0.795849,0.794227,0.788669,12.030000
226.000000,0.793515,0.791579,0.795479,0.794473,0.792379,9.840000
227.000000,0.793404,0.792174,0.795429,0.794893,0.797550,9.880000
228.000000,0.794146,0.793158,0.795614,0.795512,0.801260,12.210000
229.000000,0.795186,0.793827,0.795649,0.796003,0.796074,11.000000
230.000000,0.796962,0.794569,0.795557,0.796299,0.797550,4.920000
231.000000,0.796958,0.795237,0.795292,0.796235,0.792357,8.990000
232.000000,0.793843,0.793624,0.793992,0.795883,0.781977,18.980000
233.000000,0.790288,0.792217,0.793067,0.795397,0.783484,11.480000
234.000000,0.787616,0.791401,0.792139,0.794910,0.782712,7.990000
235.000000,0.785242,0.791102,0.791265,0.794267,0.785679,4.999900
236.000000,0.784055,0.790506,0.791043,0.793822,0.786421,12.750500
237.000000,0.785093,0.789468,0.790821,0.793442,0.787171,5.490000
238.000000,0.785681,0.787985,0.790571,0.793071,0.786421,8.600000
239.000000,0.786423,0.787019,0.790423,0.792773,0.786421,9.420000
240.000000,0.786892,0.786067,0.790318,0.792393,0.788024,6.990000
241.000000,0.787930,0.785993,0.790615,0.792192,0.791615,8.800000
242.000000,0.788560,0.786826,0.790225,0.791604,0.790316,7.280000
243.000000,0.790043,0.787862,0.790040,0.791332,0.793840,7.300000
244.000000,0.792964,0.789693,0.790547,0.791324,0.801022,10.000000
245.000000,0.796204,0.791548,0.791325,0.791360,0.804227,10.989000
246.000000,0.798133,0.793032,0.791769,0.791706,0.801260,6.999900
247.000000,0.800345,0.794453,0.791960,0.792032,0.801378,7.969900
248.000000,0.800613,0.795328,0.791656,0.792157,0.795176,15.500000
249.000000,0.796060,0.794512,0.790766,0.791786,0.778260,24.930000
250.000000,0.792616,0.794410,0.790239,0.791682,0.787007,14.779900
251.000000,0.789797,0.793965,0.789979,0.791731,0.787163,14.990000
252.000000,0.786212,0.793279,0.790053,0.791243,0.783454,5.970000
253.000000,0.785056,0.792834,0.790348,0.790971,0.789396,9.750000
254.000000,0.788491,0.792276,0.790984,0.791123,0.795436,15.990000
255.000000,0.790155,0.791385,0.791467,0.791345,0.795324,9.650000
256.000000,0.792974,0.791385,0.792209,0.791641,0.801260,10.000000
257.000000,0.796833,0.791523,0.792988,0.791815,0.802751,10.240000
258.000000,0.799580,0.792318,0.793823,0.791877,0.803129,6.869900
259.000000,0.802080,0.795286,0.794899,0.792272,0.807937,8.480000
260.000000,0.804009,0.797082,0.795746,0.792520,0.804969,10.000000
261.000000,0.805849,0.799411,0.796688,0.793123,0.810459,17.296000
262.000000,0.808222,0.802527,0.797903,0.794211,0.814614,8.400000
263.000000,0.811521,0.805550,0.799192,0.795416,0.819624,11.490000
264.000000,0.815119,0.808599,0.800438,0.796856,0.825928,17.680000
265.000000,0.818741,0.811375,0.801380,0.798103,0.823083,8.250000
266.000000,0.821650,0.813749,0.802567,0.799389,0.825001,7.000000
267.000000,0.822399,0.815310,0.803417,0.800429,0.818360,11.730000
268.000000,0.822436,0.816978,0.804648,0.801541,0.819807,5.060000
269.000000,0.822399,0.818759,0.807022,0.802852,0.825742,9.660000
270.000000,0.823524,0.821133,0.809107,0.804208,0.828710,10.460000
271.000000,0.824164,0.822907,0.811159,0.805428,0.828198,5.980000
272.000000,0.826472,0.824436,0.813482,0.806747,0.829905,12.950000
273.000000,0.828253,0.825344,0.815447,0.807910,0.828710,14.840000
274.000000,0.829143,0.825771,0.817185,0.808882,0.830194,4.440000
275.000000,0.829366,0.826445,0.818910,0.809735,0.829823,4.000000
276.000000,0.829669,0.826916,0.820333,0.810684,0.829712,6.202000
277.000000,0.829430,0.827951,0.821631,0.811595,0.828710,11.100000
278.000000,0.829170,0.828712,0.822845,0.812669,0.827412,6.990000
279.000000,0.829170,0.829157,0.823958,0.814400,0.830194,14.999900
280.000000,0.829541,0.829453,0.825293,0.815889,0.831678,7.840000
281.000000,0.830528,0.830098,0.826502,0.817472,0.834645,11.379900
282.000000,0.831709,0.830569,0.827503,0.819178,0.834616,6.970000
283.000000,0.833271,0.831221,0.828283,0.820705,0.835224,8.470000
284.000000,0.834904,0.832037,0.828904,0.822136,0.838355,8.000000
285.000000,0.836237,0.832889,0.829667,0.823570,0.838347,4.009900
286.000000,0.836686,0.833607,0.830261,0.824757,0.836886,5.980000
287.000000,0.837879,0.834794,0.831372,0.826018,0.840581,8.980000
288.000000,0.840573,0.836922,0.832817,0.827537,0.848697,15.990000
289.000000,0.844133,0.839518,0.834337,0.829145,0.856153,10.990000
290.000000,0.847102,0.841670,0.835562,0.830752,0.853193,9.490000
291.000000,0.850957,0.843821,0.836960,0.832275,0.856161,5.010000
292.000000,0.854036,0.845957,0.838263,0.833654,0.855975,3.940000
293.000000,0.855306,0.847940,0.839580,0.834835,0.855048,14.650000
294.000000,0.855894,0.850013,0.841025,0.835940,0.859091,7.480000
295.000000,0.859008,0.853055,0.842972,0.837463,0.868766,13.040000
296.000000,0.861827,0.856392,0.844999,0.838972,0.870257,7.990000
297.000000,0.864090,0.859063,0.846928,0.840603,0.867289,6.000000
298.000000,0.866670,0.860988,0.848955,0.842207,0.867950,3.498000
299.000000,0.868013,0.861953,0.850736,0.843543,0.865805,3.000000
300.000000,0.867193,0.863100,0.852385,0.844741,0.864663,17.300000
301.000000,0.868380,0.865104,0.854462,0.846341,0.876192,15.540000
302.000000,0.870192,0.867141,0.856549,0.847889,0.876348,10.000000
303.000000,0.871674,0.869172,0.858556,0.849444,0.875361,7.260000
304.000000,0.872757,0.870385,0.860199,0.850812,0.871221,12.350000
305.000000,0.873876,0.870534,0.861795,0.852160,0.870257,5.040000
306.000000,0.872720,0.870550,0.863471,0.853516,0.870413,9.000000
307.000000,0.869970,0.870081,0.864572,0.854646,0.862600,17.989900
308.000000,0.868059,0.869867,0.865427,0.855926,0.865805,5.320000
309.000000,0.866399,0.869578,0.865766,0.857017,0.862919,9.970000
310.000000,0.864474,0.869175,0.866138,0.857982,0.860634,6.969900
311.000000,0.860280,0.866500,0.865802,0.858475,0.849439,17.970000
312.000000,0.857539,0.863755,0.865448,0.858951,0.848897,7.500000
313.000000,0.854306,0.861183,0.865177,0.859431,0.849639,8.986000
314.000000,0.851693,0.859046,0.864716,0.859815,0.849854,4.790000
315.000000,0.849351,0.856913,0.863724,0.860167,0.848927,3.750000
316.000000,0.849641,0.854960,0.862755,0.860634,0.850886,10.970000
317.000000,0.849543,0.853541,0.861811,0.860895,0.848410,5.919900
318.000000,0.849812,0.852059,0.860963,0.860971,0.850982,6.330000
319.000000,0.850183,0.850938,0.860258,0.860823,0.851709,4.440000
320.000000,0.850309,0.849830,0.859503,0.860702,0.849558,12.490000
321.000000,0.850177,0.849909,0.858204,0.860504,0.850225,13.730000
322.000000,0.850148,0.849846,0.856800,0.860247,0.848267,5.060000
323.000000,0.849986,0.849899,0.855541,0.860085,0.850173,5.910000
324.000000,0.849096,0.849640,0.854343,0.859690,0.847258,6.980000
325.000000,0.849037,0.849673,0.853293,0.859040,0.849261,4.190000
326.000000,0.848295,0.849236,0.852098,0.858249,0.846516,5.700000
327.000000,0.848537,0.849343,0.851442,0.857655,0.849476,4.690000
328.000000,0.847538,0.848762,0.850411,0.856896,0.845180,5.800000
329.000000,0.847139,0.848118,0.849528,0.856211,0.845262,3.990000
330.000000,0.847166,0.848101,0.848966,0.855702,0.849394,7.690000
331.000000,0.847463,0.847879,0.848894,0.854762,0.848000,4.999900
332.000000,0.847163,0.847850,0.848848,0.853817,0.847977,5.990000
333.000000,0.847577,0.847557,0.848728,0.852880,0.847250,5.970000
334.000000,0.847457,0.847298,0.848469,0.851994,0.844661,5.540000
335.000000,0.847920,0.847543,0.848608,0.851376,0.851709,10.300000
336.000000,0.848365,0.847914,0.848575,0.850703,0.850225,10.810000
337.000000,0.849949,0.848556,0.848949,0.850480,0.855901,45.680000
338.000000,0.851242,0.849409,0.849086,0.850077,0.853712,6.480000
339.000000,0.853321,0.850389,0.849253,0.849815,0.855055,5.760000
340.000000,0.852430,0.850175,0.849138,0.849369,0.847258,20.350000
341.000000,0.852616,0.850490,0.849184,0.849426,0.851153,8.000000
342.000000,0.852742,0.851346,0.849598,0.849680,0.856532,9.990000
343.000000,0.854537,0.852890,0.850224,0.850115,0.862689,13.000000
344.000000,0.857133,0.855227,0.851262,0.850721,0.868031,13.910000
345.000000,0.858796,0.855613,0.851578,0.850943,0.855575,16.790000
346.000000,0.860873,0.856745,0.852329,0.851298,0.861539,14.000000
347.000000,0.862728,0.857735,0.853146,0.851878,0.865805,6.990000
348.000000,0.862906,0.858722,0.854065,0.852298,0.863580,5.980000
349.000000,0.862906,0.860019,0.855204,0.852842,0.868031,6.000000
350.000000,0.864813,0.861804,0.855990,0.853360,0.865108,5.000000
351.000000,0.866111,0.863492,0.856991,0.853954,0.868031,10.200000
352.000000,0.867447,0.865087,0.858216,0.854761,0.872483,16.500000
353.000000,0.868504,0.865705,0.859297,0.855384,0.868870,9.960000
354.000000,0.871481,0.867194,0.861210,0.856573,0.882914,28.850000
355.000000,0.876146,0.870479,0.863046,0.857878,0.888434,9.669800
356.000000,0.879114,0.872612,0.864678,0.859090,0.882869,8.960000
357.000000,0.881782,0.874614,0.866175,0.860302,0.885822,8.990000
358.000000,0.884996,0.876750,0.867736,0.861627,0.884939,7.710000
359.000000,0.886055,0.878768,0.869394,0.863059,0.888211,8.000000
360.000000,0.886049,0.881098,0.871451,0.864359,0.888404,5.920000
361.000000,0.886626,0.882870,0.873181,0.865617,0.885755,6.460000
362.000000,0.886261,0.884021,0.874554,0.866818,0.883997,3.500000
363.000000,0.886441,0.885718,0.875712,0.868104,0.885837,5.480000
364.000000,0.885372,0.885714,0.876454,0.869378,0.882869,5.920100
365.000000,0.884562,0.885306,0.877893,0.870466,0.884353,7.429000
366.000000,0.884282,0.885454,0.879033,0.871604,0.884353,3.389000
367.000000,0.884203,0.885232,0.879923,0.872527,0.883604,4.249900
368.000000,0.883018,0.884729,0.880740,0.873400,0.879909,9.970000
369.000000,0.882719,0.884046,0.881407,0.874278,0.881378,7.500000
370.000000,0.881985,0.883274,0.882186,0.875392,0.880681,2.980000
371.000000,0.881095,0.882688,0.882779,0.876350,0.879902,4.140000
372.000000,0.880801,0.882502,0.883262,0.877204,0.882135,7.000000
373.000000,0.881541,0.882279,0.883999,0.877901,0.883611,6.830000
374.000000,0.879465,0.881092,0.883403,0.878000,0.870999,22.000000
375.000000,0.877355,0.879670,0.882488,0.878485,0.870131,8.749900
376.000000,0.874834,0.877964,0.881709,0.878677,0.867293,6.990000
377.000000,0.870974,0.875888,0.880560,0.878578,0.862838,12.000000
378.000000,0.865904,0.873723,0.879226,0.878401,0.858260,8.000000
379.000000,0.862864,0.871165,0.877605,0.877993,0.855797,9.890000
380.000000,0.861945,0.869650,0.876462,0.878007,0.865538,13.640000
381.000000,0.861351,0.868092,0.875390,0.877884,0.864322,10.640000
382.000000,0.860746,0.865860,0.874181,0.877461,0.859811,9.990000
383.000000,0.861290,0.863597,0.872938,0.877198,0.860983,5.040000
384.000000,0.862565,0.862714,0.871903,0.876507,0.862170,6.130000
385.000000,0.862557,0.862251,0.870961,0.875742,0.865501,4.500000
386.000000,0.861964,0.861657,0.869811,0.875025,0.861354,6.590000
387.000000,0.862124,0.861435,0.868661,0.874185,0.860612,8.280000
388.000000,0.862569,0.861930,0.867826,0.873461,0.863209,3.500000
389.000000,0.863000,0.862782,0.866973,0.872664,0.864322,7.739900
390.000000,0.862764,0.862660,0.866155,0.871861,0.864322,4.990000
391.000000,0.863652,0.862808,0.865450,0.871196,0.865798,6.950000
392.000000,0.864099,0.863112,0.864486,0.870491,0.862845,4.990000
393.000000,0.864322,0.863445,0.863521,0.869774,0.864322,6.860000
394.000000,0.865256,0.864128,0.863421,0.869312,0.868996,8.000000
395.000000,0.866369,0.864566,0.863409,0.868829,0.869886,4.900000
396.000000,0.865679,0.864666,0.863162,0.868096,0.862348,10.179900
397.000000,0.863872,0.863986,0.862710,0.867103,0.853809,14.800000
398.000000,0.861646,0.862984,0.862457,0.866212,0.853193,8.000000
399.000000,0.857351,0.861304,0.862043,0.865083,0.847517,12.000000
400.000000,0.853456,0.859912,0.861286,0.864074,0.850411,12.859900
401.000000,0.851476,0.858578,0.860693,0.863159,0.852451,15.700000
402.000000,0.851659,0.857765,0.860438,0.862246,0.854721,11.999900
403.000000,0.851659,0.856653,0.860049,0.861232,0.853193,9.900000
404.000000,0.853536,0.855443,0.859786,0.860762,0.856903,5.000000
405.000000,0.855112,0.854284,0.859425,0.860367,0.858290,7.716900
406.000000,0.856155,0.853815,0.859241,0.860046,0.857667,7.140000
407.000000,0.857630,0.854644,0.859315,0.860022,0.862096,6.427000
408.000000,0.859830,0.855744,0.859364,0.860219,0.864195,8.000000
409.000000,0.861166,0.857351,0.859327,0.860479,0.863580,7.830000
410.000000,0.861928,0.858520,0.859216,0.860364,0.862103,3.035000
411.000000,0.862841,0.859498,0.859038,0.860295,0.862229,4.750000
412.000000,0.863583,0.860606,0.859186,0.860494,0.865805,7.710000
413.000000,0.864313,0.862071,0.859362,0.860723,0.867846,7.729900
414.000000,0.864201,0.862683,0.859063,0.860752,0.863023,7.000000
415.000000,0.864905,0.863416,0.858850,0.860756,0.865620,6.590000
416.000000,0.865768,0.864305,0.859060,0.860929,0.866547,10.770000
417.000000,0.866213,0.864898,0.859771,0.861176,0.868031,7.750000
418.000000,0.866399,0.865356,0.860550,0.861361,0.868773,2.490000
419.000000,0.866804,0.865503,0.861427,0.861386,0.865049,9.000000
420.000000,0.865802,0.865354,0.861937,0.861262,0.860612,12.979900
421.000000,0.864615,0.865192,0.862345,0.861089,0.860612,7.000000
422.000000,0.862538,0.864376,0.862491,0.860916,0.857645,6.990000
423.000000,0.861945,0.864172,0.863122,0.860965,0.865805,10.999900
424.000000,0.860910,0.863857,0.863270,0.860661,0.859878,7.990000
425.000000,0.860688,0.863245,0.863331,0.860315,0.859499,4.380000
426.000000,0.860762,0.862689,0.863497,0.860270,0.860983,6.500000
427.000000,0.860614,0.861576,0.863237,0.860373,0.856903,10.500000
428.000000,0.859427,0.860686,0.863021,0.860595,0.859870,8.000000
429.000000,0.859573,0.860242,0.862872,0.861032,0.860612,9.000000
430.000000,0.859944,0.860316,0.862835,0.861397,0.861354,9.920200
431.000000,0.860464,0.860613,0.862902,0.861767,0.863580,6.489900
432.000000,0.862697,0.861655,0.863015,0.862212,0.868068,10.040000
433.000000,0.863884,0.861655,0.862913,0.862633,0.865805,10.050000
434.000000,0.865366,0.862470,0.863163,0.863003,0.868024,6.979900
435.000000,0.865963,0.862954,0.863099,0.863205,0.864336,5.010000
436.000000,0.865963,0.863213,0.862951,0.863402,0.863580,3.000000
437.000000,0.865659,0.864178,0.862877,0.863551,0.866547,5.000000
438.000000,0.863284,0.863584,0.862135,0.863209,0.853935,22.980000
439.000000,0.859799,0.862583,0.861412,0.862776,0.850596,4.500000
440.000000,0.856549,0.861256,0.860786,0.862309,0.848089,8.200000
441.000000,0.852990,0.859476,0.860045,0.861760,0.845781,4.130000
442.000000,0.849391,0.857525,0.859590,0.861185,0.848556,6.239900
443.000000,0.847068,0.855176,0.858416,0.860334,0.842317,8.660000
444.000000,0.847142,0.853470,0.857970,0.859932,0.850967,11.660000
445.000000,0.847939,0.852244,0.857599,0.859481,0.852073,6.490000
446.000000,0.848976,0.850983,0.857098,0.858962,0.850967,3.899900
447.000000,0.849161,0.849276,0.856727,0.858343,0.849483,9.390000
448.000000,0.850587,0.848828,0.856206,0.857699,0.849446,4.970000
449.000000,0.849846,0.848494,0.855538,0.857106,0.847258,7.500000
450.000000,0.849235,0.848587,0.854921,0.856720,0.849020,16.750000
451.000000,0.848496,0.848736,0.854106,0.856275,0.847273,6.989900
452.000000,0.846567,0.847864,0.852695,0.855681,0.839839,12.000000
453.000000,0.844807,0.847697,0.851437,0.854843,0.840647,8.000000
454.000000,0.844500,0.847173,0.850322,0.854371,0.845722,6.910000
455.000000,0.843852,0.846544,0.849394,0.853914,0.845781,5.600000
456.000000,0.843554,0.846025,0.848504,0.853407,0.845781,2.990000
457.000000,0.845327,0.845947,0.847612,0.853134,0.848704,5.000000
458.000000,0.846798,0.845803,0.847315,0.852738,0.848000,5.000000
459.000000,0.847439,0.845969,0.847232,0.852349,0.848927,6.460000
460.000000,0.848031,0.845942,0.847264,0.851928,0.848742,4.000000
461.000000,0.848697,0.846126,0.847431,0.851446,0.849113,7.490000
462.000000,0.848779,0.847053,0.847459,0.850814,0.849113,5.000000
463.000000,0.849001,0.847900,0.847798,0.850258,0.849113,2.500000
464.000000,0.849409,0.848424,0.847798,0.849689,0.850967,5.250000
465.000000,0.849632,0.848831,0.847688,0.849206,0.849854,3.230000
466.000000,0.849736,0.849216,0.847621,0.848741,0.849632,3.500000
467.000000,0.851590,0.850185,0.848066,0.848469,0.858386,14.500000
468.000000,0.852558,0.850780,0.848291,0.848470,0.853950,11.550000
469.000000,0.853893,0.851651,0.848810,0.848705,0.857644,7.729900
470.000000,0.855822,0.852727,0.849334,0.849085,0.859499,5.499900
471.000000,0.857870,0.853803,0.849964,0.849555,0.859870,5.750000
472.000000,0.858018,0.854804,0.850929,0.849907,0.859128,9.229900
473.000000,0.860091,0.856325,0.852112,0.850640,0.864314,6.990000
474.000000,0.861388,0.857641,0.853032,0.851079,0.864129,4.990000
475.000000,0.862351,0.859087,0.853959,0.851487,0.864314,9.479300
476.000000,0.862721,0.860295,0.854756,0.851846,0.861718,8.390000
477.000000,0.864464,0.861241,0.855713,0.852458,0.867846,10.379900
478.000000,0.865172,0.862632,0.856706,0.853071,0.867853,3.760000
479.000000,0.866485,0.863937,0.857794,0.853852,0.870695,5.000000
480.000000,0.868631,0.865491,0.859109,0.854720,0.875042,8.250000
481.000000,0.872624,0.867672,0.860737,0.855867,0.881682,11.040000
482.000000,0.874441,0.869453,0.862129,0.857103,0.876934,11.400000
483.000000,0.876554,0.870863,0.863594,0.858362,0.878418,8.000000
484.000000,0.877505,0.871995,0.864818,0.859353,0.875450,9.900000
485.000000,0.876842,0.872736,0.865912,0.860218,0.871726,7.790000
486.000000,0.874854,0.873739,0.867017,0.861083,0.871741,9.499900
487.000000,0.874705,0.874573,0.867907,0.862000,0.876192,9.990000
488.000000,0.873370,0.874962,0.868797,0.862791,0.871741,10.999900
489.000000,0.873073,0.875289,0.869613,0.863626,0.873966,9.000000
490.000000,0.873670,0.875256,0.870373,0.864491,0.874708,5.750000
491.000000,0.872928,0.873891,0.870781,0.865122,0.868031,12.930000
492.000000,0.870999,0.872852,0.871152,0.865703,0.866547,3.180000
493.000000,0.870212,0.871791,0.871327,0.866326,0.867809,8.860000
494.000000,0.869025,0.871049,0.871522,0.866895,0.868031,8.000000
495.000000,0.868283,0.870977,0.871856,0.867600,0.870999,7.510000
496.000000,0.869174,0.871051,0.872395,0.868362,0.872483,7.980000
497.000000,0.870732,0.870865,0.872719,0.868893,0.874337,8.500000
498.000000,0.871296,0.870754,0.872858,0.869449,0.870628,5.250000
499.000000,0.871741,0.870383,0.872836,0.869870,0.870257,4.490000
500.000000,0.871307,0.869795,0.872526,0.870181,0.868832,4.980000
501.000000,0.868628,0.868901,0.871396,0.870154,0.859084,18.080000
502.000000,0.865693,0.868212,0.870532,0.870172,0.859662,6.970000
503.000000,0.864320,0.867808,0.869799,0.870154,0.863765,11.140000
504.000000,0.863430,0.867585,0.869317,0.870210,0.865805,6.850000
505.000000,0.863992,0.867650,0.869313,0.870454,0.871644,9.000000
506.000000,0.866905,0.867766,0.869408,0.870852,0.873647,10.990000
507.000000,0.870508,0.868100,0.869483,0.871180,0.877676,6.990000
508.000000,0.874328,0.869324,0.870039,0.871680,0.882869,10.750000
509.000000,0.878093,0.870761,0.870572,0.872145,0.884628,12.270000
510.000000,0.880041,0.872017,0.870906,0.872356,0.881385,8.500000
511.000000,0.880253,0.873579,0.871240,0.872124,0.874708,10.200000
512.000000,0.880105,0.875306,0.871759,0.872124,0.876934,6.000000
513.000000,0.879363,0.876846,0.872327,0.872148,0.879160,5.990000
514.000000,0.877528,0.877810,0.872698,0.872148,0.875450,6.000000
515.000000,0.875599,0.877820,0.872735,0.872149,0.871741,10.000000
516.000000,0.874783,0.877518,0.872642,0.872112,0.870628,7.990000
517.000000,0.874041,0.877073,0.872586,0.872013,0.873224,8.500000
518.000000,0.872742,0.876053,0.872688,0.872044,0.872668,4.000000
519.000000,0.871306,0.874417,0.872589,0.871854,0.868269,6.010000
520.000000,0.871399,0.873499,0.872758,0.871770,0.872208,6.180000
521.000000,0.872141,0.873462,0.873521,0.871981,0.874337,16.439900
522.000000,0.871993,0.873017,0.874162,0.872178,0.872483,7.390000
523.000000,0.871837,0.872290,0.874568,0.872314,0.871889,7.400000
524.000000,0.873273,0.872290,0.875050,0.872562,0.875450,8.800000
525.000000,0.873180,0.872290,0.875055,0.872586,0.871741,6.000000
526.000000,0.872661,0.872401,0.874959,0.872562,0.871741,4.800000
527.000000,0.872364,0.872178,0.874626,0.872450,0.870999,9.950000
528.000000,0.871585,0.871711,0.873882,0.872363,0.867994,8.000000
529.000000,0.870499,0.871886,0.873151,0.872355,0.870019,9.420000
530.000000,0.869738,0.871459,0.872479,0.872325,0.867935,12.670000
531.000000,0.868261,0.870461,0.871961,0.872501,0.864359,6.620000
532.000000,0.867074,0.869719,0.871368,0.872681,0.865064,8.950000
533.000000,0.867082,0.869333,0.870811,0.872823,0.868031,4.000000
534.000000,0.865801,0.868150,0.870220,0.872750,0.863617,5.950000
535.000000,0.865227,0.867482,0.869886,0.872531,0.865064,9.960000
536.000000,0.865664,0.866963,0.869682,0.872294,0.866547,8.700000
537.000000,0.865813,0.866443,0.869311,0.871898,0.865805,5.990000
538.000000,0.866258,0.866670,0.869190,0.871478,0.870257,6.000000
539.000000,0.868024,0.866912,0.869399,0.871072,0.872445,7.959900
540.000000,0.869125,0.867176,0.869317,0.870711,0.870568,8.990000
541.000000,0.869092,0.867378,0.868920,0.870434,0.866384,11.220000
542.000000,0.868944,0.867378,0.868549,0.870038,0.865064,10.050000
543.000000,0.868795,0.867527,0.868430,0.869717,0.869515,7.000000
544.000000,0.868988,0.868506,0.868328,0.869649,0.873410,7.250000
545.000000,0.867590,0.868358,0.867920,0.869376,0.863580,13.250000
546.000000,0.868549,0.868821,0.867892,0.869395,0.871177,10.450000
547.000000,0.867955,0.868450,0.867447,0.869024,0.862096,14.139900
548.000000,0.866472,0.867633,0.867152,0.868671,0.862096,3.000000
549.000000,0.863912,0.866450,0.866681,0.868416,0.860612,4.700000
550.000000,0.863912,0.865751,0.866463,0.868129,0.863580,4.399900
551.000000,0.861801,0.865175,0.866277,0.867671,0.860619,6.990000
552.000000,0.861689,0.864822,0.866100,0.867307,0.861539,7.490000
553.000000,0.861207,0.863839,0.865683,0.866900,0.859685,4.210100
554.000000,0.861207,0.862560,0.865533,0.866405,0.860612,4.250000
555.000000,0.860590,0.862251,0.865304,0.866030,0.860493,8.000000
556.000000,0.860588,0.861194,0.865008,0.865659,0.860612,5.410000
557.000000,0.860864,0.861277,0.864863,0.865390,0.862919,8.180000
558.000000,0.863124,0.862166,0.864900,0.865490,0.870984,10.980000
559.000000,0.864608,0.862908,0.864679,0.865423,0.868031,12.000000
560.000000,0.866264,0.863427,0.864589,0.865451,0.868773,8.730000
561.000000,0.867310,0.863949,0.864562,0.865501,0.865843,4.000000
562.000000,0.868917,0.864891,0.864857,0.865697,0.870954,10.000000
563.000000,0.866679,0.864902,0.864371,0.865423,0.859796,18.940000
564.000000,0.864750,0.864679,0.863619,0.865248,0.858386,4.940000
565.000000,0.863860,0.865062,0.863656,0.865224,0.864322,8.000000
566.000000,0.863408,0.865359,0.863277,0.865125,0.863580,4.000000
567.000000,0.861492,0.865204,0.863241,0.864977,0.861376,5.050000
568.000000,0.861655,0.864167,0.863166,0.864655,0.860612,4.000000
569.000000,0.862471,0.863611,0.863259,0.864323,0.862467,6.990000
570.000000,0.861734,0.862797,0.863112,0.863992,0.860634,2.870000
571.000000,0.864256,0.863832,0.863891,0.864319,0.876192,20.970000
572.000000,0.864400,0.862946,0.863918,0.864220,0.862096,19.000000
573.000000,0.865884,0.863770,0.864336,0.864170,0.868031,8.130000
574.000000,0.866700,0.864586,0.864632,0.863942,0.866547,2.870000
575.000000,0.868180,0.864957,0.865009,0.864090,0.868031,4.830000
576.000000,0.865880,0.865068,0.865213,0.863874,0.864693,11.000000
577.000000,0.866029,0.865215,0.865210,0.863899,0.862845,3.990000
578.000000,0.865288,0.865586,0.864877,0.863973,0.864322,6.700000
579.000000,0.864535,0.865618,0.864614,0.864045,0.862786,7.990000
580.000000,0.863571,0.865875,0.864336,0.864033,0.863209,4.800000
581.000000,0.863273,0.864576,0.864204,0.864119,0.863205,0.500000
582.000000,0.863346,0.864688,0.863817,0.864175,0.863209,4.230000
583.000000,0.862379,0.863833,0.863801,0.864168,0.859484,6.190000
584.000000,0.861647,0.863091,0.863838,0.864119,0.859128,8.080000
585.000000,0.860979,0.862275,0.863616,0.864098,0.859870,7.130000
586.000000,0.859719,0.861496,0.863282,0.863974,0.856903,5.980000
587.000000,0.857345,0.860345,0.862780,0.863588,0.851338,12.730000
588.000000,0.854899,0.858639,0.862112,0.862797,0.847258,12.629900
589.000000,0.852229,0.856938,0.861278,0.862055,0.845774,15.456000
590.000000,0.850448,0.855714,0.860794,0.861462,0.850967,12.000000
591.000000,0.848966,0.854342,0.859459,0.860917,0.849491,11.500000
592.000000,0.846710,0.852027,0.858358,0.859887,0.840061,17.699900
593.000000,0.845375,0.850137,0.856985,0.859247,0.840581,14.000000
594.000000,0.844485,0.848357,0.855724,0.858678,0.841322,6.750000
595.000000,0.843400,0.846924,0.854599,0.858052,0.845544,9.000000
596.000000,0.844140,0.846553,0.854025,0.857706,0.853193,10.310000
597.000000,0.846025,0.846367,0.853356,0.857309,0.849483,6.450000
598.000000,0.847197,0.846286,0.852462,0.856837,0.846442,10.000000
599.000000,0.848681,0.846583,0.851760,0.856379,0.848745,7.990000
600.000000,0.849469,0.846435,0.851074,0.856008,0.849483,4.500000
601.000000,0.848587,0.846363,0.850353,0.855094,0.848779,4.750000
602.000000,0.848661,0.847343,0.849685,0.854686,0.849854,3.710000
603.000000,0.849417,0.848307,0.849222,0.854092,0.850225,3.500000
604.000000,0.849120,0.848901,0.848629,0.853449,0.847258,7.500000
605.000000,0.849194,0.849332,0.848128,0.852844,0.849854,7.489900
606.000000,0.849531,0.849059,0.847806,0.852369,0.850463,3.750000
607.000000,0.848937,0.848799,0.847583,0.851837,0.846887,6.450000
608.000000,0.848552,0.848985,0.847635,0.851303,0.848296,3.980000
609.000000,0.848700,0.848910,0.847746,0.850810,0.848000,4.989800
610.000000,0.847891,0.848543,0.847489,0.850230,0.845811,5.999900
611.000000,0.846209,0.847870,0.847117,0.849525,0.842050,13.490000
612.000000,0.845014,0.846976,0.847159,0.848782,0.840914,9.980000
613.000000,0.843197,0.845874,0.847091,0.848106,0.839208,5.710000
614.000000,0.842306,0.845503,0.847202,0.847587,0.843548,7.490000
615.000000,0.841705,0.844798,0.847065,0.847018,0.842806,3.700000
616.000000,0.841560,0.843884,0.846472,0.846499,0.841323,2.860000
617.000000,0.841968,0.843491,0.846145,0.846219,0.842955,6.000000
618.000000,0.842391,0.842794,0.845889,0.846021,0.841322,6.150000
619.000000,0.842093,0.842199,0.845555,0.845897,0.842057,6.940000
620.000000,0.842389,0.842047,0.845295,0.845675,0.844290,4.910000
621.000000,0.842389,0.841975,0.844922,0.845403,0.841322,5.850000
622.000000,0.842174,0.842071,0.844523,0.845463,0.841879,8.370000
623.000000,0.842471,0.842431,0.844153,0.845537,0.842806,7.950000
624.000000,0.842176,0.842134,0.843819,0.845513,0.840581,11.989900
625.000000,0.842026,0.842208,0.843503,0.845446,0.843541,4.510000
626.000000,0.839770,0.841080,0.842482,0.844674,0.830046,19.990000
627.000000,0.836395,0.839284,0.841388,0.843858,0.825001,7.000000
628.000000,0.832908,0.837689,0.840242,0.843156,0.825371,9.900000
629.000000,0.829369,0.835772,0.838986,0.842294,0.822886,5.500000
630.000000,0.825806,0.833916,0.837982,0.841502,0.825728,12.209900
631.000000,0.824500,0.832135,0.837055,0.840660,0.823517,7.670000
632.000000,0.824618,0.830506,0.836289,0.839851,0.825587,4.000000
633.000000,0.824544,0.828726,0.835578,0.839010,0.825001,2.970000
634.000000,0.825410,0.827389,0.834762,0.838342,0.827219,6.000000
635.000000,0.825664,0.825735,0.833971,0.837580,0.826996,3.490000
636.000000,0.826005,0.825253,0.833166,0.836739,0.825223,3.489900
637.000000,0.826269,0.825443,0.832364,0.836073,0.826907,6.300000
638.000000,0.826529,0.825536,0.831613,0.835340,0.826299,4.250000
639.000000,0.826550,0.825980,0.830876,0.834651,0.827323,5.999900
640.000000,0.826840,0.826252,0.830084,0.834072,0.828450,3.120000
641.000000,0.826870,0.826438,0.829287,0.833516,0.825371,4.369900
642.000000,0.826489,0.826379,0.828443,0.832985,0.825001,1.500000
643.000000,0.826526,0.826527,0.827627,0.832561,0.826484,4.899900
644.000000,0.826572,0.826561,0.826975,0.832028,0.827553,5.800000
645.000000,0.826513,0.826677,0.826206,0.831540,0.828154,1.550000
646.000000,0.826846,0.826858,0.826056,0.831064,0.827041,2.180000
647.000000,0.827440,0.826964,0.826204,0.830564,0.827968,1.929900
648.000000,0.826401,0.826464,0.826000,0.829896,0.821291,10.000000
649.000000,0.825898,0.826235,0.826107,0.829329,0.825038,8.000000
650.000000,0.825475,0.825994,0.826123,0.828721,0.826039,4.632000
651.000000,0.825958,0.826402,0.826420,0.828325,0.829452,6.930000
652.000000,0.826403,0.826921,0.826650,0.827936,0.830194,2.479900
653.000000,0.827738,0.827070,0.826799,0.827441,0.827968,3.810000
654.000000,0.828318,0.827108,0.826835,0.827020,0.827938,5.590000
655.000000,0.828556,0.827016,0.826846,0.826476,0.827226,5.059900
656.000000,0.828407,0.827182,0.827020,0.826431,0.828710,4.359900
657.000000,0.827962,0.827182,0.827073,0.826530,0.827968,4.639900
658.000000,0.827809,0.827774,0.827119,0.826591,0.827204,4.799900
659.000000,0.828220,0.828269,0.827252,0.826828,0.829994,3.759900
660.000000,0.828666,0.828611,0.827302,0.826952,0.829452,4.490000
661.000000,0.827768,0.828088,0.827245,0.826976,0.824222,10.750000
662.000000,0.826878,0.827420,0.827171,0.826907,0.823517,5.999900
663.000000,0.826363,0.827086,0.827078,0.826894,0.824630,3.450000
664.000000,0.825366,0.826793,0.826951,0.826821,0.825008,4.945000
665.000000,0.824178,0.826422,0.826719,0.826705,0.823517,15.680000
666.000000,0.823704,0.825736,0.826459,0.826592,0.821847,10.710000
667.000000,0.822039,0.824458,0.825820,0.826202,0.815193,15.990000
668.000000,0.820332,0.823348,0.825561,0.825862,0.816098,6.490000
669.000000,0.818908,0.822137,0.825203,0.825547,0.817886,5.950000
670.000000,0.818169,0.821174,0.824892,0.825259,0.819822,7.580000
671.000000,0.817675,0.820689,0.824388,0.825060,0.819377,5.630000
672.000000,0.816819,0.819429,0.823424,0.824590,0.810912,13.830000
673.000000,0.815777,0.818055,0.822570,0.824070,0.810889,9.000000
674.000000,0.814233,0.816570,0.821682,0.823491,0.810162,3.500000
675.000000,0.811455,0.814812,0.820617,0.822750,0.805934,10.649900
676.000000,0.808622,0.813149,0.819442,0.822022,0.805214,5.830000
677.000000,0.808152,0.812485,0.818472,0.821375,0.808560,7.749900
678.000000,0.806975,0.811376,0.817362,0.820833,0.805006,6.920000
679.000000,0.806302,0.810267,0.816202,0.820224,0.806794,5.999900
680.000000,0.806367,0.808911,0.815042,0.819565,0.806260,4.739900
681.000000,0.806466,0.807544,0.814117,0.818774,0.805711,7.849900
682.000000,0.806638,0.807395,0.813412,0.818081,0.809420,9.000000
683.000000,0.807956,0.807466,0.812760,0.817535,0.811594,10.000000
684.000000,0.809223,0.807762,0.812166,0.817042,0.813130,6.950000
685.000000,0.811191,0.808779,0.811795,0.816671,0.816098,11.000000
686.000000,0.813268,0.809867,0.811508,0.816250,0.816098,4.000000
687.000000,0.815286,0.810962,0.811724,0.815969,0.819510,11.220000
688.000000,0.817077,0.812516,0.811946,0.815747,0.820549,6.930000
689.000000,0.818337,0.813780,0.812024,0.815395,0.819433,6.000000
690.000000,0.814680,0.812935,0.810923,0.814340,0.797810,29.145000
691.000000,0.811267,0.812268,0.809906,0.813500,0.799034,8.000000
692.000000,0.806151,0.810718,0.809057,0.812514,0.793929,8.380000
693.000000,0.801329,0.809203,0.808334,0.811574,0.796437,6.280000
694.000000,0.796692,0.807515,0.807639,0.810616,0.796252,3.989000
695.000000,0.796045,0.805363,0.807071,0.809651,0.794575,3.840000
696.000000,0.795229,0.803248,0.806558,0.808755,0.794953,2.500000
697.000000,0.795508,0.800830,0.805896,0.808092,0.795324,3.500000
698.000000,0.795879,0.798604,0.805560,0.807499,0.798292,4.000000
699.000000,0.796881,0.796787,0.805283,0.806945,0.801260,8.000000
700.000000,0.799995,0.798020,0.805478,0.806622,0.810148,11.989900
701.000000,0.804076,0.799653,0.805960,0.806488,0.815356,7.960000
702.000000,0.807919,0.801714,0.806216,0.806609,0.814540,6.000000
703.000000,0.811369,0.803624,0.806413,0.806764,0.815541,4.997500
704.000000,0.813817,0.805349,0.806432,0.806875,0.813501,4.890000
705.000000,0.814270,0.807132,0.806248,0.807091,0.812410,4.430000
706.000000,0.814270,0.809173,0.806210,0.807429,0.815356,8.959900
707.000000,0.815620,0.811769,0.806299,0.807854,0.821291,8.000000
708.000000,0.816918,0.814143,0.806374,0.808421,0.822033,8.989900
709.000000,0.819070,0.816443,0.806615,0.809003,0.824259,5.930000
710.000000,0.820979,0.817625,0.807822,0.809527,0.821959,5.960000
711.000000,0.822983,0.818626,0.809139,0.810182,0.825371,5.350000
712.000000,0.822477,0.819048,0.810381,0.810493,0.818761,12.500000
713.000000,0.821999,0.819458,0.811541,0.810762,0.819644,5.930000
714.000000,0.821104,0.820087,0.812718,0.810984,0.819785,6.180000
715.000000,0.821192,0.821086,0.814109,0.811194,0.822396,6.840000
716.000000,0.820761,0.821872,0.815522,0.811431,0.823220,4.120900
717.000000,0.821122,0.821799,0.816784,0.811466,0.820564,4.979900
718.000000,0.820709,0.821354,0.817749,0.811367,0.817578,10.589900
719.000000,0.818235,0.819670,0.818056,0.810967,0.807417,17.810000
720.000000,0.816974,0.819083,0.818354,0.811576,0.816090,13.990000
721.000000,0.815253,0.818007,0.818317,0.812095,0.814614,4.749900
722.000000,0.814784,0.817953,0.818501,0.812905,0.818220,7.060000
723.000000,0.815822,0.818265,0.818862,0.813783,0.822767,8.480000
724.000000,0.819042,0.818638,0.819363,0.814691,0.823517,4.450000
725.000000,0.820579,0.818776,0.819931,0.815665,0.823776,5.650000
726.000000,0.822790,0.819021,0.820447,0.816689,0.825668,4.590000
727.000000,0.824294,0.819539,0.820669,0.817703,0.825742,3.980000
728.000000,0.825328,0.820575,0.820964,0.818691,0.827938,4.000000
729.000000,0.826486,0.822764,0.821217,0.819626,0.829304,4.930000
730.000000,0.827757,0.824168,0.821625,0.820292,0.830135,3.280000
731.000000,0.829106,0.825948,0.821977,0.820860,0.832412,3.980000
732.000000,0.830017,0.827156,0.822554,0.821386,0.830298,3.000000
733.000000,0.830914,0.828121,0.823193,0.821948,0.832420,7.750000
734.000000,0.831611,0.829048,0.823843,0.822591,0.832790,5.000000
735.000000,0.831623,0.829690,0.824233,0.823184,0.830194,3.510000
736.000000,0.830265,0.829686,0.824353,0.823526,0.825624,12.450000
737.000000,0.829651,0.829834,0.824687,0.823724,0.827226,5.930000
738.000000,0.829197,0.830055,0.825315,0.823995,0.830149,4.000100
739.000000,0.828455,0.830033,0.826398,0.824155,0.829081,4.000000
740.000000,0.828232,0.829928,0.827048,0.824393,0.829081,1.500000
741.000000,0.828404,0.829335,0.827641,0.824430,0.826484,4.950000
742.000000,0.828627,0.829139,0.828147,0.824749,0.828339,3.970000
743.000000,0.826260,0.827729,0.827925,0.824705,0.818316,19.500000
744.000000,0.823664,0.826059,0.827554,0.824582,0.816098,14.650000
745.000000,0.820475,0.824354,0.827022,0.824273,0.813137,9.760000
746.000000,0.818576,0.823490,0.826588,0.824066,0.816988,7.990000
747.000000,0.816127,0.822377,0.826106,0.823917,0.816098,13.690000
748.000000,0.816270,0.821265,0.825660,0.823965,0.819028,5.210000
749.000000,0.816154,0.819909,0.824971,0.824235,0.815519,7.450000
750.000000,0.816846,0.818660,0.824294,0.824252,0.816597,5.480000
751.000000,0.817451,0.818013,0.823674,0.824432,0.820015,7.969900
752.000000,0.819536,0.817832,0.823485,0.824709,0.826521,10.710000
753.000000,0.817911,0.817091,0.822410,0.824313,0.810904,21.990000
754.000000,0.816246,0.816200,0.821130,0.823769,0.807195,5.000000
755.000000,0.815148,0.815997,0.820175,0.823347,0.811105,9.499000
756.000000,0.814973,0.816212,0.819851,0.823129,0.819139,14.720000
757.000000,0.815678,0.817607,0.819992,0.823273,0.830046,15.320000
758.000000,0.820411,0.819161,0.820213,0.823494,0.834571,14.999000
759.000000,0.825751,0.820999,0.820454,0.823647,0.833896,6.880000
760.000000,0.829783,0.822465,0.820563,0.823684,0.831262,4.939900
761.000000,0.831771,0.823372,0.820693,0.823573,0.829081,7.499000
762.000000,0.831356,0.823517,0.820674,0.823496,0.827968,5.097500
763.000000,0.829980,0.825196,0.821143,0.823338,0.827694,4.480000
764.000000,0.828572,0.827162,0.821681,0.823140,0.826855,6.350000
765.000000,0.827171,0.828477,0.822237,0.822943,0.824259,5.975000
766.000000,0.826281,0.829026,0.822619,0.822909,0.824630,7.750000
767.000000,0.824797,0.828076,0.822842,0.822687,0.820549,16.895400
768.000000,0.822463,0.826222,0.822691,0.822216,0.816023,11.490000
769.000000,0.820309,0.824440,0.822720,0.821783,0.816083,7.929900
770.000000,0.818268,0.822720,0.822593,0.821282,0.814057,6.500000
771.000000,0.816194,0.821238,0.822305,0.820874,0.814258,5.489900
772.000000,0.814712,0.819755,0.821636,0.820368,0.813137,4.000000
773.000000,0.813718,0.818090,0.821643,0.820126,0.811053,6.800000
774.000000,0.813287,0.816798,0.821980,0.820053,0.813931,9.800000
775.000000,0.813844,0.816056,0.822267,0.820177,0.816840,3.920000
776.000000,0.814212,0.815203,0.822115,0.820147,0.816098,5.530000
777.000000,0.814507,0.814609,0.821343,0.820098,0.814614,6.950000
778.000000,0.815328,0.814523,0.820372,0.819969,0.815155,5.000000
779.000000,0.815611,0.814449,0.819445,0.819963,0.815348,5.999900
780.000000,0.814424,0.814134,0.818427,0.819773,0.810904,7.640000
781.000000,0.812643,0.813428,0.817333,0.819346,0.807195,8.920000
782.000000,0.811605,0.813056,0.816405,0.818776,0.809420,5.000000
783.000000,0.807379,0.811353,0.814722,0.818213,0.794026,27.000000
784.000000,0.804116,0.809863,0.813331,0.817941,0.799034,12.000000
785.000000,0.803367,0.808895,0.812476,0.817809,0.807158,10.980000
786.000000,0.801215,0.806929,0.811066,0.817053,0.796437,16.490000
787.000000,0.800458,0.806031,0.810320,0.816239,0.805637,13.500000
788.000000,0.802452,0.804916,0.809719,0.815220,0.803997,5.399900
789.000000,0.803637,0.803876,0.809163,0.814255,0.804954,5.500000
790.000000,0.803347,0.803357,0.808745,0.813404,0.805711,3.490000
791.000000,0.805162,0.803188,0.808308,0.812618,0.805511,7.800000
792.000000,0.805963,0.803211,0.808133,0.812007,0.809643,11.899900
793.000000,0.807775,0.805114,0.808233,0.811519,0.813056,6.009000
794.000000,0.810234,0.806935,0.808399,0.811199,0.817248,9.990000
795.000000,0.813793,0.808570,0.808733,0.811174,0.823509,8.500000
796.000000,0.817395,0.811278,0.809104,0.811137,0.823517,6.880000
797.000000,0.820760,0.813362,0.809696,0.811334,0.826470,4.999000
798.000000,0.822704,0.815239,0.810077,0.811559,0.822775,8.867500
799.000000,0.824545,0.817389,0.810633,0.811905,0.826455,6.000000
800.000000,0.824992,0.819392,0.811375,0.812294,0.825742,2.999900
801.000000,0.825511,0.821453,0.812321,0.812690,0.826113,2.750000
802.000000,0.825514,0.823137,0.813174,0.813134,0.826484,2.490000
803.000000,0.826176,0.824440,0.814777,0.813636,0.826084,2.900000
804.000000,0.826033,0.825289,0.816112,0.814029,0.825742,3.195000
805.000000,0.825959,0.825475,0.817023,0.814314,0.825371,2.591500
806.000000,0.826567,0.826039,0.818659,0.814749,0.829155,5.500000
807.000000,0.827904,0.826709,0.820035,0.815367,0.833169,8.335000
808.000000,0.830313,0.828244,0.821742,0.816133,0.838125,7.220000
809.000000,0.833139,0.829586,0.823488,0.816951,0.839876,5.990000
810.000000,0.836752,0.831356,0.825374,0.818035,0.843437,6.850000
811.000000,0.839854,0.833210,0.827332,0.819284,0.844661,4.000000
812.000000,0.842222,0.835063,0.829100,0.820470,0.845010,4.500000
813.000000,0.844182,0.837247,0.830843,0.822267,0.847925,6.499900
814.000000,0.846280,0.839710,0.832499,0.823978,0.850366,8.000000
815.000000,0.845264,0.841008,0.833242,0.825018,0.838355,17.190000
816.000000,0.845189,0.842521,0.834280,0.826613,0.844290,9.999000
817.000000,0.845112,0.843667,0.835188,0.827913,0.844624,4.300000
818.000000,0.844164,0.844173,0.836209,0.829219,0.843185,3.500000
819.000000,0.843060,0.844670,0.837128,0.830549,0.844847,4.750000
820.000000,0.844358,0.844811,0.838083,0.831853,0.844847,2.000000
821.000000,0.844358,0.844774,0.838992,0.833146,0.844290,4.500000
822.000000,0.844292,0.844702,0.839882,0.834301,0.844290,2.390000
823.000000,0.844943,0.844554,0.840900,0.835413,0.846442,3.400000
824.000000,0.846316,0.844688,0.842199,0.836562,0.851709,12.105000
825.000000,0.848430,0.846394,0.843701,0.837626,0.855419,7.330000
826.000000,0.851398,0.847878,0.845200,0.838813,0.859128,8.000000
827.000000,0.855218,0.849755,0.846711,0.840044,0.863394,8.690000
828.000000,0.857904,0.851424,0.847798,0.841280,0.859870,9.389900
829.000000,0.859241,0.852778,0.848724,0.842345,0.858394,7.190000
830.000000,0.859983,0.854206,0.849509,0.843458,0.859126,7.023600
831.000000,0.859864,0.855631,0.850202,0.844538,0.858535,7.000000
832.000000,0.859307,0.857263,0.850982,0.845676,0.860612,5.570000
833.000000,0.860198,0.859051,0.851802,0.846951,0.864322,7.000000
834.000000,0.861101,0.860171,0.852429,0.848190,0.862912,3.000000
835.000000,0.862744,0.861363,0.853879,0.849589,0.867341,7.090000
836.000000,0.865089,0.862476,0.855177,0.850959,0.870257,9.390000
837.000000,0.867804,0.863556,0.856655,0.852326,0.874189,7.449900
838.000000,0.869659,0.864928,0.858176,0.853508,0.873595,8.390000
839.000000,0.870831,0.865966,0.859372,0.854471,0.868773,7.500000
840.000000,0.871258,0.867001,0.860604,0.855340,0.869478,6.438000
841.000000,0.871704,0.868396,0.862013,0.856267,0.872483,8.689000
842.000000,0.871661,0.869732,0.863498,0.857232,0.873974,11.000000
843.000000,0.871441,0.870550,0.864800,0.858051,0.872497,11.989000
844.000000,0.873222,0.872026,0.866099,0.858962,0.877676,9.760000
845.000000,0.875455,0.873357,0.867360,0.860371,0.880644,10.109000
846.000000,0.877829,0.874766,0.868621,0.861707,0.884353,5.910000
847.000000,0.880148,0.875904,0.869730,0.863072,0.885570,5.629900
848.000000,0.882593,0.877017,0.870973,0.864456,0.884724,4.998300
849.000000,0.884077,0.878649,0.872308,0.865798,0.885095,5.930000
850.000000,0.883780,0.879618,0.873309,0.866942,0.879160,11.469900
851.000000,0.881555,0.879692,0.874044,0.867906,0.873224,17.780000
852.000000,0.878936,0.879542,0.874637,0.868846,0.872475,5.945000
853.000000,0.876376,0.879485,0.875017,0.869695,0.871926,4.870000
854.000000,0.872221,0.878149,0.875088,0.870116,0.864322,10.250000
855.000000,0.869551,0.876665,0.875011,0.870462,0.865805,7.000000
856.000000,0.866657,0.874106,0.874436,0.870449,0.858757,13.960000
857.000000,0.863914,0.871425,0.873664,0.870295,0.858757,4.500000
858.000000,0.860983,0.868680,0.872848,0.870208,0.857273,4.975000
859.000000,0.860093,0.866157,0.872403,0.870258,0.859870,4.500000
860.000000,0.859054,0.864302,0.871960,0.870307,0.860612,3.927500
861.000000,0.860612,0.863635,0.871663,0.870574,0.866547,10.800000
862.000000,0.862370,0.863142,0.871342,0.870805,0.867549,5.000000
863.000000,0.865182,0.863083,0.871284,0.871039,0.871333,5.650000
864.000000,0.868150,0.864121,0.871135,0.871432,0.874708,6.890000
865.000000,0.871503,0.865279,0.870972,0.871767,0.877379,9.772000
866.000000,0.873877,0.867245,0.870675,0.872039,0.878418,4.739900
867.000000,0.876754,0.869562,0.870494,0.872297,0.881934,6.980000
868.000000,0.878353,0.871767,0.870223,0.872488,0.879323,8.800000
869.000000,0.880430,0.874290,0.870223,0.873032,0.885095,9.270000
870.000000,0.883457,0.877480,0.870891,0.873800,0.892514,12.580000
871.000000,0.885384,0.879631,0.871633,0.874319,0.888055,10.989900
872.000000,0.886462,0.881608,0.872375,0.874764,0.887321,11.590000
873.000000,0.887913,0.883133,0.873108,0.875233,0.886579,3.000000
874.000000,0.887172,0.883801,0.873961,0.875357,0.881393,11.000000
875.000000,0.885242,0.884349,0.874814,0.875431,0.882862,10.460000
876.000000,0.884205,0.884795,0.876020,0.875382,0.882869,15.399900
877.000000,0.883389,0.884925,0.877244,0.875304,0.883240,7.650000
878.000000,0.883424,0.885668,0.878718,0.875372,0.886757,9.309900
879.000000,0.882825,0.884999,0.879644,0.875149,0.878396,20.240000
880.000000,0.883568,0.884405,0.880943,0.875396,0.886579,17.280000
881.000000,0.888316,0.886261,0.882946,0.876509,0.906610,30.000000
882.000000,0.897471,0.890430,0.886019,0.878393,0.929016,49.470000
883.000000,0.904113,0.893769,0.888451,0.879995,0.919965,23.000000
884.000000,0.910824,0.896825,0.890313,0.881582,0.911952,20.590000
885.000000,0.915995,0.899782,0.892066,0.883137,0.912434,11.430000
886.000000,0.916003,0.902160,0.893477,0.884733,0.906647,10.999900
887.000000,0.909593,0.903532,0.894229,0.886007,0.896966,20.670000
888.000000,0.905438,0.904776,0.895222,0.887404,0.899191,8.108300
889.000000,0.903034,0.906929,0.895964,0.888739,0.899933,12.499900
890.000000,0.899356,0.907676,0.896040,0.889854,0.894042,14.130000
891.000000,0.896381,0.906192,0.896226,0.890694,0.891772,10.300000
892.000000,0.895787,0.902690,0.896560,0.891576,0.893998,7.460000
893.000000,0.895491,0.900464,0.897116,0.892455,0.897707,7.000000
894.000000,0.894897,0.898966,0.897895,0.893197,0.896966,6.990000
895.000000,0.895630,0.897493,0.898637,0.893875,0.897707,6.300000
896.000000,0.896817,0.896599,0.899379,0.894518,0.897707,4.989900
897.000000,0.896944,0.896366,0.899949,0.894941,0.894632,5.750000
898.000000,0.896499,0.895995,0.900385,0.895480,0.895482,4.850000
899.000000,0.895905,0.895401,0.901165,0.895776,0.893998,5.850000
900.000000,0.895349,0.895489,0.901583,0.895857,0.894925,3.490000
901.000000,0.894755,0.895786,0.900989,0.896080,0.894740,3.440000
902.000000,0.894511,0.895728,0.899209,0.896283,0.893412,3.700000
903.000000,0.893755,0.895127,0.897796,0.896453,0.891698,9.990000
904.000000,0.894127,0.895016,0.896991,0.896935,0.895860,9.880000
905.000000,0.893950,0.894650,0.896071,0.897308,0.894042,5.740000
906.000000,0.894593,0.894674,0.895637,0.897811,0.897952,6.490000
907.000000,0.896936,0.895724,0.896045,0.898540,0.905126,11.160000
908.000000,0.901550,0.897652,0.896824,0.899474,0.914769,14.999900
909.000000,0.905458,0.899793,0.897597,0.900708,0.915402,14.850000
910.000000,0.909143,0.901547,0.898518,0.901571,0.912464,6.599900
911.000000,0.911468,0.903030,0.899408,0.901670,0.909578,11.969900
912.000000,0.912358,0.904647,0.900187,0.901022,0.909578,7.420000
913.000000,0.911023,0.906287,0.900707,0.900626,0.908094,11.439900
914.000000,0.909413,0.907436,0.901226,0.900473,0.907352,31.840000
915.000000,0.909079,0.909111,0.901880,0.900418,0.910795,6.035700
916.000000,0.910563,0.911016,0.902845,0.900763,0.916997,9.850000
917.000000,0.911305,0.911832,0.903778,0.901307,0.913287,6.939900
918.000000,0.912419,0.911721,0.904687,0.901789,0.913666,8.000000
919.000000,0.913755,0.911584,0.905688,0.902259,0.914029,8.480000
920.000000,0.914402,0.911741,0.906644,0.902926,0.914029,11.889900
921.000000,0.914176,0.912370,0.907700,0.903729,0.915869,7.430000
922.000000,0.915252,0.913279,0.908963,0.904551,0.918666,6.000000
923.000000,0.916659,0.914539,0.910413,0.905317,0.920699,5.980000
924.000000,0.917549,0.915652,0.911544,0.906035,0.918481,5.499900
925.000000,0.918855,0.916628,0.912870,0.906796,0.920558,5.300000
926.000000,0.921009,0.917593,0.914304,0.907761,0.926642,9.647800
927.000000,0.923346,0.919299,0.915565,0.908951,0.930351,8.750000
928.000000,0.924683,0.920671,0.916196,0.910015,0.927384,9.000000
929.000000,0.924192,0.920871,0.916227,0.910749,0.916025,20.000000
930.000000,0.923923,0.921389,0.916565,0.911559,0.919215,14.689900
931.000000,0.920947,0.920978,0.916674,0.912126,0.911759,13.690000
932.000000,0.916718,0.920032,0.916655,0.912653,0.909207,6.450000
933.000000,0.912547,0.918615,0.916577,0.913147,0.906529,19.990000
934.000000,0.911035,0.917614,0.916633,0.913567,0.908465,10.390000
935.000000,0.908826,0.916375,0.916501,0.914038,0.908168,7.989900
936.000000,0.908240,0.914593,0.916093,0.914401,0.908829,9.990000
937.000000,0.908878,0.912798,0.916048,0.914643,0.912397,11.970000
938.000000,0.911268,0.911908,0.916289,0.914767,0.918481,8.970000
939.000000,0.913568,0.912301,0.916586,0.914919,0.919965,5.250000
940.000000,0.916521,0.912673,0.917031,0.915268,0.922932,9.000000
941.000000,0.919490,0.913865,0.917421,0.915737,0.923674,7.900000
942.000000,0.919652,0.914265,0.917148,0.915858,0.913206,18.000000
943.000000,0.916239,0.913753,0.916184,0.915636,0.901417,21.730000
944.000000,0.913396,0.913482,0.915548,0.915582,0.905750,18.720000
945.000000,0.910128,0.913324,0.914849,0.915442,0.906593,6.000000
946.000000,0.906271,0.912880,0.913737,0.915022,0.904388,6.831000
947.000000,0.903987,0.911819,0.912309,0.914639,0.901788,9.290000
948.000000,0.903987,0.910113,0.911010,0.914230,0.901417,6.000000
949.000000,0.903540,0.908468,0.910385,0.913880,0.903517,11.779900
950.000000,0.901763,0.905946,0.909309,0.913336,0.897707,8.150000
951.000000,0.899834,0.903052,0.908458,0.912632,0.894740,10.500000
952.000000,0.898350,0.901168,0.907717,0.911822,0.894369,7.840000
953.000000,0.897163,0.900575,0.907164,0.910981,0.895482,4.000000
954.000000,0.895259,0.899400,0.906441,0.910165,0.893998,7.000000
955.000000,0.896224,0.898994,0.906159,0.909564,0.902530,12.490000
956.000000,0.898746,0.899290,0.906085,0.908921,0.907352,8.500000
957.000000,0.903109,0.900729,0.906274,0.908449,0.916181,15.980000
958.000000,0.907115,0.902139,0.906126,0.908053,0.915513,5.000000
959.000000,0.910824,0.903042,0.905755,0.907937,0.912546,5.000000
960.000000,0.913767,0.904995,0.905470,0.907871,0.917242,6.739900
961.000000,0.915992,0.907369,0.905211,0.908095,0.918481,6.490000
962.000000,0.916304,0.909706,0.905437,0.908380,0.917739,6.589900
963.000000,0.915711,0.911413,0.905994,0.908580,0.912546,9.500000
964.000000,0.915711,0.913267,0.906334,0.908716,0.912546,4.000000
965.000000,0.914920,0.914343,0.906668,0.908887,0.913287,9.489900
966.000000,0.913213,0.914603,0.906946,0.908924,0.909949,10.800000
967.000000,0.911166,0.913735,0.907232,0.908761,0.907501,6.990000
968.000000,0.910232,0.912971,0.907555,0.908408,0.907879,8.999900
969.000000,0.908971,0.912341,0.907691,0.907950,0.906239,8.910000
970.000000,0.908036,0.911478,0.908237,0.907473,0.908613,8.289900
971.000000,0.907517,0.910365,0.908867,0.906929,0.907352,6.600000
972.000000,0.904816,0.907991,0.908849,0.906289,0.893998,20.990000
973.000000,0.896847,0.903540,0.907476,0.905176,0.868031,39.990000
974.000000,0.885798,0.897385,0.905326,0.903351,0.850997,32.000000
975.000000,0.871597,0.889817,0.902080,0.901051,0.837606,31.040000
976.000000,0.861759,0.884638,0.899620,0.899510,0.858164,34.740000
977.000000,0.857159,0.880988,0.897361,0.898484,0.870999,42.500000
978.000000,0.859013,0.877930,0.895451,0.897680,0.877297,14.500000
979.000000,0.862508,0.874153,0.893247,0.896512,0.868476,12.489900
980.000000,0.870790,0.871193,0.891336,0.895889,0.879011,22.806300
981.000000,0.874136,0.867947,0.889156,0.895227,0.874894,10.987500
982.000000,0.873987,0.865573,0.886782,0.894423,0.870257,12.250000
983.000000,0.874506,0.866760,0.885150,0.893904,0.879894,13.900000
984.000000,0.876643,0.869576,0.883480,0.893409,0.879160,8.999900
985.000000,0.876823,0.873806,0.881811,0.892655,0.879909,9.820000
986.000000,0.875599,0.874867,0.879753,0.891369,0.868773,19.650000
987.000000,0.872520,0.873253,0.877121,0.889325,0.854862,30.260000
988.000000,0.868648,0.871577,0.874754,0.887493,0.860538,17.200000
989.000000,0.864790,0.870717,0.872435,0.885737,0.859870,10.950000
990.000000,0.861930,0.869376,0.870285,0.884016,0.865605,10.770000
991.000000,0.861039,0.868319,0.868133,0.882210,0.864322,8.000000
992.000000,0.860854,0.866687,0.866130,0.880084,0.853935,14.000000
993.000000,0.857382,0.863015,0.864887,0.877771,0.843177,22.630100
994.000000,0.855601,0.860196,0.864886,0.875719,0.850967,15.999900
995.000000,0.853705,0.857817,0.865812,0.873813,0.856124,13.550000
996.000000,0.850886,0.855963,0.865415,0.871823,0.850225,16.999900
997.000000,0.850722,0.855788,0.864521,0.870010,0.853119,13.930000
998.000000,0.855698,0.856540,0.864059,0.868682,0.868053,32.100000
999.000000,0.858962,0.857282,0.863999,0.867384,0.867289,7.698400
1000.000000,0.861195,0.857450,0.863413,0.866006,0.867289,7.979800
1001.000000,0.864727,0.857806,0.863063,0.864691,0.867883,13.000000
1002.000000,0.867751,0.859237,0.862962,0.863832,0.868239,6.990000
1003.000000,0.867746,0.861722,0.862369,0.863832,0.868031,7.939900
1004.000000,0.868154,0.863558,0.861877,0.864443,0.869329,7.500000
1005.000000,0.866633,0.863914,0.860866,0.865179,0.859685,19.740000
1006.000000,0.865758,0.865242,0.860602,0.865357,0.863506,10.969900
1007.000000,0.865242,0.866496,0.861142,0.865179,0.865657,6.880000
1008.000000,0.865820,0.866783,0.861662,0.864967,0.870925,12.890000
1009.000000,0.868973,0.868564,0.862923,0.865521,0.885095,22.000000
1010.000000,0.872720,0.869677,0.863563,0.865501,0.878418,14.000000
1011.000000,0.875851,0.870804,0.864305,0.865643,0.879160,13.500000
1012.000000,0.879054,0.872148,0.865692,0.866024,0.881675,4.990000
1013.000000,0.880004,0.872912,0.867317,0.865883,0.875673,10.130000
1014.000000,0.879099,0.874036,0.868797,0.865930,0.880569,7.938000
1015.000000,0.879988,0.876354,0.870134,0.866029,0.882866,11.409900
1016.000000,0.879937,0.877894,0.871568,0.866366,0.878900,7.344900
1017.000000,0.880190,0.879622,0.873059,0.867302,0.882943,12.299900
1018.000000,0.880500,0.880252,0.873518,0.867858,0.877223,11.110000
1019.000000,0.879180,0.879139,0.873852,0.868328,0.873966,11.070000
1020.000000,0.876881,0.878435,0.874056,0.868520,0.871370,11.999900
1021.000000,0.876412,0.878174,0.874489,0.868928,0.876556,9.460000
1022.000000,0.874699,0.877445,0.874796,0.869610,0.874382,4.407700
1023.000000,0.874048,0.877274,0.875093,0.870636,0.873966,10.000000
1024.000000,0.874345,0.876762,0.875399,0.871452,0.875450,6.000000
1025.000000,0.875947,0.876414,0.876384,0.872227,0.879382,11.875000
1026.000000,0.877210,0.876811,0.877352,0.873316,0.882869,8.800000
1027.000000,0.879241,0.876970,0.878296,0.874363,0.884539,8.000000
1028.000000,0.881319,0.877683,0.878968,0.874906,0.884353,6.493000
1029.000000,0.882657,0.878501,0.878820,0.875401,0.882142,5.750000
1030.000000,0.883800,0.879873,0.879154,0.875995,0.885095,10.980000
1031.000000,0.884579,0.880894,0.879534,0.876624,0.886764,9.490000
1032.000000,0.884987,0.882114,0.879779,0.877236,0.886579,7.939900
1033.000000,0.885543,0.883431,0.880353,0.877872,0.887135,6.830000
1034.000000,0.886574,0.884616,0.880689,0.878471,0.887298,8.859900
1035.000000,0.886649,0.885224,0.880819,0.879331,0.885466,3.740000
1036.000000,0.886276,0.885427,0.881119,0.880044,0.884902,4.999900
1037.000000,0.885533,0.885260,0.881115,0.880617,0.882862,15.980000
1038.000000,0.882010,0.883777,0.880730,0.880571,0.869522,17.980000
1039.000000,0.879641,0.883107,0.880804,0.880249,0.875450,10.740000
1040.000000,0.878528,0.882588,0.881231,0.880299,0.879902,10.970000
1041.000000,0.876637,0.881457,0.881176,0.880175,0.875450,8.485000
1042.000000,0.875437,0.880485,0.881299,0.880015,0.876860,8.869900
1043.000000,0.876622,0.879316,0.881374,0.880007,0.875450,6.740000
1044.000000,0.877439,0.878540,0.881578,0.879973,0.879531,6.900000
1045.000000,0.877131,0.877830,0.881527,0.879823,0.878366,8.480000
1046.000000,0.878615,0.877626,0.881527,0.879955,0.882869,10.000000
1047.000000,0.879520,0.877479,0.881369,0.879903,0.881385,23.590000
1048.000000,0.880780,0.878701,0.881239,0.880054,0.881749,5.000000
1049.000000,0.881066,0.879252,0.881180,0.880287,0.880959,4.740000
1050.000000,0.881373,0.879252,0.880920,0.880571,0.879902,6.898700
1051.000000,0.880631,0.879623,0.880540,0.880658,0.879160,5.000000
1052.000000,0.879147,0.879334,0.879909,0.880644,0.873966,7.000000
1053.000000,0.876879,0.878829,0.879073,0.880525,0.870405,11.989900
1054.000000,0.875628,0.878347,0.878443,0.880501,0.874708,9.300000
1055.000000,0.875090,0.878231,0.878030,0.880428,0.877209,4.950000
1056.000000,0.875415,0.878023,0.877825,0.880359,0.880785,5.740000
1057.000000,0.876755,0.877951,0.877715,0.880230,0.880666,10.000000
1058.000000,0.879803,0.878341,0.878521,0.880273,0.885648,11.319900
1059.000000,0.882956,0.879292,0.879272,0.880551,0.890474,6.882600
1060.000000,0.885275,0.880183,0.879717,0.880674,0.888805,8.137400
1061.000000,0.887176,0.881295,0.880459,0.880792,0.890288,4.750000
1062.000000,0.889368,0.883061,0.881197,0.880960,0.891624,6.500000
1063.000000,0.890532,0.885167,0.881998,0.881104,0.891468,4.470000
1064.000000,0.890495,0.886725,0.882536,0.881204,0.890288,6.880000
1065.000000,0.891164,0.888220,0.883225,0.881427,0.892151,7.960000
1066.000000,0.892054,0.889615,0.883819,0.881755,0.894740,6.590000
1067.000000,0.891787,0.890577,0.884264,0.882002,0.890288,15.989900
1068.000000,0.891106,0.890819,0.884580,0.882620,0.888063,7.390000
1069.000000,0.890373,0.890434,0.884863,0.882993,0.886623,4.860000
1070.000000,0.890742,0.890953,0.885568,0.883463,0.893998,13.340000
1071.000000,0.890149,0.891101,0.886198,0.884007,0.891772,7.792000
1072.000000,0.890165,0.890976,0.887019,0.884457,0.890370,5.999900
1073.000000,0.891003,0.891054,0.888111,0.885017,0.892250,8.850000
1074.000000,0.892175,0.891274,0.889000,0.885449,0.892484,5.110000
1075.000000,0.892620,0.891681,0.889950,0.886044,0.896224,7.030000
1076.000000,0.893067,0.891608,0.890611,0.886415,0.894005,8.489900
1077.000000,0.894475,0.892320,0.891449,0.886949,0.897411,8.125700
1078.000000,0.895237,0.893120,0.891969,0.887426,0.896059,4.340000
1079.000000,0.896699,0.894437,0.892435,0.888054,0.899796,7.211800
1080.000000,0.896847,0.894734,0.892843,0.888623,0.896966,9.290000
1081.000000,0.897736,0.895401,0.893251,0.889266,0.898449,9.970000
1082.000000,0.897499,0.895987,0.893481,0.890008,0.896224,14.180000
1083.000000,0.897977,0.896607,0.893830,0.890943,0.898449,7.800000
1084.000000,0.897707,0.897203,0.894239,0.891734,0.898449,9.000000
1085.000000,0.898405,0.897626,0.894654,0.892509,0.900452,4.950000
1086.000000,0.899073,0.898404,0.895006,0.893209,0.901788,3.528200
1087.000000,0.900482,0.898990,0.895655,0.893963,0.903272,4.500000
1088.000000,0.900841,0.899409,0.896264,0.894449,0.900245,32.300000
1089.000000,0.900515,0.899111,0.896774,0.894661,0.896817,7.420000
1090.000000,0.899593,0.898999,0.896866,0.894895,0.895845,4.860000
1091.000000,0.898522,0.898797,0.897099,0.895100,0.896431,5.410300
1092.000000,0.896667,0.898575,0.897281,0.895179,0.893998,4.830000
1093.000000,0.896911,0.898876,0.897741,0.895512,0.901461,16.700000
1094.000000,0.898676,0.899596,0.898399,0.896024,0.905646,6.000000
1095.000000,0.899657,0.899625,0.898626,0.896311,0.900749,23.430000
1096.000000,0.900430,0.899476,0.898940,0.896496,0.900297,12.134000
1097.000000,0.902246,0.899457,0.899224,0.896922,0.903079,8.250000
1098.000000,0.903423,0.900167,0.899788,0.897565,0.907345,7.490000
1099.000000,0.904061,0.901369,0.900240,0.898306,0.908836,7.500000
1100.000000,0.905975,0.902816,0.900908,0.898850,0.910320,5.000000
1101.000000,0.908099,0.904264,0.901531,0.899488,0.910913,7.550000
1102.000000,0.909713,0.905980,0.902277,0.900180,0.911151,8.260000
1103.000000,0.911421,0.907422,0.903149,0.900968,0.915884,7.200000
1104.000000,0.913053,0.908557,0.904076,0.901785,0.916997,8.280000
1105.000000,0.914314,0.910145,0.904885,0.902465,0.916626,3.790000
1106.000000,0.915455,0.911777,0.905627,0.903219,0.916619,3.990000
1107.000000,0.917070,0.913391,0.906424,0.903946,0.919223,9.479900
1108.000000,0.917292,0.914357,0.907262,0.904644,0.916997,8.750000
1109.000000,0.917441,0.915247,0.908308,0.905242,0.917739,7.800000
1110.000000,0.918257,0.916286,0.909551,0.906034,0.920707,9.989900
1111.000000,0.918778,0.917116,0.910690,0.906726,0.919223,7.230000
1112.000000,0.919373,0.918221,0.912100,0.907592,0.922198,10.980000
1113.000000,0.921049,0.919171,0.913296,0.908490,0.925381,6.450000
1114.000000,0.922978,0.920209,0.914383,0.909454,0.927384,4.060000
1115.000000,0.924315,0.921286,0.915715,0.910352,0.927391,8.969900
1116.000000,0.926244,0.922511,0.917144,0.911255,0.928868,8.990000
1117.000000,0.928016,0.923694,0.918543,0.912181,0.931056,7.940000
1118.000000,0.928609,0.924829,0.919593,0.913118,0.928348,8.750000
1119.000000,0.929034,0.926006,0.920627,0.914207,0.929507,3.200000
1120.000000,0.930601,0.927458,0.921872,0.915520,0.935223,10.967500
1121.000000,0.932678,0.929461,0.923289,0.916947,0.939254,16.700000
1122.000000,0.936647,0.932331,0.925276,0.918844,0.950902,15.720000
1123.000000,0.942909,0.935759,0.927465,0.920784,0.959657,18.970000
1124.000000,0.950200,0.939617,0.929913,0.922795,0.965963,13.740000
1125.000000,0.956140,0.943370,0.932328,0.924934,0.964924,14.440000
1126.000000,0.959553,0.946115,0.934313,0.926801,0.956318,19.500000
1127.000000,0.959820,0.948233,0.935964,0.928440,0.952238,10.000000
1128.000000,0.958566,0.950737,0.937783,0.929974,0.953388,9.930000
1129.000000,0.956075,0.953137,0.939572,0.931463,0.953506,11.709900
1130.000000,0.951237,0.953689,0.940573,0.932477,0.940738,22.010000
1131.000000,0.946934,0.953244,0.941352,0.933274,0.934803,26.130000
1132.000000,0.943743,0.951781,0.942056,0.934111,0.936279,12.147500
1133.000000,0.941213,0.949889,0.942824,0.934940,0.940738,13.369900
1134.000000,0.941775,0.948925,0.944271,0.936250,0.956318,21.400000
1135.000000,0.944295,0.947766,0.945568,0.937474,0.953336,13.000000
1136.000000,0.947411,0.947173,0.946644,0.938600,0.950383,7.890000
1137.000000,0.950825,0.947284,0.947759,0.939737,0.953350,6.900000
1138.000000,0.952773,0.946993,0.948865,0.940853,0.950479,8.000000
1139.000000,0.953515,0.947645,0.950391,0.942263,0.960028,12.870000
1140.000000,0.954270,0.949283,0.951486,0.943476,0.957112,6.479900
1141.000000,0.956325,0.951868,0.952556,0.944858,0.960658,4.850000
1142.000000,0.957787,0.954306,0.953044,0.946140,0.960658,5.839900
1143.000000,0.960023,0.956398,0.953144,0.947349,0.961660,10.199900
1144.000000,0.960246,0.956880,0.952903,0.948474,0.961140,5.000000
1145.000000,0.961274,0.957772,0.952769,0.949636,0.962253,5.490000
1146.000000,0.961593,0.958959,0.953066,0.950749,0.962253,6.840000
1147.000000,0.961044,0.959416,0.953350,0.951644,0.957913,13.830000
1148.000000,0.960569,0.960296,0.953645,0.952676,0.959286,6.700000
1149.000000,0.961268,0.960757,0.954201,0.953846,0.964635,10.000000
1150.000000,0.962017,0.961646,0.955464,0.954872,0.966000,6.550000
1151.000000,0.962756,0.962175,0.957021,0.955762,0.965948,5.990000
1152.000000,0.963773,0.962408,0.958357,0.956165,0.962995,1301.980000
1153.000000,0.964813,0.962691,0.959545,0.956326,0.964487,9.990000
1154.000000,0.965375,0.963322,0.960101,0.956376,0.967447,5.000000
1155.000000,0.966258,0.964138,0.960955,0.956559,0.970414,7.240000
1156.000000,0.967148,0.964952,0.961956,0.957028,0.970399,6.470000
1157.000000,0.968706,0.966240,0.962828,0.957646,0.970785,5.677500
1158.000000,0.968705,0.966759,0.963528,0.958016,0.964479,12.490000
1159.000000,0.967842,0.966609,0.963683,0.958337,0.963133,10.040600
1160.000000,0.965912,0.966085,0.963865,0.959004,0.960762,14.285600
1161.000000,0.964505,0.965827,0.964001,0.959957,0.963366,9.280000
1162.000000,0.963983,0.966345,0.964377,0.961020,0.968174,7.990000
1163.000000,0.964060,0.966382,0.964537,0.961824,0.964865,5.980000
1164.000000,0.965215,0.966529,0.964925,0.962244,0.968908,5.970000
1165.000000,0.966700,0.966306,0.965222,0.962739,0.968189,6.730000
1166.000000,0.968110,0.966308,0.965630,0.963406,0.970414,6.278100
1167.000000,0.968563,0.966273,0.966256,0.963976,0.970437,3.440000
1168.000000,0.969672,0.966866,0.966813,0.964640,0.970414,3.980000
1169.000000,0.969831,0.967523,0.967066,0.964963,0.969702,3.900000
1170.000000,0.970128,0.968414,0.967250,0.965382,0.969672,3.490000
1171.000000,0.970129,0.969120,0.967473,0.965707,0.970422,4.290000
1172.000000,0.970422,0.969492,0.967918,0.966082,0.971898,4.128500
1173.000000,0.971506,0.970589,0.968486,0.966554,0.975835,8.970000
1174.000000,0.972979,0.971405,0.968967,0.967085,0.977070,5.460000
1175.000000,0.974612,0.972370,0.969338,0.967605,0.977833,4.000000
1176.000000,0.976244,0.973187,0.969747,0.968149,0.978585,6.300000
1177.000000,0.976437,0.973429,0.969851,0.968647,0.972863,10.490000
1178.000000,0.976392,0.973949,0.970407,0.969191,0.975608,9.700000
1179.000000,0.976248,0.974614,0.971068,0.969582,0.976350,6.160000
1180.000000,0.976010,0.975311,0.971863,0.969937,0.976646,6.320000
1181.000000,0.975593,0.975919,0.972519,0.970288,0.976498,5.000000
1182.000000,0.976735,0.976586,0.973039,0.970808,0.978575,4.800000
1183.000000,0.977329,0.976860,0.973725,0.971277,0.978575,4.000000
1184.000000,0.977796,0.977022,0.974214,0.971652,0.978687,7.009900
1185.000000,0.978479,0.977245,0.974807,0.971973,0.980059,2.370000
1186.000000,0.976830,0.976212,0.974699,0.971902,0.968255,20.000000
1187.000000,0.975539,0.976137,0.974783,0.971946,0.972121,8.480000
1188.000000,0.973395,0.975362,0.974655,0.972059,0.967855,20.680000
1189.000000,0.971505,0.974651,0.974632,0.972262,0.969235,9.640000
1190.000000,0.970169,0.974324,0.974818,0.972683,0.973382,7.580000
1191.000000,0.971640,0.974235,0.975077,0.973091,0.975608,4.641900
1192.000000,0.973355,0.974447,0.975517,0.973509,0.980697,10.010000
1193.000000,0.976390,0.974892,0.975876,0.974114,0.983027,10.479900
1194.000000,0.975439,0.973472,0.975247,0.973966,0.964479,27.350000
1195.000000,0.973876,0.972023,0.974634,0.973879,0.965570,5.989900
1196.000000,0.970908,0.971274,0.973743,0.973558,0.960770,9.719900
1197.000000,0.966775,0.970065,0.973101,0.973211,0.960028,10.000000
1198.000000,0.962915,0.969652,0.972507,0.972988,0.963730,9.590000
1199.000000,0.963101,0.969270,0.971960,0.972845,0.965406,6.740000
1200.000000,0.961399,0.967637,0.970981,0.972424,0.957060,16.250000
1201.000000,0.959657,0.965283,0.969759,0.971812,0.952060,11.020000
1202.000000,0.959809,0.963292,0.968870,0.971442,0.960792,20.430000
1203.000000,0.959069,0.960992,0.967942,0.970915,0.960028,1.030000
1204.000000,0.958290,0.960695,0.967084,0.970396,0.961511,10.670000
1205.000000,0.960071,0.960735,0.966379,0.970001,0.965963,6.990000
1206.000000,0.963221,0.961439,0.966356,0.969641,0.967810,8.200000
1207.000000,0.965442,0.962626,0.966345,0.969609,0.971898,11.980000
1208.000000,0.966632,0.962851,0.966251,0.969288,0.965978,9.990000
1209.000000,0.967967,0.963129,0.966199,0.969016,0.968189,3.980000
1210.000000,0.967819,0.963945,0.965791,0.968635,0.965221,4.010000
1211.000000,0.967746,0.965484,0.965383,0.968334,0.967447,4.120000
1212.000000,0.967021,0.966231,0.964762,0.967990,0.968270,4.520000
1213.000000,0.966721,0.966677,0.963834,0.967520,0.964479,12.790000
1214.000000,0.965237,0.966602,0.963649,0.966923,0.960770,9.690000
1215.000000,0.964941,0.966380,0.963557,0.966379,0.963737,6.700000
1216.000000,0.964050,0.965898,0.963669,0.966204,0.962995,10.000000
1217.000000,0.962841,0.964931,0.963778,0.965874,0.962224,6.000000
1218.000000,0.962841,0.964781,0.963816,0.965761,0.964479,5.537400
1219.000000,0.964436,0.964837,0.963983,0.965745,0.968745,9.790000
1220.000000,0.966769,0.965855,0.964900,0.965812,0.975400,20.990000
1221.000000,0.969024,0.966537,0.966010,0.965768,0.974272,5.490000
1222.000000,0.971701,0.967271,0.966751,0.965598,0.975608,6.440000
1223.000000,0.974421,0.968631,0.967654,0.965433,0.978078,8.990000
1224.000000,0.975744,0.970090,0.968346,0.965796,0.975363,14.090000
1225.000000,0.975192,0.970980,0.968680,0.966032,0.972640,4.920000
1226.000000,0.975459,0.972242,0.969070,0.966526,0.975608,11.930000
1227.000000,0.975999,0.973850,0.969390,0.967136,0.978308,7.140000
1228.000000,0.976099,0.975260,0.970020,0.967630,0.978575,5.100000
1229.000000,0.976155,0.975950,0.970393,0.967972,0.975645,8.450000
1230.000000,0.976897,0.976045,0.970950,0.968615,0.976350,6.920000
1231.000000,0.976378,0.975919,0.971228,0.969313,0.973011,10.970000
1232.000000,0.975841,0.975920,0.971595,0.969807,0.975622,13.490000
1233.000000,0.976582,0.976340,0.972486,0.970549,0.982283,9.970000
1234.000000,0.978305,0.977230,0.973660,0.971307,0.984257,9.648000
1235.000000,0.979937,0.978417,0.974699,0.971926,0.984511,9.339500
1236.000000,0.981929,0.979154,0.975698,0.972431,0.982975,4.640000
1237.000000,0.983516,0.979678,0.976764,0.972820,0.983554,11.460000
1238.000000,0.982626,0.979604,0.977432,0.973215,0.977833,10.711100
1239.000000,0.982528,0.980416,0.978183,0.973734,0.983769,12.990000
1240.000000,0.983864,0.981900,0.978972,0.974600,0.991188,12.690000
1241.000000,0.986101,0.984015,0.979967,0.975490,0.994163,10.470000
1242.000000,0.988370,0.985943,0.980931,0.976378,0.994897,5.907500
1243.000000,0.992669,0.987647,0.981994,0.977539,0.999326,13.480000
1244.000000,0.995915,0.989222,0.983226,0.978847,1.000000,14.987400
