0.000000,0.968673,0.968704,0.967584,0.964960,0.969893,0.100000
1.000000,0.968597,0.969428,0.967870,0.965417,0.974085,0.160000
2.000000,0.968063,0.969809,0.967946,0.965798,0.971799,0.160000
3.000000,0.970732,0.969581,0.968022,0.966321,0.971799,0.000000
4.000000,0.971875,0.969931,0.968022,0.966740,0.971799,25.500000
5.000000,0.972637,0.970655,0.968270,0.966969,0.973704,0.150000
6.000000,-1234.000000,-1234.000000,-1234.000000,-1234.000000,-1234.000000,-1234.000000
7.000000,0.973704,0.970570,0.969187,0.967736,-1234.000000,-1234.000000
8.000000,0.974657,0.972476,0.969889,0.969497,0.975610,0.050000
9.000000,0.974181,0.972900,0.970290,0.969431,0.969893,0.150000
10.000000,0.972847,0.972730,0.970611,0.969181,0.968369,0.096800
11.000000,0.973018,0.972688,0.970972,0.969365,0.973704,0.140000
12.000000,0.972027,0.972773,0.971213,0.969444,0.972561,0.130000
13.000000,0.972104,0.973238,0.971313,0.969641,0.975991,0.100000
14.000000,0.972866,0.973450,0.971598,0.969707,0.973704,0.060000
15.000000,0.972942,0.972900,0.971718,0.969707,0.968750,0.180000
16.000000,0.973110,0.973064,0.971722,0.969998,0.974543,0.179900
17.000000,0.973720,0.972873,0.971783,0.970458,0.975610,0.028000
18.000000,0.972881,0.972492,0.972485,0.970787,0.971799,0.200000
19.000000,0.971738,0.972302,0.972585,0.970984,0.967988,0.490000
20.000000,0.972348,0.972645,0.972685,0.971312,0.971799,0.152000
21.000000,0.972485,0.972797,0.972746,0.971602,0.975229,0.090000
22.000000,0.972104,0.972912,0.972846,0.971799,0.973704,0.110000
23.000000,0.972562,0.972721,0.972966,0.971799,0.974089,0.150000
24.000000,0.974087,0.972912,0.973167,0.972051,0.975614,0.139900
25.000000,0.974090,0.973219,0.973068,0.972236,0.971814,0.199600
26.000000,0.974166,0.973325,0.973195,0.972275,0.975610,0.099600
27.000000,0.973861,0.972982,0.972928,0.972196,0.972180,0.090000
28.000000,0.973479,0.973021,0.972756,0.972670,0.972180,25.510000
29.000000,0.972793,0.973440,0.972871,0.972880,0.972180,0.010000
30.000000,0.972790,0.973440,0.973042,0.972945,0.971799,0.109900
31.000000,0.972790,0.973478,0.973138,0.972998,0.975610,0.100000
32.000000,0.972942,0.973402,0.973157,0.973037,0.972942,0.070000
33.000000,0.973095,0.973287,0.973004,0.973077,0.972942,0.100000
34.000000,0.973780,0.973287,0.973099,0.973208,0.975610,0.070000
35.000000,0.974543,0.973666,0.973442,0.973274,0.975610,25.600000
36.000000,0.975305,0.974047,0.973686,0.973479,0.979421,0.119900
37.000000,0.976982,0.974962,0.973972,0.973606,0.981326,0.060000
38.000000,0.979040,0.976067,0.974544,0.973860,0.983232,0.050000
39.000000,0.980564,0.977172,0.975306,0.974305,0.983232,25.800000
40.000000,0.981936,0.978239,0.975840,0.974775,0.982470,0.090000
41.000000,0.982698,0.979002,0.976240,0.975092,0.983232,0.020000
42.000000,0.983079,0.980030,0.976716,0.975448,0.983232,0.050000
43.000000,0.982698,0.980869,0.977078,0.975626,0.981326,0.050000
44.000000,0.981936,0.981250,0.977268,0.975816,0.979421,0.050000
45.000000,0.981326,0.981631,0.977649,0.976172,0.979421,25.700000
46.000000,0.980640,0.981669,0.977858,0.976347,0.979802,0.010000
47.000000,0.980640,0.981860,0.978411,0.976601,0.983232,0.200000
48.000000,0.981021,0.981860,0.978963,0.976982,0.983232,25.800000
49.000000,0.981784,0.981860,0.979516,0.977491,0.983232,0.130000
50.000000,0.983689,0.982508,0.980373,0.978062,0.988948,0.150000
51.000000,0.985137,0.982889,0.980945,0.978456,0.987043,0.170000
52.000000,0.986662,0.983651,0.981841,0.979028,0.990854,0.100000
53.000000,0.988540,0.984780,0.982825,0.979645,0.992622,0.050000
54.000000,0.990064,0.985924,0.983587,0.980153,0.990854,0.050000
55.000000,0.991207,0.987448,0.984540,0.980915,0.994665,0.200000
56.000000,0.993799,0.989468,0.985569,0.981728,1.000000,0.200000
57.000000,0.995323,0.990992,0.986426,0.982605,0.998476,0.096300
58.000000,0.991692,0.990116,0.985988,0.982681,0.974466,0.700000
59.000000,0.987805,0.988934,0.985397,0.982655,0.971418,0.080000
60.000000,0.984680,0.987944,0.985226,0.982897,0.979040,0.300000
61.000000,0.980754,0.987276,0.985083,0.983056,0.980370,0.100000
62.000000,0.977629,0.986476,0.985063,0.983386,0.982851,0.230000
63.000000,0.979381,0.985537,0.985159,0.983729,0.983228,0.110000
64.000000,0.981675,0.984740,0.985332,0.983971,0.982889,0.100000
65.000000,0.980380,0.982530,0.984989,0.983870,0.972561,0.291000
66.000000,0.980182,0.980468,0.984968,0.983868,0.979383,0.179000
67.000000,0.980868,0.979248,0.985120,0.984034,0.986280,0.186000
68.000000,0.979726,0.979553,0.984835,0.983843,0.977515,0.237500
69.000000,0.978651,0.980163,0.984549,0.983652,0.977515,25.650000
70.000000,0.980945,0.980662,0.984303,0.983705,0.984032,1.340000
71.000000,0.981276,0.980729,0.984003,0.983631,0.981037,0.271000
72.000000,0.980285,0.980577,0.983526,0.983568,0.981326,0.007600
73.000000,0.979523,0.979624,0.982580,0.983314,0.973704,0.376400
74.000000,0.978761,0.978706,0.981723,0.983123,0.973704,25.550000
75.000000,0.977838,0.979392,0.980961,0.983123,0.979421,0.150000
76.000000,0.977896,0.979586,0.980027,0.983174,0.981326,0.050000
77.000000,0.977896,0.979091,0.979170,0.983111,0.981326,0.100000
78.000000,0.980063,0.979793,0.979673,0.983154,0.984535,0.166000
79.000000,0.982883,0.980822,0.980492,0.983306,0.987805,0.105700
80.000000,0.984255,0.981046,0.980854,0.983217,0.986280,0.080000
81.000000,0.985245,0.981571,0.981150,0.983192,0.986280,25.880000
82.000000,0.986236,0.982066,0.981321,0.983040,0.986280,25.880000
83.000000,0.986738,0.983400,0.981512,0.982854,0.987043,0.020000
84.000000,0.986433,0.984658,0.981682,0.982701,0.986280,0.020000
85.000000,0.986738,0.985496,0.982444,0.982473,0.987805,0.040000
86.000000,0.988261,0.986753,0.983170,0.982269,0.993899,0.159900
87.000000,0.989785,0.988011,0.983551,0.982117,0.993899,26.079900
88.000000,0.991156,0.988947,0.984370,0.982764,0.993899,26.079900
89.000000,0.992680,0.989556,0.985189,0.983514,0.993899,26.079900
90.000000,0.993899,0.990319,0.985683,0.984009,0.993902,0.110000
91.000000,0.994129,0.991195,0.986383,0.984498,0.995046,0.040000
92.000000,0.994282,0.992034,0.987050,0.984892,0.994665,0.060000
93.000000,0.994054,0.992605,0.988003,0.985210,0.992759,0.098400
94.000000,0.994132,0.993406,0.989032,0.985590,0.994287,0.040100
95.000000,0.995351,0.994625,0.990061,0.986504,1.000000,0.159900
96.000000,0.995275,0.994702,0.990728,0.987014,0.994665,0.140000
97.000000,0.995275,0.994779,0.991395,0.987293,0.994665,26.100000
98.000000,0.995656,0.994855,0.991901,0.987865,0.994665,0.750000
99.000000,0.994665,0.994398,0.991977,0.988259,0.989329,0.140000
100.000000,0.992683,0.994017,0.992168,0.988461,0.990091,0.180000
101.000000,0.991921,0.993598,0.992397,0.988788,0.990854,0.170000
102.000000,0.990404,0.992840,0.992437,0.988980,0.987081,0.099000
103.000000,0.989642,0.992649,0.992627,0.989551,0.990854,0.099000
104.000000,0.987591,0.991128,0.992267,0.989731,0.979078,0.310000
105.000000,0.986066,0.989375,0.992000,0.989832,0.982466,0.088900
106.000000,0.983856,0.987888,0.991295,0.989781,0.979802,0.089900
107.000000,0.982400,0.986402,0.990590,0.989730,0.979802,25.710000
108.000000,-1234.000000,-1234.000000,-1234.000000,-1234.000000,-1234.000000,-1234.000000
109.000000,0.980468,0.984425,0.989674,0.989634,-1234.000000,-1234.000000
110.000000,0.977896,0.982435,0.988531,0.989147,0.972180,0.200000
111.000000,0.974467,0.979683,0.987007,0.988451,0.966086,0.160000
112.000000,0.974372,0.978832,0.986204,0.988214,0.979421,0.349900
113.000000,0.975382,0.977562,0.985502,0.987952,0.979421,25.700000
114.000000,0.975306,0.977600,0.984720,0.987715,0.979421,0.000000
115.000000,0.976754,0.977262,0.983637,0.987426,0.979421,0.000000
116.000000,0.979421,0.977219,0.982835,0.986927,0.979421,0.289900
117.000000,0.978506,0.976669,0.981792,0.986270,0.974848,0.220000
118.000000,0.977363,0.976372,0.980688,0.985573,0.973704,0.030000
119.000000,0.975076,0.975191,0.979565,0.984680,0.967988,0.150000
120.000000,0.973323,0.975038,0.978542,0.983878,0.970655,0.400000
121.000000,0.973316,0.976368,0.977938,0.983338,0.979383,0.230000
122.000000,0.970267,0.974386,0.976492,0.982129,0.959604,0.599000
123.000000,0.968742,0.973053,0.975189,0.981209,0.966082,0.170000
124.000000,0.969276,0.972176,0.974745,0.980395,0.970655,0.140000
125.000000,0.968910,0.971117,0.974027,0.979320,0.968826,0.048000
126.000000,0.967317,0.970316,0.973586,0.978518,0.971418,0.180000
127.000000,0.969375,0.969821,0.973065,0.977664,0.969893,0.180400
128.000000,0.968994,0.968868,0.972620,0.976612,0.964177,0.150000
129.000000,0.968765,0.969021,0.972106,0.975929,0.969512,0.180000
130.000000,0.968598,0.968754,0.971896,0.975167,0.967988,0.040000
131.000000,0.967345,0.967331,0.971850,0.974281,0.965156,0.130000
132.000000,0.966050,0.967712,0.971049,0.973465,0.963415,0.075700
133.000000,0.965897,0.967446,0.970249,0.972519,0.963415,25.280000
134.000000,0.965889,0.967327,0.969752,0.972187,0.969474,0.160000
135.000000,0.966187,0.967392,0.969254,0.971739,0.969474,25.439000
136.000000,0.966643,0.966994,0.968655,0.971313,0.967435,0.242800
137.000000,0.966947,0.966498,0.968160,0.970800,0.964939,0.065500
138.000000,0.966719,0.966308,0.967588,0.970516,0.962271,0.070000
139.000000,0.968607,0.967248,0.968134,0.970487,0.978914,0.500000
140.000000,0.969986,0.968087,0.968420,0.970626,0.976372,0.066700
141.000000,0.971697,0.969170,0.968251,0.970956,0.975991,0.010000
142.000000,0.973908,0.970428,0.969070,0.970842,0.975991,25.610000
143.000000,0.973984,0.970351,0.968898,0.970283,0.962652,0.405000
144.000000,0.970655,0.969631,0.968479,0.969712,0.962271,0.290000
145.000000,0.967870,0.968928,0.968160,0.969146,0.962443,0.054500
146.000000,0.963220,0.967459,0.967226,0.968256,0.952744,0.254500
147.000000,0.959486,0.966697,0.966598,0.967672,0.957317,0.120000
148.000000,0.957809,0.965896,0.966102,0.967024,0.954268,0.120000
149.000000,0.955141,0.962898,0.965073,0.966389,0.948933,0.150000
150.000000,0.953201,0.960535,0.964311,0.965792,0.952744,0.150000
151.000000,0.953201,0.958211,0.963690,0.964904,0.952744,0.000000
152.000000,-1234.000000,-1234.000000,-1234.000000,-1234.000000,-1234.000000,-1234.000000
153.000000,0.949409,0.954076,0.962642,0.964298,-1234.000000,-1234.000000
154.000000,0.947980,0.951958,0.961260,0.963352,0.943216,0.389000
155.000000,0.946646,0.950288,0.960098,0.962614,0.947409,0.180000
156.000000,0.944645,0.949398,0.958904,0.961694,0.944737,0.270000
157.000000,0.945731,0.948594,0.958122,0.961010,0.950076,0.300000
158.000000,0.937728,0.942920,0.955013,0.958908,0.903201,1.680000
159.000000,0.926741,0.936181,0.950242,0.956106,0.888281,0.985000
160.000000,0.914774,0.928940,0.945569,0.953334,0.887576,0.389000
161.000000,0.904104,0.922122,0.941116,0.950790,0.891387,0.380000
162.000000,0.894196,0.919963,0.937145,0.948622,0.900534,0.380000
163.000000,0.893205,0.915466,0.933755,0.946374,0.898247,0.399900
164.000000,0.896189,0.911465,0.930646,0.944089,0.903201,0.690000
165.000000,0.903700,0.909237,0.928682,0.942560,0.925133,0.815500
166.000000,0.910636,0.907370,0.927278,0.941134,0.926067,0.350000
167.000000,0.915667,0.904931,0.925614,0.939780,0.925686,0.150000
168.000000,0.921993,0.907599,0.924330,0.938663,0.929878,0.240000
169.000000,0.926254,0.911221,0.923044,0.936787,0.924505,0.260100
170.000000,0.926136,0.914918,0.921560,0.935000,0.924543,0.080000
171.000000,0.925831,0.918234,0.920076,0.933226,0.924543,24.260000
172.000000,0.925678,0.920673,0.920318,0.931465,0.924924,0.120000
173.000000,-1234.000000,-1234.000000,-1234.000000,-1234.000000,-1234.000000,-1234.000000
174.000000,0.924066,0.925282,0.918010,0.928922,-1234.000000,-1234.000000
175.000000,0.923495,0.924962,0.916686,0.927487,0.922256,0.000000
176.000000,0.921780,0.924030,0.915262,0.926234,0.917683,0.120000
177.000000,0.919474,0.922921,0.913453,0.924748,0.915701,0.247000
178.000000,0.918659,0.921312,0.914095,0.923360,0.915396,0.008100
179.000000,0.918651,0.921058,0.915881,0.922406,0.922218,0.199000
180.000000,0.919024,0.921011,0.917804,0.921384,0.924123,0.063100
181.000000,0.921082,0.921392,0.919730,0.920499,0.927973,0.131000
182.000000,0.923537,0.921731,0.921174,0.920757,0.927973,0.000100
183.000000,0.925290,0.921974,0.922538,0.920099,0.924162,0.680000
184.000000,0.925678,0.922165,0.923641,0.919442,0.924162,0.129500
185.000000,0.925457,0.922241,0.923530,0.918601,0.923018,0.515000
186.000000,0.920504,0.920793,0.922327,0.917169,0.903205,0.519900
187.000000,0.915245,0.919391,0.921063,0.915500,0.901677,0.100000
188.000000,0.910900,0.918095,0.919619,0.915474,0.902439,0.050000
189.000000,0.906784,0.916231,0.918518,0.916002,0.903582,0.305000
190.000000,0.900534,0.912996,0.916793,0.916146,0.891768,0.310000
191.000000,0.897866,0.909185,0.914967,0.916094,0.889863,0.200000
192.000000,0.900229,0.907737,0.914366,0.916540,0.913491,0.770000
193.000000,0.899848,0.905374,0.913674,0.916619,0.900534,0.340000
194.000000,0.895960,0.901372,0.911768,0.915962,0.884146,0.715000
195.000000,0.897637,0.899086,0.910663,0.915101,0.900152,0.680000
196.000000,0.901220,0.899543,0.910168,0.914470,0.907774,0.260000
197.000000,0.899924,0.900076,0.909733,0.913826,0.907012,0.020000
198.000000,0.898552,0.899200,0.908647,0.912578,0.893674,0.460000
199.000000,0.901982,0.898971,0.907601,0.911777,0.901296,0.300000
200.000000,0.901143,0.899390,0.906193,0.910792,0.895960,0.180000
201.000000,0.898476,0.899848,0.904516,0.909754,0.894436,0.180000
202.000000,0.895343,0.897633,0.902685,0.908596,0.891349,0.126000
203.000000,0.895648,0.897100,0.901237,0.908149,0.895198,0.111000
204.000000,0.894504,0.898243,0.899808,0.907260,0.895575,0.026400
205.000000,0.895571,0.898357,0.898721,0.906561,0.901296,0.150100
206.000000,0.896867,0.897671,0.898607,0.906002,0.900915,0.010000
207.000000,0.899237,0.897290,0.898683,0.905586,0.903201,0.070000
208.000000,0.902210,0.898929,0.899064,0.905408,0.910061,0.180000
209.000000,0.904116,0.899310,0.899140,0.904837,0.905107,0.130000
210.000000,0.904878,0.900224,0.899807,0.904204,0.905107,23.750000
211.000000,0.907622,0.902244,0.901046,0.903759,0.914634,0.250000
212.000000,0.910442,0.904840,0.901236,0.903403,0.917302,0.320000
213.000000,0.912500,0.907355,0.902227,0.903276,0.920351,0.151000
214.000000,0.914177,0.909146,0.903695,0.902920,0.913491,0.620000
215.000000,0.917759,0.911319,0.904838,0.902920,0.923018,0.390000
216.000000,0.916768,0.912195,0.904933,0.903136,0.909680,0.350000
217.000000,0.913872,0.912157,0.904724,0.903174,0.902820,0.180000
218.000000,0.910824,0.911662,0.905295,0.903263,0.905111,0.420000
219.000000,0.908385,0.911281,0.905295,0.903187,0.901296,0.100100
220.000000,0.907463,0.912611,0.906418,0.904075,0.918407,0.449000
221.000000,0.906167,0.911468,0.906856,0.904520,0.903201,0.409000
222.000000,0.906243,0.910058,0.907449,0.904177,0.903201,0.210000
223.000000,0.905252,0.908038,0.907696,0.904164,0.900152,0.230000
224.000000,0.904870,0.906628,0.907887,0.904672,0.899390,0.060000
225.000000,0.901447,0.904455,0.907887,0.904710,0.901292,0.190000
226.000000,0.899923,0.903045,0.907620,0.904304,0.895579,0.370000
227.000000,0.899542,0.902893,0.907525,0.904113,0.901296,0.150000
228.000000,0.900304,0.902778,0.907220,0.904456,0.903963,0.250000
229.000000,0.899550,0.902210,0.906745,0.904267,0.895617,0.220000
230.000000,0.897721,0.899584,0.906098,0.904140,0.892149,0.120000
231.000000,0.897035,0.898479,0.904973,0.904064,0.892149,23.410000
232.000000,0.895130,0.897336,0.903697,0.904078,0.891768,0.010000
233.000000,0.892767,0.896535,0.902287,0.903976,0.892149,0.100000
234.000000,0.891997,0.895773,0.901200,0.903849,0.891768,0.010000
235.000000,0.891925,0.894823,0.899639,0.903532,0.891787,0.000500
236.000000,0.894134,0.895585,0.899315,0.903608,0.903197,0.299400
237.000000,0.894134,0.894632,0.898762,0.903227,0.891768,0.299900
238.000000,0.894058,0.893412,0.898095,0.902617,0.891768,0.011000
239.000000,0.893677,0.892837,0.897523,0.902109,0.889863,0.050000
240.000000,0.893292,0.892608,0.896096,0.901601,0.889863,23.350000
241.000000,0.889101,0.891617,0.895048,0.900521,0.882241,0.200000
242.000000,0.889817,0.891976,0.894656,0.899790,0.895351,0.820000
243.000000,0.893475,0.893766,0.895151,0.899447,0.910057,0.385900
244.000000,0.896825,0.895251,0.895512,0.899217,0.906612,0.179900
245.000000,0.900175,0.896733,0.895778,0.898670,0.906612,23.789500
246.000000,0.906112,0.897606,0.896595,0.898745,0.911928,0.580000
247.000000,0.905242,0.897530,0.896081,0.898351,0.891002,0.589000
248.000000,0.902347,0.897911,0.895662,0.898034,0.895579,0.120100
249.000000,0.903951,0.900388,0.896612,0.898478,0.914634,0.510000
250.000000,0.901973,0.901074,0.896841,0.897755,0.896723,0.470000
251.000000,0.898932,0.902522,0.897070,0.897540,0.896723,23.530000
252.000000,0.899847,0.902545,0.897260,0.897285,0.895575,0.110000
253.000000,0.900913,0.901630,0.897698,0.897311,0.900911,0.300100
254.000000,0.897864,0.900908,0.898079,0.897311,0.899390,0.910000
255.000000,0.898398,0.900186,0.898459,0.897247,0.899390,0.090000
256.000000,0.898854,0.898893,0.898250,0.897361,0.899005,0.090000
257.000000,0.899770,0.899808,0.898669,0.897323,0.900152,0.160100
258.000000,0.899466,0.900189,0.899050,0.897171,0.899390,0.074000
259.000000,0.899694,0.898779,0.899584,0.897335,0.900534,0.070000
260.000000,0.899694,0.899046,0.900060,0.897576,0.899390,0.030000
261.000000,0.900015,0.899435,0.900978,0.897858,0.900610,0.090000
262.000000,0.900168,0.899969,0.901257,0.898163,0.900915,0.195000
263.000000,0.899863,0.899664,0.900647,0.898354,0.897866,0.090000
264.000000,0.898948,0.899321,0.900115,0.898493,0.895960,0.110000
265.000000,0.898910,0.899302,0.899744,0.898740,0.899200,0.098000
266.000000,0.898559,0.899287,0.899090,0.898596,0.898857,0.044000
267.000000,0.898255,0.899211,0.899510,0.898850,0.899390,0.027000
268.000000,0.898483,0.899173,0.899681,0.899091,0.899009,0.050000
269.000000,0.899398,0.899173,0.898976,0.899447,0.900534,0.050000
270.000000,0.899665,0.899287,0.899167,0.899802,0.900534,23.630000
271.000000,0.900133,0.899346,0.899391,0.900434,0.901200,0.047500
272.000000,0.898761,0.898508,0.899238,0.900340,0.892530,0.550000
273.000000,0.899135,0.898809,0.899237,0.900034,0.900877,0.220000
274.000000,0.899287,0.899343,0.899332,0.899857,0.901296,0.011000
275.000000,0.899745,0.899705,0.899503,0.899731,0.902820,0.040000
276.000000,0.900145,0.900139,0.899713,0.899440,0.903201,0.060000
277.000000,0.902470,0.900615,0.899913,0.899878,0.904154,0.050000
278.000000,0.903239,0.901187,0.900180,0.900183,0.904726,0.025000
279.000000,-1234.000000,-1234.000000,-1234.000000,-1234.000000,-1234.000000,-1234.000000
280.000000,0.904297,0.901768,0.900462,0.899974,-1234.000000,-1234.000000
281.000000,0.903535,0.901651,0.900438,0.900092,0.900152,0.140000
282.000000,0.903296,0.902837,0.900559,0.900355,0.903201,0.129000
283.000000,0.903392,0.903307,0.900940,0.900500,0.905107,0.100000
284.000000,0.904190,0.903983,0.901541,0.900775,0.907382,0.059700
285.000000,0.904380,0.904343,0.901902,0.901005,0.906059,0.059700
286.000000,0.905600,0.904682,0.902291,0.901255,0.906250,0.050000
287.000000,0.906362,0.905000,0.902692,0.901492,0.907012,0.080000
288.000000,0.906553,0.905148,0.903063,0.901722,0.906059,0.190000
289.000000,0.906707,0.905449,0.903464,0.901985,0.908155,0.055000
290.000000,0.906898,0.905639,0.903805,0.902247,0.907012,0.080000
291.000000,0.906669,0.906135,0.904011,0.902402,0.905107,0.050000
292.000000,0.906593,0.906478,0.904753,0.902600,0.906631,0.040000
293.000000,0.907165,0.906859,0.905176,0.902981,0.908918,0.060000
294.000000,0.906936,0.906822,0.905477,0.903362,0.907012,0.050000
295.000000,0.906555,0.906726,0.905598,0.903565,0.905107,0.050000
296.000000,0.906555,0.906612,0.905698,0.903781,0.905107,0.040000
297.000000,0.906364,0.906479,0.905778,0.903998,0.905678,0.040000
298.000000,0.905983,0.906574,0.905898,0.904274,0.907012,0.035000
299.000000,0.905678,0.906307,0.905878,0.904445,0.905488,0.040000
300.000000,0.905982,0.906269,0.905954,0.904655,0.906627,0.039900
301.000000,0.905982,0.906269,0.906202,0.904789,0.905107,0.040000
302.000000,0.906173,0.906269,0.906373,0.905276,0.906631,0.050000
303.000000,0.906173,0.906078,0.906468,0.905487,0.907012,0.020000
304.000000,0.906325,0.906002,0.906412,0.905658,0.906250,0.020000
305.000000,0.906402,0.906192,0.906459,0.905803,0.907012,0.020000
306.000000,0.906631,0.906307,0.906459,0.905908,0.906250,0.050000
307.000000,0.906707,0.906440,0.906459,0.906006,0.907012,0.020000
308.000000,0.906479,0.906326,0.906450,0.906046,0.905869,0.030000
309.000000,0.906250,0.906288,0.906297,0.906014,0.905107,0.070000
310.000000,0.906250,0.906326,0.906297,0.906078,0.907012,0.050000
311.000000,0.905487,0.906059,0.906164,0.906154,0.902435,0.360000
312.000000,0.903582,0.905144,0.905707,0.905964,0.897485,0.130000
313.000000,0.902514,0.904497,0.905287,0.905811,0.900534,0.130000
314.000000,0.901752,0.904001,0.905002,0.905608,0.901296,0.240000
315.000000,0.899963,0.903107,0.904650,0.905342,0.898068,0.184700
316.000000,0.900116,0.902801,0.904554,0.905240,0.903197,0.134600
317.000000,0.901637,0.902609,0.904525,0.905176,0.905091,0.050100
318.000000,0.902552,0.902533,0.904429,0.905144,0.905107,0.008000
319.000000,0.903314,0.902533,0.904410,0.905043,0.905107,0.029000
320.000000,0.904569,0.902266,0.904296,0.904954,0.904345,0.049900
321.000000,0.904494,0.902305,0.904182,0.904878,0.902820,0.060000
322.000000,0.904346,0.902992,0.904068,0.904802,0.904352,0.179900
323.000000,0.903203,0.902877,0.903687,0.904484,0.899390,0.290000
324.000000,0.902364,0.902839,0.903420,0.904281,0.900915,0.110000
325.000000,0.901755,0.903162,0.903134,0.904154,0.901296,0.100000
326.000000,0.901450,0.902972,0.902887,0.904027,0.901296,0.100000
327.000000,0.901601,0.902973,0.902791,0.904008,0.905107,0.150000
328.000000,0.902591,0.902897,0.902715,0.903919,0.904345,0.020000
329.000000,0.903430,0.902897,0.902715,0.903906,0.905107,0.090000
330.000000,0.904192,0.902973,0.902620,0.903855,0.905107,0.069600
331.000000,0.904954,0.903202,0.902753,0.903855,0.905107,0.050000
332.000000,0.904954,0.903277,0.903135,0.903804,0.905107,0.013000
333.000000,0.905107,0.903849,0.903363,0.903741,0.905107,0.001000
334.000000,0.904954,0.904192,0.903516,0.903677,0.904345,0.020000
335.000000,0.904192,0.904192,0.903677,0.903487,0.901296,0.100000
336.000000,0.904192,0.904573,0.903772,0.903449,0.905107,0.100000
337.000000,0.904573,0.904764,0.903869,0.903449,0.907012,0.080000
338.000000,0.905335,0.905221,0.904059,0.903550,0.908918,0.060000
339.000000,0.906250,0.905602,0.904250,0.903677,0.908918,0.050000
340.000000,0.907774,0.905983,0.904478,0.903741,0.908918,0.050000
341.000000,0.908232,0.906212,0.904707,0.903906,0.907393,0.100000
342.000000,0.908575,0.906574,0.904926,0.904281,0.908731,0.055100
343.000000,0.908575,0.906955,0.905402,0.904561,0.908918,0.004900
344.000000,0.908880,0.907565,0.905879,0.904865,0.910442,0.040000
345.000000,0.909261,0.908518,0.906355,0.905291,0.910823,0.010000
346.000000,0.910100,0.909166,0.906869,0.905570,0.911585,0.040000
347.000000,0.910897,0.909736,0.907250,0.905824,0.912717,0.070000
348.000000,0.911354,0.909965,0.907593,0.906028,0.911204,0.070000
349.000000,0.911659,0.910270,0.907936,0.906256,0.911966,0.040000
350.000000,0.916652,0.912957,0.909470,0.907304,0.935785,0.625000
351.000000,0.921072,0.915586,0.910899,0.908333,0.933689,0.455000
352.000000,0.924962,0.917929,0.912252,0.909260,0.932165,0.280000
353.000000,0.930602,0.920978,0.913967,0.910594,0.939405,0.260000
354.000000,0.934566,0.923112,0.915339,0.911623,0.931784,0.339900
355.000000,0.934527,0.925590,0.917054,0.912767,0.935595,0.410000
356.000000,0.936052,0.928562,0.918864,0.914100,0.941311,0.300000
357.000000,0.937501,0.931231,0.920484,0.915244,0.939409,0.160000
358.000000,0.937882,0.934242,0.922103,0.916476,0.941311,0.349900
359.000000,0.940931,0.937748,0.924009,0.917873,0.947027,0.210000
360.000000,0.943217,0.938872,0.925914,0.919271,0.947027,0.099900
361.000000,0.943827,0.939939,0.927763,0.920579,0.944360,0.070000
362.000000,0.945046,0.941273,0.929601,0.921926,0.945503,0.049000
363.000000,0.946800,0.942341,0.931659,0.923425,0.950080,0.120100
364.000000,0.946800,0.943865,0.933489,0.924848,0.947031,0.110000
365.000000,0.947486,0.945352,0.935471,0.926486,0.950457,0.089900
366.000000,0.948585,0.946206,0.937384,0.927978,0.949855,0.099900
367.000000,0.949423,0.947234,0.939233,0.929401,0.949691,0.035600
368.000000,0.949422,0.948111,0.941176,0.930773,0.950076,0.060000
369.000000,0.949955,0.948378,0.943063,0.932132,0.949695,0.040000
370.000000,0.949955,0.948721,0.943796,0.933517,0.950457,0.040000
371.000000,0.950075,0.949330,0.944635,0.934952,0.950457,0.027700
372.000000,0.950686,0.950054,0.945664,0.936419,0.952744,0.090000
373.000000,0.951220,0.950321,0.946331,0.937880,0.952744,0.069900
374.000000,0.946875,0.948415,0.946140,0.938464,0.927973,1.080000
375.000000,0.943141,0.946548,0.945950,0.939163,0.931787,0.110100
376.000000,0.939307,0.944691,0.945449,0.939820,0.931288,0.040100
377.000000,0.935496,0.943091,0.945163,0.940519,0.933689,0.190000
378.000000,0.932066,0.941643,0.944877,0.941332,0.935595,0.260000
379.000000,0.933705,0.940290,0.944334,0.942139,0.936166,0.078200
380.000000,0.934009,0.938575,0.943648,0.942056,0.933308,0.131300
381.000000,0.935633,0.937470,0.943400,0.942247,0.939405,0.180000
382.000000,0.936242,0.935869,0.942962,0.942399,0.936738,0.130000
383.000000,0.937305,0.934686,0.942503,0.942449,0.940907,0.160000
384.000000,0.939015,0.936360,0.942388,0.942880,0.944718,0.140600
385.000000,0.940997,0.937503,0.942026,0.943134,0.943216,0.110100
386.000000,0.942373,0.939003,0.941847,0.943300,0.946284,0.230000
387.000000,0.944964,0.940603,0.941847,0.943643,0.949695,0.139500
388.000000,0.946722,0.942013,0.941828,0.943922,0.949695,24.920000
389.000000,0.947717,0.943366,0.941828,0.944011,0.949695,0.050000
390.000000,0.948708,0.944853,0.941714,0.944049,0.948171,0.110000
391.000000,0.949771,0.946072,0.941771,0.944291,0.951597,0.200000
392.000000,0.949752,0.947358,0.941614,0.944427,0.949604,0.099800
393.000000,0.949296,0.948009,0.941347,0.944338,0.947412,0.057500
394.000000,0.949067,0.948392,0.942376,0.944389,0.948552,0.105000
395.000000,0.949166,0.948937,0.943220,0.944329,0.948666,0.073700
396.000000,0.948861,0.949316,0.944159,0.944337,0.950072,0.129900
397.000000,0.947660,0.948706,0.944655,0.944134,0.943598,0.169900
398.000000,0.945830,0.947563,0.944788,0.943740,0.938262,0.150000
399.000000,0.944992,0.947029,0.945198,0.943562,0.944360,0.160000
400.000000,0.944435,0.946801,0.945827,0.943409,0.945884,0.110000
401.000000,0.944207,0.946534,0.946303,0.943358,0.948929,0.109900
402.000000,0.945304,0.946482,0.946920,0.943237,0.949085,0.149000
403.000000,0.947667,0.946748,0.947379,0.943148,0.950076,0.100000
404.000000,0.948734,0.946863,0.947627,0.943872,0.949695,0.030000
405.000000,0.949495,0.946965,0.947951,0.944468,0.949691,0.000100
406.000000,0.949725,0.946966,0.948141,0.945095,0.950076,0.030000
407.000000,0.949771,0.947537,0.948122,0.945616,0.949314,0.060000
408.000000,0.949771,0.948719,0.948141,0.946098,0.950076,0.030000
409.000000,0.949847,0.949290,0.948160,0.946562,0.950076,0.010100
410.000000,0.949771,0.949633,0.948217,0.947096,0.949314,0.020000
411.000000,0.950000,0.949862,0.948198,0.947489,0.951220,0.060000
412.000000,0.950686,0.950228,0.948355,0.948023,0.952744,0.040100
413.000000,0.951087,0.950429,0.948589,0.948395,0.952081,0.017400
414.000000,0.951467,0.950657,0.948760,0.948637,0.951978,0.081600
415.000000,0.952077,0.950924,0.948945,0.948942,0.952363,0.054000
416.000000,0.952001,0.951000,0.948983,0.949094,0.950838,0.130000
417.000000,0.950781,0.950734,0.949135,0.948992,0.946646,0.110000
418.000000,0.950533,0.950810,0.949764,0.949030,0.950838,0.150000
419.000000,0.950175,0.950821,0.950056,0.949047,0.950191,0.029000
420.000000,0.950021,0.951049,0.950341,0.949161,0.951593,0.037000
421.000000,0.950326,0.951163,0.950513,0.949187,0.952363,0.050000
422.000000,0.951500,0.951141,0.950684,0.949284,0.952515,0.030000
423.000000,0.951804,0.951168,0.950799,0.949449,0.952359,0.004100
424.000000,0.951781,0.950978,0.950818,0.949499,0.950076,0.059900
425.000000,0.951630,0.950826,0.950875,0.949572,0.950838,0.049900
426.000000,0.951325,0.950826,0.950913,0.949597,0.950838,24.950000
427.000000,0.950228,0.950864,0.950799,0.949712,0.947027,0.100000
428.000000,0.949466,0.950635,0.950723,0.950055,0.948552,0.119000
429.000000,0.948933,0.950357,0.950589,0.950156,0.947409,0.100000
430.000000,0.947790,0.949710,0.950380,0.950131,0.945126,0.099900
431.000000,0.946655,0.948990,0.950077,0.950005,0.945160,0.059900
432.000000,0.946281,0.948255,0.949698,0.949874,0.945160,24.801000
433.000000,0.946510,0.947988,0.949578,0.949862,0.949695,0.119000
434.000000,0.947425,0.948179,0.949579,0.949938,0.951982,0.070000
435.000000,0.948724,0.948257,0.949542,0.950002,0.951623,0.080000
436.000000,0.950165,0.948410,0.949618,0.950079,0.952363,0.040000
437.000000,0.951681,0.948981,0.949923,0.950193,0.952744,0.050100
438.000000,0.948099,0.947304,0.948970,0.949583,0.931784,0.979500
439.000000,0.945337,0.946381,0.948369,0.949186,0.938171,0.440000
440.000000,0.941979,0.945351,0.947531,0.948704,0.934832,0.269900
441.000000,0.938575,0.944370,0.946680,0.948174,0.935343,0.220000
442.000000,0.935328,0.943505,0.945880,0.947633,0.936509,0.200000
443.000000,0.936776,0.942438,0.945213,0.947198,0.939024,0.160000
444.000000,0.936777,0.941057,0.944618,0.946738,0.938178,0.120000
445.000000,0.937159,0.939569,0.943913,0.946217,0.936738,0.067800
446.000000,0.936828,0.937701,0.943055,0.945646,0.933689,0.240000
447.000000,0.935882,0.935605,0.942293,0.945150,0.931780,0.120000
448.000000,0.934246,0.935511,0.941408,0.944484,0.930846,0.045000
449.000000,0.932556,0.934667,0.940524,0.943801,0.929726,0.175400
450.000000,0.931030,0.934095,0.939723,0.943052,0.929112,0.396000
451.000000,0.931030,0.933929,0.939149,0.942430,0.933689,0.331000
452.000000,0.930651,0.933266,0.938385,0.941675,0.929882,0.150000
453.000000,0.930534,0.932390,0.937414,0.940939,0.930259,0.110000
454.000000,0.930434,0.931495,0.936276,0.940244,0.929230,0.060000
455.000000,0.930969,0.931000,0.935284,0.939608,0.931784,0.067000
456.000000,0.930283,0.930657,0.934179,0.938923,0.930259,0.150000
457.000000,0.929672,0.930162,0.932883,0.938249,0.926829,0.190000
458.000000,0.928072,0.929303,0.932407,0.937373,0.922256,0.150000
459.000000,0.926677,0.928556,0.931611,0.936534,0.922256,0.050000
460.000000,0.924009,0.927489,0.930792,0.935645,0.918445,0.100000
461.000000,0.922332,0.926308,0.930118,0.934869,0.921875,0.117700
462.000000,0.920046,0.924859,0.929063,0.933877,0.915400,0.179900
463.000000,0.918522,0.923297,0.927843,0.932708,0.914634,0.070400
464.000000,0.916752,0.921714,0.926605,0.931422,0.913403,0.129300
465.000000,0.914846,0.919428,0.925214,0.929999,0.908918,0.150000
466.000000,0.911873,0.917103,0.923880,0.928487,0.907012,0.190000
467.000000,0.910425,0.915236,0.922699,0.927001,0.908155,0.090000
468.000000,0.909281,0.913902,0.921602,0.926238,0.908918,0.190000
469.000000,0.909123,0.912937,0.920747,0.925387,0.912614,0.150000
470.000000,0.909809,0.912328,0.919908,0.924637,0.912348,0.170000
471.000000,0.910038,0.910956,0.918632,0.923731,0.908155,0.110000
472.000000,0.909123,0.909774,0.917317,0.922633,0.903582,0.169900
473.000000,0.908133,0.908707,0.916002,0.921465,0.903963,0.130000
474.000000,0.906479,0.907801,0.914758,0.920337,0.904345,0.210300
475.000000,0.906784,0.908296,0.913862,0.919575,0.913872,0.560000
476.000000,0.906860,0.908449,0.912776,0.918736,0.908537,0.350000
477.000000,0.910869,0.909996,0.912616,0.918464,0.923628,0.460000
478.000000,0.914832,0.911482,0.912692,0.918229,0.923780,0.213000
479.000000,0.919253,0.912866,0.912902,0.918120,0.926448,0.640000
480.000000,0.923216,0.915000,0.913664,0.918272,0.933689,0.250000
481.000000,0.928247,0.917553,0.914255,0.918272,0.933689,0.000100
482.000000,0.932530,0.921700,0.915737,0.918778,0.945046,0.500000
483.000000,0.936372,0.925602,0.917155,0.919202,0.942988,0.055800
484.000000,0.940106,0.929679,0.918740,0.919732,0.945118,0.198900
485.000000,0.942392,0.932804,0.920550,0.920176,0.945118,24.799900
486.000000,0.940486,0.934367,0.921408,0.919973,0.924162,0.569900
487.000000,0.933489,0.933010,0.921503,0.919414,0.910061,0.570000
488.000000,0.929892,0.933132,0.922307,0.919505,0.925000,0.720700
489.000000,0.922880,0.931493,0.922179,0.919099,0.910061,0.442000
490.000000,0.916326,0.929359,0.922179,0.918896,0.912348,0.410000
491.000000,0.914726,0.927606,0.922580,0.918705,0.916159,0.150000
492.000000,0.915945,0.924717,0.923208,0.918730,0.916159,0.160000
493.000000,0.913872,0.921882,0.923742,0.918730,0.914634,0.044500
494.000000,0.914787,0.918833,0.924256,0.918771,0.914634,0.040400
495.000000,0.915431,0.915878,0.924341,0.918993,0.915568,0.130000
496.000000,0.916345,0.915535,0.924951,0.919450,0.920732,0.135500
497.000000,0.917031,0.916488,0.924749,0.919831,0.919588,0.148500
498.000000,0.918251,0.916061,0.924597,0.920225,0.920732,0.169900
499.000000,-1234.000000,-1234.000000,-1234.000000,-1234.000000,-1234.000000,-1234.000000
500.000000,0.920826,0.917829,0.923897,0.920829,-1234.000000,-1234.000000
501.000000,0.918825,0.917447,0.922794,0.920987,0.912729,0.339900
502.000000,0.911489,0.914568,0.919910,0.920527,0.890244,0.590000
503.000000,0.904248,0.912027,0.917214,0.920106,0.891768,0.250000
504.000000,0.901813,0.909521,0.914422,0.919683,0.892073,0.178000
505.000000,0.896479,0.907300,0.911815,0.919053,0.895579,0.220000
506.000000,0.893521,0.904768,0.910435,0.918687,0.897942,0.340000
507.000000,0.895122,0.902396,0.909813,0.917812,0.898247,0.190000
508.000000,0.896646,0.900025,0.908465,0.916971,0.899390,0.040000
509.000000,0.897500,0.899657,0.907743,0.915933,0.896341,0.180000
510.000000,0.897805,0.897142,0.906941,0.914671,0.897104,0.135000
511.000000,0.897241,0.895381,0.905834,0.913341,0.895122,0.073500
512.000000,0.897671,0.896397,0.905004,0.911802,0.900400,0.170000
513.000000,0.898967,0.897807,0.904543,0.910522,0.905869,0.143500
514.000000,0.900720,0.899110,0.904041,0.909142,0.905107,0.071200
515.000000,0.902961,0.900383,0.903659,0.907873,0.908308,0.120000
516.000000,0.905252,0.901247,0.902914,0.907266,0.906578,0.114800
517.000000,0.906271,0.901971,0.902172,0.907109,0.905492,0.028600
518.000000,0.904975,0.901971,0.901049,0.906226,0.899390,0.210100
519.000000,0.903527,0.902123,0.900890,0.905805,0.897866,0.040000
520.000000,0.901288,0.902125,0.899633,0.905280,0.897115,0.040000
521.000000,0.899851,0.902551,0.898966,0.904702,0.899390,0.109700
522.000000,0.898402,0.902337,0.899367,0.904084,0.898251,0.098900
523.000000,0.901520,0.903247,0.900527,0.904096,0.914977,0.479800
524.000000,0.903425,0.903476,0.901293,0.903846,0.907393,0.287000
525.000000,0.905786,0.903537,0.901960,0.903617,0.908918,0.060000
526.000000,0.907691,0.903771,0.902509,0.903210,0.908918,0.050000
527.000000,0.909901,0.904152,0.903061,0.902855,0.909299,0.050000
528.000000,0.908764,0.905142,0.903557,0.902461,0.909295,0.040100
529.000000,0.909107,0.906266,0.904195,0.902682,0.909108,0.045000
530.000000,0.909331,0.907558,0.904841,0.902275,0.910034,0.094900
531.000000,0.912303,0.909997,0.906274,0.902643,0.923780,0.400700
532.000000,0.915276,0.912588,0.907462,0.903774,0.924162,0.060000
533.000000,0.915429,0.912097,0.907672,0.904384,0.910061,0.490000
534.000000,0.918440,0.913774,0.908625,0.905453,0.924162,0.520000
535.000000,0.921798,0.915564,0.909551,0.906495,0.926825,0.123500
536.000000,0.920731,0.916517,0.910144,0.907178,0.918445,0.219900
537.000000,0.921409,0.918343,0.911247,0.908155,0.927553,0.239000
538.000000,0.923848,0.919639,0.912390,0.908917,0.922256,0.140000
539.000000,0.925373,0.921906,0.914086,0.910099,0.931784,0.500000
540.000000,0.925526,0.923662,0.915610,0.911115,0.927591,0.110000
541.000000,0.925983,0.923357,0.916677,0.911969,0.920732,0.320000
542.000000,0.927134,0.924272,0.918430,0.913066,0.933308,0.330000
543.000000,0.929809,0.926829,0.919463,0.914058,0.935633,0.110000
544.000000,0.928133,0.926753,0.920263,0.914667,0.923399,0.321000
545.000000,0.927576,0.926551,0.921058,0.915217,0.924809,0.160000
546.000000,0.929405,0.927694,0.922106,0.915994,0.929878,0.213000
547.000000,0.926366,0.926750,0.922546,0.916415,0.918110,0.370000
548.000000,0.924377,0.927093,0.923366,0.917291,0.925686,0.209700
549.000000,0.924485,0.926309,0.924107,0.918160,0.923941,0.089800
550.000000,0.924668,0.926122,0.924892,0.919114,0.925724,0.046800
551.000000,0.923524,0.926465,0.924911,0.919940,0.924162,0.091000
552.000000,0.923713,0.925040,0.924656,0.920633,0.919055,0.134000
553.000000,0.921827,0.923102,0.924965,0.920676,0.916254,0.170000
554.000000,0.921338,0.922911,0.924832,0.921146,0.921494,0.230000
555.000000,0.921249,0.922958,0.924755,0.921691,0.925282,0.109000
556.000000,0.921989,0.922757,0.925226,0.922323,0.927862,0.067700
557.000000,0.923925,0.923819,0.925285,0.922971,0.928735,0.078200
558.000000,0.927235,0.924531,0.925812,0.923754,0.932801,0.195400
559.000000,0.929445,0.925391,0.925850,0.924535,0.932546,0.052000
560.000000,0.931050,0.926150,0.926136,0.925311,0.933308,0.170000
561.000000,0.932208,0.927099,0.926782,0.925640,0.933651,0.207000
562.000000,0.932437,0.928181,0.926610,0.925831,0.929878,0.139000
563.000000,0.928803,0.928019,0.925560,0.925983,0.914634,0.400000
564.000000,0.925602,0.927524,0.925217,0.925729,0.916540,0.110000
565.000000,0.922248,0.926649,0.924804,0.925386,0.916540,24.050000
566.000000,0.918216,0.925212,0.923985,0.925221,0.913491,0.220000
567.000000,0.914024,0.923231,0.923525,0.924600,0.908918,0.170000
568.000000,0.913192,0.920998,0.922764,0.924207,0.910473,0.100000
569.000000,0.912651,0.919127,0.922259,0.923609,0.913834,0.089400
570.000000,0.911769,0.917009,0.921579,0.923093,0.912130,0.140000
571.000000,0.910866,0.914541,0.920820,0.922702,0.908975,0.082800
572.000000,0.912390,0.913207,0.920694,0.922143,0.916540,0.268500
573.000000,0.913350,0.913271,0.920645,0.921464,0.915271,0.033300
574.000000,0.914348,0.913500,0.920512,0.921311,0.918826,0.093300
575.000000,0.915535,0.913652,0.920151,0.921087,0.918064,0.100000
576.000000,0.918115,0.914490,0.919851,0.920820,0.921875,0.230000
577.000000,0.920020,0.916205,0.919718,0.921085,0.926063,0.130000
578.000000,0.921417,0.917383,0.919191,0.920971,0.922256,0.099900
579.000000,0.921760,0.918054,0.918590,0.920857,0.920541,0.155000
580.000000,0.922217,0.918876,0.917942,0.920678,0.920351,0.005000
581.000000,0.919979,0.919047,0.916794,0.920229,0.910682,0.310000
582.000000,0.917089,0.918554,0.915881,0.919981,0.911616,0.033700
583.000000,0.915312,0.918364,0.915818,0.919885,0.913369,0.116800
584.000000,0.912530,0.917145,0.915322,0.919389,0.906631,0.246800
585.000000,0.909862,0.916040,0.914846,0.918780,0.907012,0.277200
586.000000,0.907994,0.913986,0.914238,0.917896,0.901341,0.362000
587.000000,0.904939,0.911014,0.913610,0.916817,0.896341,0.133800
588.000000,0.901153,0.908232,0.912808,0.915538,0.894440,0.197000
589.000000,0.898181,0.905355,0.911705,0.914179,0.891768,0.310000
590.000000,0.894370,0.902116,0.910496,0.912667,0.887957,0.166000
591.000000,0.892150,0.900072,0.909559,0.911220,0.890244,0.160000
592.000000,0.892759,0.898849,0.908702,0.910204,0.899386,0.239900
593.000000,0.892476,0.896814,0.907589,0.909483,0.893022,0.279900
594.000000,0.892793,0.895487,0.906316,0.908710,0.893354,0.110000
595.000000,0.895232,0.894801,0.905420,0.908164,0.900152,0.192400
596.000000,0.897391,0.894771,0.904378,0.907749,0.901040,0.330000
597.000000,0.896782,0.894771,0.902892,0.907330,0.896341,0.170000
598.000000,0.898574,0.895525,0.901879,0.907047,0.901982,0.268000
599.000000,0.899400,0.896096,0.900726,0.906502,0.897485,0.158000
600.000000,0.899019,0.897125,0.899621,0.906039,0.898247,0.130000
601.000000,0.898841,0.898116,0.899094,0.905745,0.900152,0.063200
602.000000,0.899893,0.898338,0.898593,0.905247,0.901601,0.110000
603.000000,0.898689,0.898631,0.897723,0.904603,0.895960,0.239900
604.000000,0.898319,0.898860,0.897173,0.903830,0.895636,0.108500
605.000000,0.898243,0.898631,0.896716,0.903157,0.897866,0.070000
606.000000,0.897710,0.898276,0.896523,0.902344,0.897485,0.110000
607.000000,0.896810,0.898352,0.896561,0.901379,0.897104,0.012900
608.000000,0.897115,0.897902,0.896713,0.900553,0.897485,0.010000
609.000000,0.898390,0.898355,0.897226,0.899935,0.902012,0.130000
610.000000,0.898009,0.898126,0.897626,0.899122,0.895960,0.158800
611.000000,0.897628,0.897669,0.897893,0.898619,0.895579,0.103600
612.000000,0.897323,0.897067,0.897702,0.898084,0.895579,0.050000
613.000000,0.897323,0.897219,0.897925,0.897555,0.897485,0.050000
614.000000,0.896418,0.897404,0.898132,0.897250,0.897485,23.550000
615.000000,0.896723,0.897366,0.897998,0.896933,0.897485,0.219900
616.000000,0.897485,0.897556,0.897916,0.896868,0.899390,0.220000
617.000000,0.899162,0.898242,0.898297,0.897122,0.903963,0.162600
618.000000,0.900152,0.898738,0.898320,0.897388,0.902439,0.164700
619.000000,0.901143,0.898780,0.898568,0.897744,0.902439,23.680000
620.000000,0.902072,0.899397,0.898762,0.898216,0.902127,0.028200
621.000000,0.902351,0.899918,0.898793,0.898568,0.900789,0.163300
622.000000,0.902656,0.900909,0.898988,0.898771,0.905488,0.163300
623.000000,0.903266,0.901709,0.899464,0.899187,0.905488,23.760000
624.000000,0.904104,0.902624,0.900014,0.899629,0.906631,0.570000
625.000000,0.903938,0.903005,0.900185,0.899667,0.901296,0.140000
626.000000,0.895351,0.898851,0.898204,0.898228,0.857851,1.149900
627.000000,0.889028,0.895842,0.897042,0.897479,0.873876,0.421000
628.000000,0.882931,0.893098,0.895918,0.896579,0.875000,0.590000
629.000000,0.875842,0.889973,0.894377,0.895703,0.871189,0.100000
630.000000,0.869564,0.886751,0.893074,0.894758,0.869905,0.060000
631.000000,0.872155,0.883753,0.891836,0.893780,0.870808,0.050100
632.000000,0.871923,0.880476,0.890692,0.892817,0.872713,0.299000
633.000000,0.871847,0.877389,0.889549,0.892106,0.874619,0.050000
634.000000,0.872152,0.873997,0.888310,0.891342,0.872713,0.050000
635.000000,0.872027,0.870796,0.886900,0.890389,0.869284,0.279900
636.000000,0.870198,0.871177,0.885014,0.889195,0.861662,0.200000
637.000000,0.869360,0.870641,0.883242,0.888242,0.868521,0.180800
638.000000,0.866214,0.869030,0.881064,0.886956,0.858891,0.527800
639.000000,0.858516,0.865334,0.877654,0.884696,0.834223,1.017300
640.000000,0.843577,0.857802,0.872277,0.881317,0.794588,1.170000
641.000000,0.828181,0.849189,0.866471,0.877620,0.784680,0.829900
642.000000,0.810803,0.840081,0.860278,0.873822,0.781631,0.230000
643.000000,0.799619,0.832917,0.855153,0.870671,0.802973,0.740000
644.000000,0.792912,0.825714,0.849855,0.867445,0.800686,0.169900
645.000000,0.793293,0.818435,0.844615,0.864079,0.796494,0.200000
646.000000,0.792149,0.810165,0.840671,0.860064,0.778963,0.460000
647.000000,0.796951,0.803877,0.837259,0.856787,0.805640,0.870000
648.000000,0.800000,0.799809,0.834420,0.853979,0.818216,0.333000
649.000000,0.802896,0.797904,0.831619,0.851070,0.815168,0.218000
650.000000,0.807393,0.800343,0.829072,0.848299,0.818975,0.099900
651.000000,0.811280,0.801715,0.825452,0.844886,0.798399,0.539900
652.000000,0.796646,0.796798,0.818440,0.839118,0.732470,1.799000
653.000000,0.777057,0.788529,0.810723,0.832945,0.720274,1.060000
654.000000,0.763033,0.782965,0.804339,0.827558,0.745046,0.930000
655.000000,0.746341,0.776867,0.797651,0.822033,0.735518,0.259500
656.000000,0.734405,0.772842,0.791504,0.818061,0.738716,0.149900
657.000000,0.734862,0.765754,0.784815,0.813424,0.734756,0.283900
658.000000,0.739207,0.758132,0.778971,0.808991,0.741997,0.230000
659.000000,0.740045,0.751539,0.774721,0.804926,0.749238,0.260000
660.000000,0.745228,0.745785,0.773064,0.801310,0.761433,0.330000
661.000000,0.752973,0.743689,0.772702,0.798198,0.777439,0.430000
662.000000,0.760747,0.747804,0.772301,0.794895,0.773628,0.400000
663.000000,0.766692,0.752949,0.770739,0.791465,0.771723,0.160000
664.000000,0.767377,0.753711,0.768338,0.787463,0.752664,0.598900
665.000000,0.760670,0.752949,0.764908,0.782750,0.727896,1.249900
666.000000,0.751905,0.752439,0.762640,0.778482,0.733613,0.692300
667.000000,0.743902,0.752324,0.759039,0.773985,0.733613,0.500000
668.000000,0.737602,0.752147,0.755139,0.770029,0.740225,0.250000
669.000000,0.733792,0.750585,0.751062,0.766676,0.733613,0.240100
670.000000,0.737602,0.749136,0.747460,0.765088,0.746947,0.385300
671.000000,0.737280,0.744592,0.744140,0.763332,0.732001,0.399900
672.000000,0.742030,0.742966,0.745385,0.762523,0.757363,0.835200
673.000000,0.746424,0.742013,0.747481,0.761164,0.762195,0.226700
674.000000,0.750820,0.742306,0.748009,0.759661,0.755595,0.173200
675.000000,0.751037,0.744320,0.748634,0.758045,0.748034,0.460000
676.000000,0.754542,0.745911,0.749175,0.757064,0.749524,0.348700
677.000000,0.752783,0.747406,0.749865,0.755161,0.748567,0.127500
678.000000,0.749734,0.748079,0.750113,0.752786,0.746951,0.278000
679.000000,0.746557,0.748689,0.749637,0.750271,0.739710,0.240000
680.000000,0.744511,0.747774,0.748455,0.747565,0.737805,0.110000
681.000000,0.741236,0.747889,0.746240,0.745390,0.733144,0.300000
682.000000,0.740226,0.746505,0.744735,0.745758,0.743521,0.277700
683.000000,0.740989,0.745361,0.743687,0.746775,0.750762,0.200000
684.000000,0.742437,0.744497,0.743401,0.746838,0.746951,0.510000
685.000000,0.743961,0.744236,0.744278,0.747168,0.745427,0.340000
686.000000,0.744512,0.742874,0.744392,0.747074,0.735899,0.250000
687.000000,0.744055,0.742141,0.744773,0.747290,0.741235,0.140000
688.000000,0.743598,0.742293,0.745186,0.747506,0.748476,0.340000
689.000000,0.738836,0.740636,0.744663,0.746637,0.723144,0.740000
690.000000,0.727556,0.735758,0.741766,0.744223,0.689024,1.335300
691.000000,0.718027,0.731270,0.739579,0.741250,0.688258,0.550000
692.000000,0.706595,0.725325,0.735915,0.738265,0.684070,0.369000
693.000000,0.692646,0.718122,0.731742,0.735165,0.678735,0.180000
694.000000,0.686355,0.712596,0.728546,0.733133,0.691688,0.340000
695.000000,0.688337,0.707946,0.726091,0.732167,0.698933,0.319900
696.000000,0.691691,0.704859,0.723867,0.731215,0.705030,0.430000
697.000000,0.694054,0.700324,0.721232,0.729957,0.695884,0.240000
698.000000,0.698170,0.695408,0.718851,0.728593,0.699314,0.160000
699.000000,0.699313,0.692834,0.716735,0.727386,0.697405,0.152000
700.000000,0.698704,0.693520,0.714639,0.725684,0.695884,0.213200
701.000000,0.697636,0.694664,0.712967,0.724607,0.699695,0.173300
702.000000,0.698399,0.696226,0.710776,0.722685,0.699695,0.284900
703.000000,0.696492,0.697331,0.707727,0.720271,0.689783,0.290100
704.000000,0.694207,0.696760,0.704678,0.717951,0.685976,0.450000
705.000000,0.691234,0.694969,0.701458,0.715717,0.681021,0.230000
706.000000,0.688033,0.692835,0.698847,0.713523,0.683689,0.110000
707.000000,0.685575,0.691987,0.696155,0.711484,0.687405,0.151800
708.000000,0.684661,0.690577,0.692992,0.709426,0.685213,0.187400
709.000000,0.685423,0.689815,0.691325,0.707762,0.689787,0.150000
710.000000,0.684127,0.687681,0.690600,0.705653,0.674543,0.570000
711.000000,0.682603,0.685318,0.689991,0.703751,0.676067,0.200000
712.000000,0.679649,0.682612,0.689419,0.701388,0.672637,0.090000
713.000000,0.678887,0.681774,0.689553,0.699076,0.681402,0.230000
714.000000,0.679954,0.682689,0.689724,0.697348,0.695122,0.975200
715.000000,0.683994,0.684061,0.689515,0.695659,0.694741,0.032000
716.000000,0.687645,0.685124,0.688979,0.694273,0.694322,0.700000
717.000000,0.690617,0.685133,0.688560,0.692481,0.687500,0.179000
718.000000,0.691761,0.685324,0.687950,0.690436,0.687119,0.140000
719.000000,0.689779,0.684867,0.687341,0.689172,0.685213,0.211700
720.000000,0.688140,0.686067,0.686874,0.689089,0.686547,0.230000
721.000000,0.687620,0.687633,0.686475,0.689205,0.691723,0.185000
722.000000,0.688763,0.689690,0.686151,0.689510,0.693213,0.219900
723.000000,0.688611,0.690186,0.685980,0.689764,0.686357,0.689900
724.000000,0.687772,0.688776,0.685732,0.689408,0.681021,0.240000
725.000000,0.688115,0.688128,0.686094,0.689052,0.688262,0.280000
726.000000,0.686103,0.686862,0.685993,0.688273,0.681662,0.200000
727.000000,0.683512,0.686138,0.685635,0.687753,0.680259,0.126500
728.000000,0.682750,0.685680,0.685502,0.687194,0.682546,0.303000
729.000000,0.683664,0.685718,0.685292,0.686800,0.685591,0.489900
730.000000,0.682825,0.685470,0.685768,0.686406,0.684066,0.248900
731.000000,0.683306,0.684704,0.686168,0.685885,0.684066,0.149900
732.000000,0.684373,0.683942,0.686816,0.685415,0.685595,0.264000
733.000000,0.684982,0.683866,0.687026,0.685275,0.685595,17.990000
734.000000,0.686203,0.684933,0.686854,0.685466,0.691692,0.255800
735.000000,0.686965,0.684895,0.686511,0.685694,0.687877,0.200000
736.000000,0.687727,0.685516,0.686189,0.685834,0.687877,0.350000
737.000000,0.688184,0.686279,0.686208,0.685850,0.687881,0.250000
738.000000,0.686889,0.685936,0.685808,0.685647,0.679116,0.373700
739.000000,0.681096,0.683649,0.684684,0.684745,0.662729,0.620000
740.000000,0.674465,0.680715,0.683092,0.684084,0.654722,0.390000
741.000000,0.664710,0.676218,0.680461,0.682852,0.639101,0.449900
742.000000,0.652286,0.670235,0.677089,0.681289,0.625762,0.620000
743.000000,0.637117,0.662003,0.672935,0.678685,0.603274,1.130000
744.000000,0.641005,0.661050,0.672992,0.678253,0.682165,2.440000
745.000000,0.649085,0.661775,0.673335,0.678266,0.695122,0.865000
746.000000,0.658079,0.661394,0.673455,0.677924,0.684070,0.450000
747.000000,0.673932,0.663109,0.674694,0.678508,0.705030,0.710000
748.000000,0.691616,0.664367,0.675151,0.678661,0.691692,0.610000
749.000000,0.696189,0.668597,0.676123,0.679321,0.705030,0.350000
750.000000,0.696646,0.672865,0.676790,0.679683,0.697409,0.210000
751.000000,0.699413,0.678746,0.677482,0.679889,0.697904,0.209700
752.000000,0.696364,0.685148,0.677692,0.679775,0.689787,0.389900
753.000000,0.697050,0.694333,0.678168,0.680067,0.695122,0.530000
754.000000,0.691334,0.693761,0.677406,0.679915,0.676448,0.640000
755.000000,0.689352,0.692999,0.677387,0.679890,0.687500,0.800000
756.000000,0.687042,0.693228,0.677311,0.680046,0.686353,0.240000
757.000000,0.689710,0.693037,0.678073,0.680808,0.703125,0.525400
758.000000,0.690906,0.693978,0.679172,0.681427,0.701105,0.053000
759.000000,0.695861,0.693597,0.681097,0.681948,0.701220,0.003000
760.000000,0.698909,0.694131,0.683498,0.682570,0.702744,0.290000
761.000000,0.698834,0.692938,0.685842,0.682634,0.685976,0.640000
762.000000,0.687020,0.688365,0.686756,0.681249,0.644055,1.290000
763.000000,0.673095,0.682000,0.688167,0.679446,0.631479,0.622000
764.000000,0.658232,0.677046,0.685404,0.677286,0.626905,0.190000
765.000000,0.635412,0.667160,0.680080,0.673978,0.588643,1.059900
766.000000,0.610945,0.654889,0.674058,0.669837,0.563643,1.000000
767.000000,0.587012,0.637016,0.665026,0.664387,0.524390,1.720000
768.000000,0.570507,0.621801,0.657889,0.660049,0.548952,1.230000
769.000000,0.562809,0.610520,0.652059,0.657571,0.588415,1.035500
770.000000,0.560934,0.598173,0.646152,0.655056,0.579268,0.780000
771.000000,0.570469,0.590707,0.641822,0.654130,0.611319,0.981000
772.000000,0.589447,0.588230,0.638297,0.653914,0.619284,0.240000
773.000000,0.605800,0.588154,0.635077,0.654829,0.630716,0.300000
774.000000,0.618072,0.590440,0.633743,0.653749,0.649771,0.550000
775.000000,0.633670,0.597302,0.632231,0.652487,0.657260,0.270000
776.000000,0.640979,0.605724,0.630307,0.651280,0.647866,0.436500
777.000000,0.648525,0.618986,0.628001,0.649680,0.657012,0.380000
778.000000,0.652184,0.628992,0.625396,0.648257,0.649009,0.390000
779.000000,0.654165,0.636119,0.623319,0.646745,0.659680,0.440000
780.000000,0.652287,0.642978,0.620575,0.645094,0.647866,0.634000
781.000000,0.648476,0.644728,0.617717,0.642791,0.628811,1.259900
782.000000,0.642835,0.645680,0.616955,0.640758,0.628811,0.110000
783.000000,0.632088,0.642136,0.615145,0.637430,0.595274,0.900000
784.000000,0.620457,0.637311,0.613876,0.634933,0.601524,0.300000
785.000000,0.612378,0.632332,0.614817,0.632265,0.607470,0.466000
786.000000,0.607424,0.627950,0.616837,0.629521,0.604040,0.690000
787.000000,0.597591,0.620213,0.619600,0.625405,0.579649,0.690000
788.000000,0.594771,0.613430,0.621211,0.621408,0.581174,0.300000
789.000000,0.592988,0.606723,0.621421,0.617787,0.592607,0.380000
790.000000,0.591540,0.601959,0.622469,0.614370,0.600229,0.590000
791.000000,0.589329,0.598377,0.621552,0.611270,0.592988,0.250000
792.000000,0.591997,0.594794,0.620237,0.609568,0.592988,0.459900
793.000000,0.597220,0.595996,0.619066,0.608762,0.607290,0.390000
794.000000,0.600726,0.596857,0.617084,0.608203,0.610137,0.074700
795.000000,0.601794,0.596667,0.614500,0.608767,0.605568,0.620000
796.000000,0.606215,0.597772,0.612861,0.610482,0.615091,1.140000
797.000000,0.611931,0.601964,0.611089,0.613721,0.621570,0.960000
798.000000,0.614711,0.605966,0.609698,0.616129,0.621189,0.343600
799.000000,0.617082,0.608904,0.607813,0.617248,0.621993,0.430000
800.000000,0.620359,0.611077,0.606518,0.618671,0.621951,0.483200
801.000000,0.621674,0.613944,0.606160,0.619016,0.621665,0.310000
802.000000,0.621674,0.616803,0.605798,0.619092,0.621570,0.300000
803.000000,0.623274,0.618993,0.607494,0.619042,0.629192,0.460000
804.000000,0.624181,0.620631,0.608744,0.618267,0.626524,0.340000
805.000000,0.624486,0.622422,0.609545,0.617140,0.623476,0.450000
806.000000,0.625305,0.623489,0.610631,0.616404,0.625762,0.370000
807.000000,0.628659,0.625166,0.613565,0.615781,0.638338,0.330000
808.000000,0.633689,0.628482,0.617224,0.615959,0.654345,0.420000
809.000000,0.642149,0.633165,0.621035,0.616264,0.668826,0.380000
810.000000,0.650686,0.637586,0.624331,0.616874,0.666159,0.270000
811.000000,0.657088,0.641197,0.627571,0.617839,0.657774,0.310000
812.000000,0.659756,0.644207,0.630505,0.618601,0.651677,0.430000
813.000000,0.662271,0.647980,0.633486,0.620990,0.666921,0.500000
814.000000,0.661890,0.652020,0.636326,0.623169,0.666921,0.250000
815.000000,0.658537,0.654611,0.638517,0.624567,0.649390,0.500000
816.000000,0.655904,0.656496,0.639993,0.625919,0.644611,0.190000
817.000000,0.655675,0.657716,0.641441,0.628282,0.650534,0.250000
818.000000,0.649120,0.655696,0.642089,0.630048,0.634146,0.679900
819.000000,0.643404,0.652647,0.642906,0.631572,0.638338,0.590000
820.000000,0.640431,0.649484,0.643535,0.632715,0.634527,0.442800
821.000000,0.638720,0.647312,0.644254,0.634151,0.636052,0.349900
822.000000,0.635386,0.645530,0.644869,0.635513,0.633864,0.207400
823.000000,0.635919,0.642520,0.645250,0.636498,0.636814,0.420000
824.000000,0.634242,0.638823,0.645421,0.637158,0.629954,0.710000
825.000000,0.635691,0.638061,0.646336,0.638365,0.641768,0.310000
826.000000,0.635462,0.637091,0.646793,0.639025,0.634909,0.346400
827.000000,0.635366,0.635376,0.646546,0.639419,0.633384,0.170000
828.000000,0.634680,0.635300,0.645498,0.639826,0.633384,0.230000
829.000000,0.636492,0.635367,0.644007,0.640393,0.639013,0.180000
830.000000,0.637330,0.636510,0.642997,0.641193,0.645960,0.250000
831.000000,0.640379,0.637920,0.642616,0.642143,0.650152,0.290000
832.000000,0.647848,0.641607,0.643569,0.643782,0.670732,0.540000
833.000000,0.657605,0.646143,0.644331,0.645548,0.682168,0.480000
834.000000,0.669589,0.653040,0.645932,0.647961,0.698933,0.439900
835.000000,0.680502,0.658916,0.648488,0.650529,0.700522,0.042800
836.000000,0.690410,0.665394,0.651243,0.652994,0.699695,0.066800
837.000000,0.697498,0.672673,0.654024,0.655255,0.706170,0.189900
838.000000,0.702071,0.679838,0.657569,0.656944,0.705034,0.099900
839.000000,0.704433,0.687011,0.661189,0.658342,0.710743,0.253900
840.000000,0.709146,0.694824,0.665667,0.660273,0.724089,0.550100
841.000000,0.717302,0.703856,0.670888,0.663029,0.740473,0.689900
842.000000,0.726373,0.711935,0.676771,0.666358,0.751524,0.470000
843.000000,0.737805,0.719938,0.683040,0.669533,0.762195,0.338600
844.000000,0.747943,0.726188,0.689614,0.672684,0.761433,0.078800
845.000000,0.756107,0.732627,0.695771,0.676534,0.764909,0.215000
846.000000,0.761823,0.739563,0.702478,0.680683,0.769055,0.149500
847.000000,0.765329,0.745851,0.709262,0.684633,0.769051,0.169000
848.000000,0.767493,0.752649,0.716244,0.689262,0.773018,0.614000
849.000000,0.771152,0.759547,0.723279,0.693975,0.779726,0.406000
850.000000,0.772895,0.764501,0.729662,0.698612,0.773624,0.880000
851.000000,0.769008,0.765415,0.734636,0.702397,0.749619,0.826900
852.000000,0.767057,0.766193,0.739064,0.706578,0.759299,0.280000
853.000000,0.767103,0.767298,0.743618,0.711126,0.773247,0.554800
854.000000,0.765731,0.768441,0.747315,0.715890,0.772866,0.250000
855.000000,0.766486,0.769691,0.751159,0.720411,0.777401,0.239000
856.000000,0.773884,0.771446,0.755504,0.725468,0.786608,0.629900
857.000000,0.779037,0.773047,0.759449,0.730524,0.785061,0.147400
858.000000,0.780649,0.773876,0.763262,0.735454,0.781307,0.120000
859.000000,0.783011,0.774371,0.766959,0.740310,0.784680,0.490000
860.000000,0.784147,0.775317,0.769909,0.744880,0.783079,0.260800
861.000000,0.784196,0.779040,0.772228,0.749437,0.786852,0.200000
862.000000,0.784501,0.781769,0.773981,0.753299,0.786585,0.165600
863.000000,0.785587,0.783118,0.775208,0.756785,0.786738,0.380000
864.000000,0.784901,0.783956,0.776199,0.759528,0.781250,0.394000
865.000000,0.784459,0.784303,0.776997,0.762207,0.780869,0.210000
866.000000,0.783720,0.783958,0.777702,0.764989,0.783155,0.232000
867.000000,0.784024,0.784263,0.778655,0.767720,0.788110,0.292700
868.000000,0.784832,0.785210,0.779543,0.770578,0.790777,0.260000
869.000000,0.784780,0.784840,0.779606,0.772920,0.780987,0.480000
870.000000,0.787143,0.785801,0.780559,0.775206,0.792683,0.316900
871.000000,0.789429,0.786574,0.782807,0.777010,0.794588,0.253500
872.000000,0.795159,0.789592,0.785680,0.779184,0.816761,1.096700
873.000000,0.801257,0.793045,0.788081,0.781153,0.821265,0.550000
874.000000,0.807407,0.796093,0.790025,0.782830,0.811738,0.350000
875.000000,0.812285,0.799714,0.792008,0.784569,0.817073,0.240000
876.000000,0.818764,0.804096,0.794027,0.786500,0.826982,0.760000
877.000000,0.818902,0.807031,0.795647,0.788113,0.817454,0.439900
878.000000,0.819207,0.810232,0.797721,0.789772,0.822790,0.140000
879.000000,0.822256,0.814832,0.799836,0.791348,0.826982,0.550000
880.000000,0.824238,0.818261,0.802031,0.793126,0.826982,0.030900
881.000000,0.826457,0.822611,0.804592,0.796075,0.838079,0.530000
882.000000,0.830649,0.824776,0.807184,0.798712,0.838415,0.262800
883.000000,0.834537,0.826872,0.809958,0.801011,0.842226,0.860000
884.000000,0.839338,0.830797,0.813445,0.803616,0.850991,0.530000
885.000000,0.843306,0.833772,0.816743,0.805929,0.846818,0.450000
886.000000,0.847870,0.837163,0.820630,0.808406,0.860899,0.751900
887.000000,0.851604,0.841127,0.824079,0.810807,0.857085,0.339800
888.000000,0.855415,0.844976,0.827604,0.813472,0.861280,0.375100
889.000000,0.859835,0.849587,0.832209,0.816420,0.873095,0.340000
890.000000,0.865624,0.854465,0.836363,0.819509,0.875762,0.070000
891.000000,0.867835,0.857852,0.840231,0.822346,0.871951,0.400000
892.000000,0.870925,0.861264,0.843020,0.825211,0.872534,0.220000
893.000000,0.872144,0.863779,0.845326,0.827899,0.867378,0.239900
894.000000,0.871305,0.865570,0.848184,0.830820,0.868899,0.560000
895.000000,0.869552,0.867588,0.850680,0.833691,0.866997,0.284000
896.000000,0.868561,0.868198,0.852681,0.836486,0.866997,0.310000
897.000000,0.867301,0.869113,0.855120,0.839090,0.866235,0.240000
898.000000,0.867987,0.870066,0.857521,0.841758,0.870808,0.300000
899.000000,0.868369,0.869837,0.859712,0.844752,0.870808,0.000000
900.000000,0.870197,0.869875,0.862170,0.847534,0.876139,0.250000
901.000000,0.875533,0.872047,0.864950,0.850837,0.893674,0.460100
902.000000,0.873398,0.870349,0.865807,0.852130,0.855560,1.700000
903.000000,0.869968,0.868978,0.866378,0.853210,0.853659,0.789000
904.000000,0.867605,0.867987,0.866779,0.854785,0.858994,0.180000
905.000000,0.865777,0.867987,0.867788,0.856449,0.866997,0.350000
906.000000,0.861280,0.868406,0.868302,0.857923,0.871189,0.130000
907.000000,0.865396,0.869397,0.869255,0.859879,0.876143,0.450000
908.000000,0.871113,0.870540,0.870303,0.861861,0.882241,0.160000
909.000000,0.876829,0.872217,0.871027,0.863880,0.887576,0.270000
910.000000,0.880716,0.873247,0.871561,0.865862,0.886433,0.140000
911.000000,0.882774,0.872027,0.872037,0.867309,0.881479,0.247500
912.000000,0.882851,0.874123,0.872236,0.868579,0.876524,0.191400
913.000000,0.882774,0.876944,0.872961,0.869900,0.881860,0.190000
914.000000,0.882011,0.879420,0.873704,0.870993,0.883761,0.190000
915.000000,0.881173,0.880945,0.874466,0.872173,0.882241,0.179900
916.000000,0.881707,0.882240,0.875323,0.872948,0.884146,0.150000
917.000000,0.883993,0.883422,0.876409,0.873977,0.887957,0.240000
918.000000,0.885129,0.883952,0.877246,0.874853,0.887538,0.100000
919.000000,0.887264,0.884638,0.878427,0.875564,0.894436,0.270000
920.000000,0.889703,0.885438,0.879342,0.876186,0.894436,0.110000
921.000000,0.891989,0.886848,0.879437,0.876974,0.895575,0.039900
922.000000,0.891836,0.887915,0.881019,0.877463,0.887195,0.299900
923.000000,0.893521,0.889325,0.883134,0.878415,0.895960,0.230000
924.000000,0.893825,0.890545,0.884982,0.879317,0.895960,0.100500
925.000000,0.893612,0.891657,0.886301,0.880196,0.893369,0.300000
926.000000,0.893384,0.892686,0.887463,0.881111,0.894436,0.594800
927.000000,0.895290,0.893563,0.888492,0.882127,0.896723,0.454000
928.000000,0.897774,0.895647,0.889800,0.883380,0.908384,0.470000
929.000000,0.899759,0.896792,0.890715,0.884549,0.905884,0.326000
930.000000,0.898448,0.896030,0.890734,0.884905,0.886814,0.520400
931.000000,0.893951,0.893668,0.890258,0.884181,0.871951,0.420000
932.000000,0.890674,0.892982,0.890448,0.885007,0.880335,0.780000
933.000000,0.881939,0.889857,0.889591,0.885375,0.864710,0.500000
934.000000,0.874108,0.886934,0.888739,0.885633,0.866730,0.079900
935.000000,0.871593,0.885021,0.888339,0.885874,0.874238,0.207000
936.000000,0.872126,0.883038,0.887862,0.885988,0.874615,0.810000
937.000000,0.870601,0.880638,0.887100,0.885874,0.872713,0.270000
938.000000,0.877918,0.879929,0.887788,0.886509,0.901296,0.756700
939.000000,0.885136,0.879622,0.888207,0.887017,0.902816,0.270000
940.000000,0.892834,0.882213,0.889122,0.887894,0.912729,0.464400
941.000000,0.901296,0.886711,0.890189,0.889075,0.916925,0.260000
942.000000,0.910518,0.890560,0.891771,0.890485,0.918826,0.069900
943.000000,0.910328,0.894123,0.891990,0.891101,0.900343,0.717300
944.000000,0.910481,0.897808,0.892371,0.891762,0.903582,0.215000
945.000000,0.908652,0.900743,0.892882,0.892474,0.903582,0.322900
946.000000,0.903239,0.902268,0.892653,0.892664,0.889863,0.510000
947.000000,0.898971,0.904745,0.892691,0.892982,0.897485,0.250000
948.000000,0.897942,0.904135,0.892032,0.893237,0.895198,0.150000
949.000000,0.894512,0.902497,0.891059,0.892970,0.886433,0.230000
950.000000,0.889482,0.899067,0.890640,0.892437,0.878430,0.210000
951.000000,0.886814,0.895027,0.890869,0.891802,0.876524,0.560000
952.000000,0.880633,0.889802,0.890181,0.891114,0.866578,0.330100
953.000000,0.874764,0.886353,0.890238,0.890111,0.865854,0.470000
954.000000,0.868989,0.881751,0.889780,0.888831,0.857561,0.350000
955.000000,0.864264,0.876873,0.888808,0.887545,0.854802,0.072400
956.000000,0.861063,0.873938,0.888103,0.886415,0.860518,0.150000
957.000000,0.862366,0.871499,0.888122,0.885627,0.873095,0.510000
958.000000,0.863585,0.869175,0.886655,0.884413,0.871951,0.350000
959.000000,0.865854,0.867421,0.884959,0.883180,0.868902,0.217600
960.000000,0.871723,0.867993,0.883530,0.883091,0.884146,0.550000
961.000000,0.876829,0.868946,0.881986,0.883561,0.886052,0.100000
962.000000,0.882851,0.872608,0.881205,0.884323,0.903201,0.450000
963.000000,0.889101,0.876343,0.881348,0.885606,0.903201,23.700000
964.000000,0.894435,0.880144,0.880948,0.886568,0.895575,0.550000
965.000000,0.897179,0.884451,0.880662,0.887355,0.897866,0.060100
966.000000,0.900914,0.888872,0.881405,0.888359,0.904726,0.477100
967.000000,0.896341,0.889596,0.880547,0.888613,0.880335,0.685400
968.000000,0.891768,0.890434,0.879804,0.887915,0.880335,0.000000
969.000000,0.887043,0.890739,0.879080,0.886886,0.871951,0.220000
970.000000,0.884229,0.890704,0.879349,0.885921,0.883800,0.465000
971.000000,0.880418,0.890666,0.879806,0.884880,0.885671,0.299900
972.000000,0.880418,0.888380,0.880494,0.883597,0.880335,0.360500
973.000000,0.877827,0.884797,0.880570,0.882498,0.867378,0.810000
974.000000,0.874550,0.880796,0.880470,0.880897,0.855564,0.522300
975.000000,0.863186,0.873708,0.879079,0.878344,0.826982,3.200000
976.000000,0.855671,0.868045,0.878458,0.876951,0.848095,0.700000
977.000000,0.854909,0.867663,0.878630,0.876253,0.876524,1.250000
978.000000,0.856128,0.866978,0.878706,0.875529,0.873476,0.300000
979.000000,0.859558,0.867054,0.878896,0.875071,0.872713,0.300000
980.000000,0.867942,0.865564,0.878134,0.874754,0.868902,0.372800
981.000000,0.877058,0.866364,0.878515,0.875325,0.893674,0.700000
982.000000,0.880488,0.867698,0.878039,0.876229,0.893674,0.110000
983.000000,0.884451,0.870290,0.877543,0.877143,0.893293,0.480000
984.000000,0.887604,0.873581,0.877189,0.878174,0.888479,0.280900
985.000000,0.890577,0.879260,0.876484,0.879139,0.883765,0.370000
986.000000,0.889739,0.883398,0.875721,0.880105,0.889482,0.470000
987.000000,0.887376,0.883932,0.875798,0.880397,0.881860,0.590000
988.000000,0.884250,0.884351,0.875664,0.880587,0.877664,0.212300
989.000000,0.883230,0.885417,0.876236,0.881070,0.883380,0.360000
990.000000,0.884678,0.887628,0.876596,0.881299,0.891006,0.220100
991.000000,0.885745,0.887742,0.877053,0.881591,0.894817,0.270000
992.000000,0.890610,0.888993,0.878345,0.881690,0.906181,0.468200
993.000000,0.896632,0.890441,0.880365,0.881843,0.907774,0.359900
994.000000,0.902654,0.892942,0.883262,0.882440,0.913491,0.509900
995.000000,0.906879,0.895779,0.887519,0.882915,0.912130,0.510000
996.000000,0.910461,0.898103,0.890751,0.883182,0.912729,0.175000
997.000000,0.912761,0.901686,0.892809,0.884427,0.917683,0.190000
998.000000,0.914819,0.905726,0.895038,0.885685,0.918064,0.210000
999.000000,0.914898,0.908776,0.897097,0.887082,0.913883,0.119700
1000.000000,0.915780,0.911329,0.899478,0.888174,0.916540,0.240000
1001.000000,0.916389,0.913425,0.900584,0.889177,0.915777,0.050000
1002.000000,0.919133,0.915947,0.902470,0.890879,0.931402,0.470000
1003.000000,0.921420,0.918120,0.904280,0.892950,0.929497,0.240000
1004.000000,0.925154,0.920026,0.906484,0.895516,0.932553,0.110000
1005.000000,0.926678,0.921229,0.908504,0.898756,0.924162,0.360200
1006.000000,0.928431,0.922410,0.910257,0.901304,0.924543,0.340000
1007.000000,0.927479,0.923306,0.912496,0.902974,0.926639,0.390000
1008.000000,0.926716,0.924068,0.914897,0.904715,0.925686,0.330000
1009.000000,0.924200,0.924677,0.916727,0.906290,0.919973,0.150000
1010.000000,0.921914,0.924296,0.917813,0.907751,0.912729,0.279200
1011.000000,0.919246,0.923839,0.918632,0.908335,0.911204,0.240000
1012.000000,0.915969,0.921724,0.918836,0.908888,0.910252,0.115000
1013.000000,0.909947,0.918332,0.918226,0.908964,0.895579,0.617600
1014.000000,0.907313,0.915757,0.917891,0.909575,0.906803,0.392400
1015.000000,0.906475,0.914194,0.917712,0.910401,0.908537,0.131200
1016.000000,0.907141,0.913194,0.917802,0.911236,0.914535,0.181900
1017.000000,0.907601,0.911785,0.917546,0.912259,0.912553,0.151200
1018.000000,0.911354,0.910651,0.917360,0.913482,0.914345,0.047000
1019.000000,0.912768,0.910041,0.917359,0.914498,0.913872,0.080000
1020.000000,0.912082,0.909279,0.916787,0.914968,0.905107,0.230000
1021.000000,0.910963,0.909052,0.916446,0.915439,0.908941,0.220000
1022.000000,0.910617,0.909109,0.915417,0.915593,0.910823,0.209900
1023.000000,0.910370,0.910862,0.914597,0.915771,0.913110,0.470000
1024.000000,0.908485,0.910627,0.913192,0.915470,0.904444,0.227400
1025.000000,0.908104,0.910093,0.912144,0.915172,0.903201,0.250000
1026.000000,0.908784,0.909874,0.911534,0.915159,0.912344,0.293700
1027.000000,0.908556,0.909587,0.910686,0.914893,0.909680,0.225700
1028.000000,0.907870,0.909120,0.909885,0.914613,0.909680,23.870000
1029.000000,0.910248,0.909366,0.909704,0.914695,0.916334,0.314600
1030.000000,0.912874,0.910489,0.909884,0.914688,0.916334,24.044600
1031.000000,0.916686,0.912735,0.910894,0.915209,0.931402,0.425400
1032.000000,0.920019,0.914287,0.911698,0.915040,0.926345,0.132700
1033.000000,0.924439,0.916154,0.913508,0.915116,0.931780,0.142600
1034.000000,0.927834,0.919041,0.914834,0.915141,0.933308,0.170000
1035.000000,0.929476,0.921175,0.915634,0.915154,0.924546,0.230000
1036.000000,0.927418,0.922052,0.915963,0.915040,0.921113,0.430000
1037.000000,0.927591,0.923805,0.916696,0.915059,0.927210,0.160000
1038.000000,0.926678,0.925558,0.917339,0.915110,0.927210,0.000000
1039.000000,0.926144,0.926989,0.918178,0.915465,0.930640,0.167300
1040.000000,0.926372,0.927924,0.919207,0.915897,0.925686,0.230000
1041.000000,0.927058,0.927238,0.919987,0.916342,0.924543,0.030000
1042.000000,0.927591,0.927591,0.920939,0.916996,0.929878,0.221600
1043.000000,0.927896,0.927287,0.921720,0.918101,0.928731,0.670000
1044.000000,0.926601,0.926372,0.922707,0.918680,0.924165,0.136600
1045.000000,0.926372,0.926372,0.923774,0.919213,0.924543,0.009900
1046.000000,0.928124,0.927591,0.924822,0.919839,0.933304,0.229900
1047.000000,0.928733,0.928162,0.925984,0.920518,0.932923,0.259900
1048.000000,0.927819,0.927857,0.926708,0.920845,0.924162,0.230000
1049.000000,0.929028,0.927814,0.927402,0.921390,0.930210,0.158700
1050.000000,0.929333,0.927853,0.927888,0.922089,0.926067,0.300000
1051.000000,0.927351,0.927738,0.927488,0.922570,0.923396,0.200000
1052.000000,0.925742,0.927238,0.927415,0.923039,0.924878,0.280000
1053.000000,0.922694,0.925256,0.926272,0.922899,0.908918,0.708800
1054.000000,0.920341,0.924684,0.925528,0.923366,0.918445,0.250000
1055.000000,0.918055,0.923694,0.925033,0.923747,0.914638,0.330000
1056.000000,0.918513,0.922932,0.925262,0.924192,0.925686,0.289900
1057.000000,0.918963,0.922353,0.925258,0.924774,0.927130,0.125600
1058.000000,0.923956,0.923325,0.925591,0.925580,0.933880,0.177100
1059.000000,0.927005,0.923673,0.925744,0.926159,0.933689,0.005000
1060.000000,0.930053,0.924054,0.925953,0.926610,0.929878,0.200000
1061.000000,0.932034,0.925274,0.926506,0.926750,0.935595,0.230000
1062.000000,0.933346,0.926155,0.926696,0.926995,0.933689,0.200000
1063.000000,0.933321,0.928638,0.926947,0.927060,0.933754,0.290000
1064.000000,0.934845,0.930925,0.927805,0.927327,0.941311,0.350000
1065.000000,0.937132,0.933592,0.928643,0.927886,0.941311,0.090000
1066.000000,0.939037,0.935536,0.929234,0.928686,0.945122,0.110000
1067.000000,0.939800,0.936573,0.929463,0.929029,0.937500,0.200000
1068.000000,0.938872,0.936096,0.929711,0.929093,0.929116,0.530000
1069.000000,0.936744,0.935795,0.929734,0.929094,0.930671,0.040800
1070.000000,0.934616,0.935874,0.929964,0.929260,0.930671,24.420800
1071.000000,0.931726,0.935381,0.930328,0.929464,0.930671,24.420800
1072.000000,0.930201,0.935000,0.930578,0.929464,0.929878,0.050000
1073.000000,0.929514,0.934193,0.931416,0.929363,0.925678,0.110200
1074.000000,0.929164,0.932954,0.931939,0.929521,0.928921,0.085100
1075.000000,0.929005,0.931811,0.932701,0.929699,0.929878,0.035100
1076.000000,0.927777,0.929752,0.932644,0.929407,0.924531,0.140300
1077.000000,0.926708,0.928455,0.932514,0.929127,0.924531,24.259700
1078.000000,-1234.000000,-1234.000000,-1234.000000,-1234.000000,-1234.000000,-1234.000000
1079.000000,0.927228,0.928303,0.932246,0.929290,-1234.000000,-1234.000000
1080.000000,0.926275,0.927792,0.932045,0.929290,0.926067,0.102400
1081.000000,0.927306,0.927568,0.931680,0.929471,0.928655,0.067900
1082.000000,0.928337,0.927432,0.931415,0.929601,0.928655,24.367900
1083.000000,0.929026,0.928110,0.931312,0.930390,0.931784,0.082100
1084.000000,0.929236,0.928343,0.930770,0.930823,0.931021,0.120000
1085.000000,0.931142,0.928979,0.930469,0.931546,0.935595,0.170000
1086.000000,0.931768,0.929784,0.929767,0.931756,0.931784,0.100000
1087.000000,0.932393,0.930590,0.929466,0.931917,0.931784,24.450000
1088.000000,0.933155,0.931091,0.929807,0.931976,0.935595,0.100000
1089.000000,0.935353,0.932295,0.930404,0.932263,0.942008,0.350000
1090.000000,0.936450,0.933796,0.930952,0.932649,0.941082,0.120000
1091.000000,0.937832,0.934800,0.931374,0.932756,0.938689,0.082800
1092.000000,0.938213,0.935303,0.931575,0.932756,0.933689,0.305000
1093.000000,0.937832,0.935494,0.931996,0.932754,0.933689,0.192400
1094.000000,0.937267,0.936310,0.932536,0.932680,0.939184,0.144200
1095.000000,0.936887,0.936669,0.933026,0.932607,0.939184,24.644200
1096.000000,0.937412,0.937622,0.933909,0.932476,0.941311,0.200000
1097.000000,0.937489,0.937851,0.934412,0.932357,0.934074,0.200000
1098.000000,0.937946,0.937889,0.934490,0.932594,0.935976,0.049900
1099.000000,0.937281,0.937274,0.934784,0.932773,0.935861,0.023000
1100.000000,0.935801,0.936344,0.935070,0.932811,0.931784,0.187000
1101.000000,0.934582,0.935997,0.935398,0.932968,0.935213,0.240000
1102.000000,0.934194,0.935841,0.935572,0.933046,0.932138,0.090700
1103.000000,0.933127,0.935537,0.935515,0.933217,0.930640,0.039300
1104.000000,0.931988,0.934635,0.935472,0.933260,0.930164,0.012500
1105.000000,-1234.000000,-1234.000000,-1234.000000,-1234.000000,-1234.000000,-1234.000000
1106.000000,0.930419,0.932732,0.935305,0.933531,-1234.000000,-1234.000000
1107.000000,0.933951,0.934086,0.936067,0.934307,0.946265,0.460000
1108.000000,0.934427,0.933705,0.935907,0.934246,0.932546,0.360000
1109.000000,0.935023,0.933337,0.935409,0.934335,0.932546,24.470000
1110.000000,0.935518,0.933972,0.935220,0.934729,0.937500,0.130000
1111.000000,0.937348,0.934268,0.935178,0.935047,0.937881,0.036900
1112.000000,0.937118,0.935711,0.935779,0.935615,0.945118,0.199900
1113.000000,0.940969,0.938061,0.936733,0.936305,0.951799,0.308000
1114.000000,0.942798,0.939342,0.936865,0.936673,0.941692,0.290000
1115.000000,0.943636,0.939577,0.936997,0.936884,0.941692,24.710000
1116.000000,0.944551,0.940949,0.937057,0.937251,0.942454,0.150900
1117.000000,0.942875,0.939997,0.937197,0.937422,0.936738,0.415300
1118.000000,0.939943,0.940456,0.937258,0.937476,0.937138,0.056900
1119.000000,0.939467,0.941133,0.937440,0.937383,0.939314,0.057100
1120.000000,0.940915,0.942276,0.938342,0.937653,0.948933,0.252400
1121.000000,0.942211,0.943381,0.939065,0.938007,0.948933,0.000000
1122.000000,0.943278,0.943077,0.939587,0.938296,0.942073,0.190400
1123.000000,0.944265,0.942104,0.940189,0.938585,0.942073,24.720000
1124.000000,0.946245,0.942856,0.941192,0.938931,0.949215,0.187400
1125.000000,0.945331,0.943123,0.941350,0.939109,0.944360,0.127400
1126.000000,0.944416,0.943314,0.942131,0.939214,0.944360,24.780000
1127.000000,-1234.000000,-1234.000000,-1234.000000,-1234.000000,-1234.000000,-1234.000000
1128.000000,0.950051,0.946837,0.943478,0.940337,-1234.000000,-1234.000000
1129.000000,0.952839,0.949176,0.944943,0.941212,0.960366,0.240000
1130.000000,0.958746,0.951293,0.946547,0.942505,0.967988,0.200000
1131.000000,0.959832,0.951268,0.947117,0.942987,0.948704,0.597100
1132.000000,0.955595,0.950887,0.946776,0.943219,0.938643,0.290000
1133.000000,0.952165,0.951225,0.946425,0.943737,0.945122,0.260000
1134.000000,0.949754,0.951125,0.946773,0.944385,0.948312,0.090000
1135.000000,0.945790,0.951549,0.947114,0.944515,0.948171,0.223700
1136.000000,0.945190,0.951698,0.947285,0.945100,0.945701,0.108100
1137.000000,0.946654,0.951124,0.947771,0.945090,0.945964,0.047700
1138.000000,0.947187,0.949676,0.948331,0.945616,0.947790,0.090200
1139.000000,0.946550,0.948152,0.948637,0.946049,0.945126,0.280000
1140.000000,0.945941,0.945866,0.948437,0.946312,0.945126,24.800100
1141.000000,0.945826,0.945508,0.948236,0.946562,0.945126,24.800100
1142.000000,0.946591,0.946623,0.948642,0.946723,0.949790,0.205100
1143.000000,0.945753,0.946470,0.948723,0.946440,0.943598,0.162500
1144.000000,0.945728,0.946139,0.948501,0.946554,0.945000,0.066800
1145.000000,0.945703,0.945822,0.948535,0.946669,0.945000,24.796800
1146.000000,0.946867,0.946346,0.948881,0.946961,0.950945,0.193200
1147.000000,0.947838,0.947215,0.949170,0.947579,0.954649,0.219500
1148.000000,0.949210,0.947482,0.948579,0.948038,0.950457,0.110000
1149.000000,0.950759,0.948244,0.948198,0.948501,0.952744,0.060000
1150.000000,0.951928,0.948815,0.947341,0.948567,0.950842,0.050000
1151.000000,0.951185,0.949026,0.947267,0.948509,0.947233,0.094700
1152.000000,0.949813,0.948826,0.947724,0.948706,0.947790,24.855400
1153.000000,0.948548,0.948879,0.947675,0.948777,0.944131,0.126000
1154.000000,0.947310,0.949035,0.947587,0.948685,0.946555,0.198900
1155.000000,0.947443,0.949685,0.947754,0.948931,0.951505,0.212400
1156.000000,0.948926,0.950056,0.948201,0.949286,0.954649,0.090000
1157.000000,0.949917,0.949865,0.948540,0.949401,0.952744,0.120000
1158.000000,0.951640,0.950094,0.948788,0.949084,0.952748,0.000100
1159.000000,0.953793,0.950551,0.949397,0.948982,0.957317,0.150000
1160.000000,0.954041,0.950742,0.949779,0.948474,0.952748,0.140000
1161.000000,0.953736,0.951331,0.950179,0.948622,0.953125,0.046300
1162.000000,0.953889,0.951903,0.950364,0.949117,0.953506,0.180000
1163.000000,0.953888,0.952764,0.950822,0.949371,0.952744,0.056100
1164.000000,0.953202,0.953497,0.951266,0.949557,0.953887,0.030000
1165.000000,0.953937,0.953989,0.951837,0.949832,0.956421,0.286500
1166.000000,0.953098,0.953417,0.951736,0.949940,0.948933,0.200000
1167.000000,-1234.000000,-1234.000000,-1234.000000,-1234.000000,-1234.000000,-1234.000000
1168.000000,0.953038,0.953510,0.951712,0.950253,-1234.000000,-1234.000000
1169.000000,0.950561,0.952028,0.951251,0.950214,0.943979,0.234400
1170.000000,0.948403,0.951477,0.951090,0.950306,0.947790,0.213200
1171.000000,0.949598,0.951543,0.951431,0.950602,0.953712,0.320000
1172.000000,0.950421,0.951565,0.951743,0.950737,0.953712,25.025400
1173.000000,0.949473,0.951058,0.951956,0.950895,0.948175,0.145300
1174.000000,0.951227,0.950931,0.952282,0.951162,0.952748,0.201500
1175.000000,0.952218,0.950523,0.952347,0.951429,0.952744,0.082900
1176.000000,0.952558,0.951242,0.952387,0.951583,0.955412,0.140000
1177.000000,0.951297,0.950859,0.952106,0.951333,0.947409,0.210000
1178.000000,0.952433,0.950953,0.952164,0.951451,0.953853,0.169100
1179.000000,0.951670,0.951449,0.951723,0.951319,0.948933,0.137200
1180.000000,0.950950,0.951584,0.951534,0.951261,0.949146,0.040000
1181.000000,0.949807,0.951183,0.951353,0.951346,0.949695,0.020000
1182.000000,0.951255,0.951276,0.951413,0.951582,0.954649,0.130000
1183.000000,0.950271,0.951352,0.951213,0.951748,0.948933,0.190000
1184.000000,0.951652,0.951661,0.951315,0.952068,0.955838,0.181200
1185.000000,0.952982,0.951966,0.951282,0.952216,0.955793,0.109700
1186.000000,0.954201,0.952004,0.951643,0.952255,0.955793,25.080000
1187.000000,0.954430,0.952843,0.951851,0.952360,0.955793,25.080000
1188.000000,0.955027,0.952649,0.951801,0.952332,0.951917,0.129300
1189.000000,0.955460,0.953556,0.952502,0.952355,0.958003,0.211700
1190.000000,0.956820,0.954901,0.953243,0.952695,0.962595,0.422000
1191.000000,0.959107,0.956654,0.953918,0.953181,0.967226,0.141500
1192.000000,0.961314,0.957872,0.954574,0.953640,0.966829,0.010400
1193.000000,0.964452,0.959739,0.955546,0.954153,0.967607,1.130000
1194.000000,0.966373,0.960916,0.956289,0.954626,0.967607,25.390000
1195.000000,0.963640,0.960230,0.956098,0.954368,0.948933,0.490000
1196.000000,0.962689,0.960898,0.956451,0.954835,0.962470,0.355200
1197.000000,0.960596,0.960955,0.956899,0.954886,0.956364,1.605200
1198.000000,0.958116,0.961284,0.956966,0.954962,0.955206,0.245000
1199.000000,0.956568,0.961470,0.957513,0.955492,0.959867,0.236900
1200.000000,0.956568,0.960104,0.957502,0.955530,0.948933,0.286900
1201.000000,0.954546,0.958618,0.957636,0.955485,0.952363,0.280100
1202.000000,0.953575,0.957085,0.957479,0.955411,0.951505,0.054600
1203.000000,0.952835,0.955475,0.957607,0.955522,0.951505,24.967500
1204.000000,0.950800,0.953684,0.957300,0.955420,0.949695,0.076000
1205.000000,0.951415,0.953992,0.957111,0.955396,0.952008,0.102400
1206.000000,0.951024,0.952785,0.956841,0.955229,0.950404,0.139900
1207.000000,0.951325,0.952450,0.956702,0.955416,0.953011,0.101400
1208.000000,0.951384,0.952109,0.956697,0.955347,0.951803,0.064600
1209.000000,0.951155,0.950978,0.956224,0.955335,0.948552,0.229500
1210.000000,0.951378,0.951397,0.955750,0.955467,0.953121,0.150600
1211.000000,0.952227,0.951625,0.955122,0.955632,0.954649,0.040100
1212.000000,0.952181,0.951753,0.954419,0.955570,0.952778,0.059000
1213.000000,0.951988,0.951686,0.953581,0.955634,0.950838,0.050900
1214.000000,0.952827,0.951991,0.952838,0.955530,0.952748,0.100000
1215.000000,0.952370,0.951874,0.952933,0.955365,0.950838,0.240000
1216.000000,0.951227,0.951727,0.952256,0.955137,0.948933,0.160000
1217.000000,0.950839,0.951510,0.951980,0.954972,0.950838,0.167400
1218.000000,0.950923,0.951455,0.951782,0.954950,0.951258,0.056100
1219.000000,0.950922,0.951875,0.951426,0.954774,0.952744,0.087400
1220.000000,0.951666,0.952018,0.951708,0.954506,0.954558,0.050800
1221.000000,0.952489,0.951858,0.951742,0.954034,0.953049,0.247600
1222.000000,0.952118,0.951479,0.951616,0.953439,0.948982,0.106700
1223.000000,0.952796,0.951860,0.951773,0.953007,0.954649,0.148700
1224.000000,0.951958,0.951440,0.951716,0.952372,0.948552,0.160000
1225.000000,0.950604,0.951135,0.951505,0.952334,0.947790,0.020000
1226.000000,0.949553,0.951021,0.951374,0.951844,0.947790,24.870000
1227.000000,0.950457,0.951288,0.951399,0.951749,0.953506,0.150000
1228.000000,0.950229,0.951513,0.951484,0.951692,0.953506,0.090000
1229.000000,0.952439,0.952199,0.952037,0.951684,0.959604,0.211600
1230.000000,0.954802,0.952703,0.952361,0.952039,0.959604,25.180000
1231.000000,0.957165,0.953359,0.952608,0.952281,0.959604,25.180000
1232.000000,0.958384,0.954421,0.952950,0.952551,0.959604,25.180000
1233.000000,0.958553,0.954391,0.953125,0.952645,0.954348,0.280000
1234.000000,0.957502,0.954970,0.953205,0.952801,0.954348,25.042100
1235.000000,0.957220,0.956011,0.953573,0.953007,0.958197,0.177500
1236.000000,0.956611,0.956888,0.953954,0.953212,0.956555,0.070000
1237.000000,0.956001,0.957192,0.954240,0.953330,0.956555,25.100000
1238.000000,0.955680,0.957116,0.954314,0.953361,0.952744,0.100100
1239.000000,0.955435,0.956468,0.954333,0.953514,0.953125,0.039200
1240.000000,0.954668,0.955944,0.954324,0.953555,0.954364,0.200000
1241.000000,0.954135,0.955373,0.954366,0.953530,0.953887,0.240000
1242.000000,0.953449,0.954725,0.954573,0.953541,0.953125,0.130500
1243.000000,0.955354,0.955517,0.954954,0.953923,0.962271,0.240000
1244.000000,0.955431,0.955433,0.955202,0.953948,0.953506,0.270000
