0.000000,0.843858,0.839874,0.839569,0.843685,0.864173,6.890000
1.000000,0.848449,0.844051,0.840388,0.844226,0.866378,2.939000
2.000000,0.862921,0.851520,0.843561,0.846125,0.910315,12.916100
3.000000,0.882969,0.861008,0.847608,0.848782,0.931102,5.609000
4.000000,0.901635,0.869983,0.852084,0.851639,0.936205,2.650000
5.000000,0.918115,0.880987,0.857021,0.854788,0.946575,2.804000
6.000000,0.941139,0.894794,0.863753,0.859290,0.981496,10.138000
7.000000,0.959076,0.910998,0.871824,0.864340,1.000000,7.200000
8.000000,0.966556,0.924762,0.878960,0.867988,0.968504,12.190000
9.000000,0.974591,0.938113,0.886671,0.872056,0.976378,5.499900
10.000000,0.975039,0.946577,0.893226,0.875238,0.948819,7.500000
11.000000,0.964559,0.952849,0.898450,0.877875,0.929094,8.960000
12.000000,0.947189,0.953132,0.902326,0.880085,0.913150,5.995000
13.000000,0.939669,0.953113,0.907060,0.882777,0.930906,5.770000
14.000000,0.933488,0.954039,0.912011,0.886069,0.945472,5.729000
15.000000,0.932701,0.953870,0.917428,0.889304,0.944882,6.450500
16.000000,0.938598,0.951579,0.923186,0.893028,0.958583,6.890000
17.000000,0.944945,0.946067,0.928533,0.896572,0.944882,15.995700
18.000000,0.950299,0.944984,0.934873,0.900968,0.957677,4.938100
19.000000,0.953331,0.943409,0.940761,0.905584,0.960630,3.996000
20.000000,0.957071,0.944886,0.945731,0.910446,0.963583,2.800000
21.000000,0.958386,0.948492,0.950670,0.915131,0.965157,4.450000
22.000000,0.960559,0.952752,0.952942,0.919135,0.955748,4.950000
23.000000,0.959929,0.955114,0.954113,0.923078,0.954528,5.690000
24.000000,0.958748,0.956039,0.955039,0.926687,0.954724,2.380000
25.000000,0.958150,0.957610,0.955740,0.930822,0.960591,2.480000
26.000000,0.957701,0.958043,0.954811,0.934805,0.962913,6.150000
27.000000,0.959000,0.959780,0.952923,0.938948,0.962244,4.420000
28.000000,0.962189,0.961059,0.953022,0.943602,0.970472,2.352000
29.000000,0.964157,0.961453,0.952431,0.947658,0.964567,11.999000
30.000000,0.960677,0.959413,0.952150,0.950292,0.943189,11.700000
31.000000,0.958819,0.958260,0.953376,0.953200,0.953622,4.888000
32.000000,0.957315,0.958157,0.955455,0.954681,0.954724,3.249900
33.000000,0.950622,0.956406,0.955760,0.954877,0.937008,8.480000
34.000000,0.938858,0.951508,0.953774,0.953862,0.905748,14.629900
35.000000,0.929672,0.945175,0.951393,0.952218,0.897260,8.266000
36.000000,0.913665,0.936242,0.947143,0.948621,0.873583,9.146100
37.000000,0.896428,0.926872,0.943326,0.944239,0.868543,4.658000
38.000000,0.889893,0.920257,0.940658,0.942100,0.904331,13.520000
39.000000,0.893389,0.916124,0.938788,0.940329,0.923228,6.589000
40.000000,0.898669,0.914171,0.936792,0.939490,0.923661,5.980000
41.000000,0.906535,0.910100,0.934180,0.938951,0.912913,6.550000
42.000000,0.914559,0.905494,0.931826,0.938801,0.908661,6.447900
43.000000,0.913213,0.901553,0.928979,0.937691,0.897598,5.839900
44.000000,0.909307,0.901348,0.926428,0.936298,0.903701,4.000000
45.000000,0.907646,0.903157,0.924166,0.935314,0.915354,3.419900
46.000000,0.907150,0.906843,0.921542,0.933709,0.910433,2.460000
47.000000,0.906520,0.910539,0.918706,0.932397,0.905512,4.420000
48.000000,0.904402,0.908807,0.914532,0.930041,0.887008,5.000000
49.000000,0.903189,0.906248,0.911186,0.927941,0.897638,4.100000
50.000000,0.892559,0.900102,0.907137,0.924562,0.862205,11.950000
51.000000,0.882740,0.894945,0.902522,0.921102,0.861339,4.499500
52.000000,0.874898,0.890709,0.898101,0.918120,0.866299,4.489000
53.000000,0.869346,0.886874,0.894213,0.914944,0.859252,4.779300
54.000000,0.863693,0.883441,0.892394,0.912099,0.869370,4.019000
55.000000,0.865268,0.878913,0.891035,0.909082,0.870079,2.679900
56.000000,0.865874,0.874307,0.890575,0.905797,0.864370,3.889000
57.000000,0.866512,0.870705,0.890622,0.902705,0.869488,3.495000
58.000000,0.867307,0.868327,0.888567,0.899130,0.863228,3.720000
59.000000,0.866677,0.865185,0.885717,0.895852,0.866220,3.780000
60.000000,0.863488,0.864378,0.882240,0.892884,0.854134,3.500000
61.000000,0.858213,0.862043,0.878494,0.889029,0.837992,9.759300
62.000000,0.846953,0.856732,0.873720,0.884312,0.813189,13.850000
63.000000,0.835096,0.851202,0.869038,0.879876,0.803945,3.380000
64.000000,0.821631,0.844154,0.863798,0.876314,0.798898,5.072000
65.000000,0.808277,0.835883,0.857398,0.872651,0.787362,4.800000
66.000000,0.798151,0.828182,0.851244,0.869777,0.787362,3.520000
67.000000,0.791065,0.819009,0.844857,0.866751,0.777756,3.000000
68.000000,0.787756,0.811426,0.839876,0.862853,0.787402,3.900000
69.000000,0.785457,0.803544,0.834365,0.858326,0.787402,2.500000
70.000000,0.783142,0.795709,0.830044,0.853397,0.775787,3.610000
71.000000,0.782606,0.790379,0.826211,0.849122,0.784685,3.919000
72.000000,0.781402,0.786233,0.821483,0.844558,0.771732,3.290000
73.000000,0.779504,0.783630,0.817416,0.840569,0.777913,3.969900
74.000000,0.778323,0.781890,0.813022,0.836495,0.781496,2.830000
75.000000,0.781567,0.782354,0.809119,0.832383,0.792008,2.670000
76.000000,0.784716,0.783661,0.805922,0.828717,0.800433,3.829900
77.000000,0.792575,0.786988,0.802998,0.825567,0.811024,2.690100
78.000000,0.805425,0.792465,0.801945,0.824072,0.842165,8.990000
79.000000,0.815795,0.797059,0.800302,0.821929,0.833346,7.127000
80.000000,0.828260,0.804913,0.800311,0.821667,0.854331,6.000000
81.000000,0.836638,0.810677,0.800528,0.821033,0.842323,4.520000
82.000000,0.839039,0.815807,0.801020,0.819591,0.823031,6.567000
83.000000,0.831732,0.818579,0.801104,0.817803,0.805630,6.840000
84.000000,0.825693,0.820744,0.801317,0.815596,0.803150,4.196000
85.000000,0.816331,0.822295,0.802325,0.813511,0.807520,3.970000
86.000000,0.812157,0.824398,0.804030,0.812080,0.821457,4.890000
87.000000,0.815881,0.827460,0.807224,0.811152,0.841650,6.689000
88.000000,0.829968,0.830850,0.811657,0.811580,0.876063,9.121000
89.000000,0.844535,0.835114,0.816086,0.811906,0.875984,4.219000
90.000000,0.858621,0.837476,0.821195,0.812700,0.877953,2.990000
91.000000,0.871968,0.842063,0.826370,0.814373,0.888189,2.950000
92.000000,0.882787,0.849334,0.832571,0.817125,0.895748,2.980000
93.000000,0.881472,0.855720,0.837149,0.819310,0.869488,9.020000
94.000000,0.877929,0.861232,0.840988,0.821289,0.858268,3.970000
95.000000,0.871472,0.865047,0.843671,0.823232,0.845669,4.490000
96.000000,0.863126,0.867547,0.845972,0.825202,0.846457,4.075000
97.000000,0.853157,0.867972,0.847716,0.827474,0.845906,3.278900
98.000000,0.849142,0.865307,0.848079,0.829541,0.849409,4.339900
99.000000,0.848213,0.863071,0.849092,0.831748,0.853622,2.490000
100.000000,0.848724,0.860098,0.848787,0.834163,0.848228,7.090000
101.000000,0.847110,0.855118,0.848590,0.835953,0.838386,4.450000
102.000000,0.845331,0.849244,0.849289,0.838128,0.837008,1.799000
103.000000,0.842205,0.845673,0.850697,0.839991,0.833780,2.970000
104.000000,0.834685,0.841449,0.851340,0.841142,0.816024,6.520000
105.000000,0.828827,0.838776,0.851911,0.842039,0.818937,2.799000
106.000000,0.822197,0.834654,0.851100,0.842199,0.805236,4.009000
107.000000,0.816409,0.830870,0.849421,0.842101,0.808071,1.250000
108.000000,0.812323,0.827264,0.846285,0.841140,0.813346,2.250000
109.000000,0.812110,0.823398,0.843234,0.840527,0.814961,1.390000
110.000000,0.809598,0.819213,0.839656,0.838929,0.806378,2.490000
111.000000,0.806772,0.814484,0.834801,0.837222,0.791102,6.470000
112.000000,0.806772,0.811591,0.830417,0.836723,0.808071,5.630000
113.000000,0.804323,0.808323,0.826998,0.836572,0.801102,4.633000
114.000000,0.804323,0.808217,0.824833,0.836966,0.814961,3.520000
115.000000,0.807181,0.808390,0.823583,0.837404,0.820669,2.486700
116.000000,0.814039,0.810406,0.822530,0.837535,0.825394,1.650000
117.000000,0.814236,0.810504,0.820687,0.836449,0.809055,5.520000
118.000000,0.819134,0.811728,0.819496,0.834766,0.825591,5.170000
119.000000,0.819173,0.811748,0.817573,0.832739,0.815157,7.700000
120.000000,0.818819,0.813000,0.816106,0.830770,0.818898,2.839900
121.000000,0.818457,0.816248,0.815366,0.828617,0.823583,3.500000
122.000000,0.823724,0.818980,0.815285,0.826605,0.835394,4.639000
123.000000,0.827102,0.823118,0.815720,0.825705,0.842480,2.247600
124.000000,0.833961,0.826567,0.817392,0.825411,0.849449,2.700000
125.000000,0.841449,0.830134,0.819262,0.825766,0.856339,2.759500
126.000000,0.847583,0.833020,0.821713,0.826026,0.854252,2.029900
127.000000,0.852323,0.838024,0.824264,0.826466,0.859094,2.250000
128.000000,0.857055,0.842079,0.826904,0.827024,0.866142,2.470000
129.000000,0.860425,0.847193,0.829470,0.827446,0.866299,2.468500
130.000000,0.862386,0.851917,0.832459,0.828043,0.866142,2.219900
131.000000,0.864394,0.855988,0.836118,0.828907,0.864291,2.443300
132.000000,0.864307,0.858315,0.838648,0.829629,0.858661,1.953700
133.000000,0.864291,0.860673,0.841896,0.830705,0.866063,2.540000
134.000000,0.863150,0.861787,0.844177,0.832190,0.860591,2.470000
135.000000,0.863150,0.862768,0.846451,0.833764,0.866142,2.365300
136.000000,0.863047,0.863720,0.848370,0.835715,0.863780,1.979300
137.000000,0.861795,0.863051,0.850537,0.837193,0.852402,2.939900
138.000000,0.856307,0.860299,0.851189,0.838035,0.838622,4.510000
139.000000,0.853480,0.858315,0.852754,0.839085,0.846457,6.090000
140.000000,0.850772,0.856961,0.854439,0.840626,0.852598,4.070000
141.000000,0.849669,0.856358,0.856173,0.842865,0.858268,2.720000
142.000000,0.852417,0.857106,0.857711,0.844801,0.866142,3.969600
143.000000,0.864323,0.860315,0.860494,0.848035,0.898150,12.300000
144.000000,0.869811,0.861646,0.861717,0.850000,0.873898,9.910000
145.000000,0.870787,0.860780,0.861774,0.851227,0.857480,4.170000
146.000000,0.870890,0.860280,0.862000,0.852340,0.858780,2.430000
147.000000,0.869315,0.860866,0.861959,0.853980,0.858268,2.085000
148.000000,0.862465,0.863394,0.861846,0.855257,0.863898,2.660000
149.000000,0.858283,0.864047,0.861181,0.856518,0.852992,5.330000
150.000000,0.859575,0.865181,0.861071,0.858020,0.863937,2.780000
151.000000,0.861614,0.866252,0.861305,0.859533,0.868976,3.449600
152.000000,0.866866,0.868091,0.862598,0.861171,0.884528,4.720000
153.000000,0.873614,0.868039,0.864177,0.863009,0.897638,4.129000
154.000000,0.878220,0.868252,0.864949,0.863895,0.876024,8.807000
155.000000,0.876717,0.868146,0.864463,0.863898,0.856417,5.990000
156.000000,0.874929,0.868272,0.864276,0.864091,0.860039,3.095000
157.000000,0.870764,0.868815,0.864841,0.864244,0.863701,3.219000
158.000000,0.860370,0.866992,0.865193,0.863562,0.845669,5.110000
159.000000,0.854016,0.866118,0.865083,0.862827,0.844252,3.080000
160.000000,0.848811,0.862764,0.863972,0.861635,0.830394,3.950000
161.000000,0.842756,0.858843,0.862547,0.860484,0.829764,2.318000
162.000000,0.835945,0.853354,0.860722,0.859517,0.829646,2.120000
163.000000,0.835024,0.847697,0.857868,0.858684,0.841063,3.440000
164.000000,0.831717,0.842866,0.855559,0.857588,0.827717,4.030000
165.000000,0.831386,0.840098,0.854122,0.856341,0.828740,1.670000
166.000000,0.833142,0.837949,0.853110,0.855500,0.838543,2.490000
167.000000,0.835575,0.835760,0.852287,0.855147,0.841811,3.033900
168.000000,0.834189,0.834606,0.850799,0.854997,0.834134,7.900000
169.000000,0.834622,0.833169,0.849644,0.854445,0.829882,1.729000
170.000000,0.830386,0.830886,0.846825,0.852944,0.807559,5.780000
171.000000,0.822701,0.827921,0.843382,0.851005,0.800118,4.575000
172.000000,0.815394,0.825484,0.839419,0.848976,0.805276,2.060000
173.000000,0.809969,0.822079,0.834888,0.845938,0.807008,1.380000
174.000000,0.803874,0.819248,0.831057,0.843455,0.799409,2.366500
175.000000,0.802992,0.816689,0.828394,0.841644,0.803150,1.880000
176.000000,0.803591,0.813146,0.825547,0.839789,0.803110,2.256000
177.000000,0.804031,0.809713,0.822736,0.838096,0.807480,1.662000
178.000000,0.803953,0.806961,0.820783,0.836186,0.806614,2.080100
179.000000,0.804543,0.804209,0.818689,0.834499,0.802362,1.830000
180.000000,0.804617,0.803805,0.817345,0.832485,0.803520,0.784000
181.000000,0.804625,0.804108,0.816015,0.830291,0.803150,1.399000
182.000000,0.803798,0.803915,0.814700,0.827585,0.803346,1.520000
183.000000,0.802476,0.803214,0.812646,0.824330,0.800000,1.448000
184.000000,0.803184,0.803864,0.811556,0.821993,0.805906,1.530000
185.000000,0.803756,0.804187,0.810438,0.820325,0.806378,1.500000
186.000000,0.803362,0.803994,0.808570,0.818363,0.801181,2.150000
187.000000,0.802299,0.803049,0.806381,0.816174,0.798031,3.500000
188.000000,0.802567,0.802521,0.804741,0.814696,0.801339,2.209900
189.000000,0.801307,0.802246,0.803227,0.813208,0.799606,2.250000
190.000000,0.800575,0.802165,0.802985,0.812285,0.802717,2.670000
191.000000,0.802150,0.802756,0.803432,0.811595,0.809055,3.120000
192.000000,0.802811,0.802555,0.803235,0.810651,0.801339,3.340000
193.000000,0.801598,0.802083,0.802648,0.809125,0.795276,2.196000
194.000000,0.800961,0.801134,0.802499,0.808082,0.796417,1.214000
195.000000,0.799709,0.800142,0.802164,0.807006,0.796457,2.400000
196.000000,0.797913,0.800031,0.802013,0.805724,0.800079,1.690000
197.000000,0.797370,0.800091,0.801570,0.804284,0.798622,1.616300
198.000000,0.797173,0.799386,0.800954,0.802956,0.794291,2.949000
199.000000,0.797110,0.799035,0.800641,0.801830,0.796102,7.620000
200.000000,0.799110,0.799409,0.800787,0.801793,0.806457,2.930000
201.000000,0.801017,0.799465,0.801110,0.802110,0.809610,2.259900
202.000000,0.803220,0.800295,0.801425,0.802255,0.809642,1.270000
203.000000,0.806606,0.801890,0.801986,0.802396,0.811220,1.361000
204.000000,0.812331,0.804720,0.802927,0.803239,0.824724,3.950000
205.000000,0.817685,0.808398,0.804270,0.804242,0.833228,2.520000
206.000000,0.818857,0.809937,0.804984,0.804654,0.815472,5.849900
207.000000,0.818339,0.810780,0.805435,0.804640,0.807047,4.610000
208.000000,0.815937,0.811272,0.805329,0.804393,0.799213,1.990000
209.000000,0.811299,0.811815,0.805425,0.804365,0.801535,3.989000
210.000000,0.805543,0.811614,0.805512,0.804396,0.804449,3.390000
211.000000,0.802567,0.810712,0.805089,0.804311,0.800591,3.500000
212.000000,0.803063,0.810701,0.805498,0.804517,0.809528,2.610000
213.000000,0.799126,0.807531,0.804711,0.803835,0.779528,9.320000
214.000000,0.795173,0.803236,0.803978,0.803030,0.781772,2.000000
215.000000,0.790866,0.798205,0.803301,0.802248,0.782913,1.019900
216.000000,0.786543,0.794555,0.802246,0.801508,0.778976,2.839000
217.000000,0.780606,0.791835,0.801307,0.800902,0.779843,1.500000
218.000000,0.779386,0.789256,0.800264,0.799971,0.773425,1.980000
219.000000,0.776260,0.785717,0.798766,0.798856,0.766142,3.260000
220.000000,0.764165,0.777516,0.794565,0.796180,0.722441,13.129000
221.000000,0.744000,0.765272,0.787992,0.791816,0.678150,13.470000
222.000000,0.710866,0.745736,0.778219,0.785577,0.614173,17.750000
223.000000,0.682819,0.731102,0.769317,0.780175,0.633189,12.550000
224.000000,0.653220,0.714740,0.758988,0.774232,0.618150,6.930000
225.000000,0.631646,0.697906,0.748055,0.768169,0.614567,2.010000
226.000000,0.620819,0.682409,0.738482,0.762301,0.624016,3.489000
227.000000,0.623236,0.667051,0.729443,0.756555,0.626260,1.480000
228.000000,0.620110,0.651465,0.720360,0.750664,0.617559,2.740000
229.000000,0.619205,0.636213,0.710965,0.744581,0.613622,3.148000
230.000000,0.619323,0.625484,0.701500,0.738205,0.615157,1.416500
231.000000,0.615142,0.617980,0.691626,0.731321,0.603110,4.429600
232.000000,0.611346,0.617291,0.681514,0.724576,0.607283,3.204000
233.000000,0.620378,0.620244,0.675673,0.719626,0.662717,15.500000
234.000000,0.620961,0.620083,0.667411,0.712686,0.616535,13.780000
235.000000,0.620173,0.619748,0.658827,0.705286,0.611220,5.225000
236.000000,0.621598,0.618370,0.650390,0.698445,0.610236,3.491000
237.000000,0.621291,0.616319,0.641685,0.691735,0.605748,3.000000
238.000000,0.609134,0.614756,0.633110,0.685159,0.601929,1.850000
239.000000,0.606606,0.613783,0.624998,0.678571,0.603898,4.329000
240.000000,0.604748,0.612461,0.618972,0.671820,0.601929,2.739000
241.000000,0.599339,0.610469,0.614224,0.664573,0.583189,7.890000
242.000000,0.592575,0.606933,0.612112,0.656654,0.571929,3.220000
243.000000,0.581929,0.595531,0.607888,0.648959,0.548701,8.760000
244.000000,0.567449,0.587028,0.603555,0.640617,0.531496,6.859900
245.000000,0.560756,0.582752,0.601250,0.633469,0.568465,12.050000
246.000000,0.560811,0.580075,0.599222,0.626951,0.583465,5.109000
247.000000,0.563181,0.577878,0.597098,0.620416,0.583780,2.590000
248.000000,0.569685,0.575807,0.595281,0.614009,0.581220,3.359000
249.000000,0.575591,0.571520,0.592652,0.607172,0.561024,6.989800
250.000000,0.574323,0.567539,0.590000,0.601828,0.562126,4.089100
251.000000,0.568732,0.564772,0.587620,0.597740,0.555512,4.180000
252.000000,0.563386,0.563283,0.585108,0.595836,0.557047,2.019000
253.000000,0.560898,0.565291,0.580411,0.593689,0.568780,3.510000
254.000000,0.562945,0.569268,0.578148,0.592126,0.571260,5.379000
255.000000,0.567732,0.571028,0.576890,0.591176,0.586063,4.000000
256.000000,0.577496,0.573114,0.576594,0.590520,0.604331,4.640000
257.000000,0.590669,0.577028,0.577453,0.590408,0.622913,5.939000
258.000000,0.604063,0.582480,0.579144,0.591014,0.635748,3.278500
259.000000,0.611071,0.587008,0.579264,0.590770,0.606299,11.358500
260.000000,0.617024,0.592378,0.579959,0.590793,0.615827,4.205000
261.000000,0.620835,0.599165,0.581969,0.591469,0.623386,4.259800
262.000000,0.628063,0.609366,0.586325,0.593194,0.659055,9.560000
263.000000,0.628504,0.616283,0.590787,0.592369,0.637953,7.647400
264.000000,0.637157,0.624114,0.596691,0.593470,0.649567,3.489800
265.000000,0.644472,0.630748,0.600888,0.594843,0.652402,3.490000
266.000000,0.648535,0.634685,0.603900,0.595958,0.643701,3.070000
267.000000,0.640260,0.634161,0.605594,0.596356,0.617677,7.499900
268.000000,0.635701,0.632102,0.607291,0.596797,0.615157,2.750000
269.000000,0.628465,0.632811,0.609909,0.597113,0.613386,2.934000
270.000000,0.617079,0.630776,0.611577,0.596898,0.595472,5.210000
271.000000,0.609898,0.629217,0.614191,0.597718,0.607795,4.594400
272.000000,0.610094,0.625177,0.617272,0.599276,0.618661,4.929900
273.000000,0.607630,0.621665,0.618974,0.601080,0.602835,4.741800
274.000000,0.605520,0.616992,0.620553,0.603458,0.602835,1.614000
275.000000,0.610449,0.613764,0.622256,0.605180,0.620118,6.052000
276.000000,0.614079,0.611988,0.623337,0.606596,0.625945,4.490000
277.000000,0.615606,0.612850,0.623506,0.608013,0.626299,4.222000
278.000000,0.622087,0.614858,0.623480,0.609814,0.635236,3.730000
279.000000,0.631024,0.618272,0.625541,0.612697,0.647520,4.825000
280.000000,0.638543,0.624496,0.627636,0.615883,0.657717,3.540000
281.000000,0.643268,0.628673,0.628945,0.619018,0.649567,2.880000
282.000000,0.648504,0.632055,0.628616,0.622199,0.652480,2.520000
283.000000,0.652189,0.637138,0.629402,0.625029,0.653661,3.260000
284.000000,0.654803,0.642913,0.629953,0.628007,0.660591,4.069000
285.000000,0.659480,0.649012,0.631388,0.631175,0.681102,5.210000
286.000000,0.661740,0.652504,0.632246,0.633059,0.660866,5.959900
287.000000,0.660039,0.654272,0.633561,0.633761,0.643976,7.980000
288.000000,0.656827,0.654508,0.634683,0.633823,0.637598,3.460000
289.000000,0.652866,0.653835,0.636053,0.634972,0.640787,2.030100
290.000000,0.647512,0.653496,0.638996,0.636256,0.654331,3.953000
291.000000,0.645386,0.653563,0.641118,0.637151,0.650236,2.390000
292.000000,0.650843,0.655441,0.643748,0.637558,0.671260,7.210000
293.000000,0.654394,0.655610,0.646374,0.638138,0.655354,6.768000
294.000000,0.656913,0.654890,0.648902,0.638265,0.653386,2.567500
295.000000,0.657047,0.652280,0.650646,0.638352,0.655000,2.230000
296.000000,0.654748,0.650067,0.651285,0.638186,0.638740,4.800000
297.000000,0.649795,0.650319,0.652295,0.639147,0.646496,2.700000
298.000000,0.647071,0.650732,0.652620,0.640033,0.641732,2.000000
299.000000,0.642213,0.649563,0.651699,0.640556,0.629094,3.564400
300.000000,0.636654,0.646850,0.650173,0.641614,0.627205,3.000000
301.000000,0.634575,0.644661,0.649112,0.642299,0.628346,3.819700
302.000000,0.628110,0.638953,0.647197,0.642150,0.614173,7.180000
303.000000,0.622181,0.634626,0.645118,0.642458,0.612087,1.965000
304.000000,0.619409,0.630811,0.642850,0.642871,0.615236,1.820000
305.000000,0.616480,0.626567,0.639423,0.642619,0.612559,3.270000
306.000000,0.614433,0.624504,0.637285,0.642358,0.618110,2.950000
307.000000,0.615386,0.621748,0.636033,0.642113,0.618937,2.489000
308.000000,0.616630,0.619406,0.635069,0.641549,0.618307,1.430000
309.000000,0.611890,0.615650,0.632606,0.639682,0.591535,8.510000
310.000000,0.608496,0.612488,0.629669,0.637612,0.595591,2.190000
311.000000,0.605346,0.609890,0.627276,0.636038,0.602362,2.770000
312.000000,0.601386,0.608386,0.623669,0.634260,0.599134,2.000000
313.000000,0.598598,0.607614,0.621120,0.632617,0.604370,2.530000
314.000000,0.603504,0.607697,0.619254,0.631133,0.616063,3.730000
315.000000,0.606150,0.607323,0.616945,0.628723,0.608819,3.460000
316.000000,0.605709,0.605528,0.615016,0.626699,0.600157,3.837900
317.000000,0.603496,0.602441,0.612094,0.624836,0.588071,4.940000
318.000000,0.602063,0.600331,0.609868,0.623490,0.597205,3.560000
319.000000,0.600449,0.601976,0.608813,0.622396,0.607992,6.249500
320.000000,0.597444,0.601797,0.607143,0.620378,0.593795,3.731900
321.000000,0.596846,0.601277,0.605583,0.618609,0.597165,2.889900
322.000000,0.597743,0.600620,0.604503,0.615986,0.592559,2.360000
323.000000,0.596019,0.599041,0.603328,0.613760,0.588582,2.250000
324.000000,0.593649,0.597049,0.602373,0.611852,0.596142,2.570000
325.000000,0.594220,0.595832,0.601578,0.609907,0.596654,1.960000
326.000000,0.592992,0.594919,0.600223,0.608317,0.591024,1.780000
327.000000,0.592811,0.595277,0.598859,0.606489,0.591654,1.789900
328.000000,0.592811,0.594415,0.597373,0.604717,0.588583,1.590000
329.000000,0.590906,0.592277,0.597127,0.603301,0.586614,1.822100
330.000000,0.588748,0.591484,0.596641,0.601923,0.585866,0.989900
331.000000,0.587559,0.590276,0.595776,0.600481,0.585079,1.726500
332.000000,0.586543,0.589677,0.595148,0.599561,0.586575,1.828000
333.000000,0.586543,0.589677,0.594359,0.598777,0.588583,1.699900
334.000000,0.583465,0.587185,0.592117,0.597310,0.571220,5.390000
335.000000,0.581386,0.585067,0.590450,0.596074,0.575472,1.745000
336.000000,0.577929,0.582744,0.588831,0.594397,0.567795,3.380000
337.000000,0.574787,0.580665,0.587971,0.592794,0.570866,2.730000
338.000000,0.569921,0.578232,0.586324,0.590993,0.564252,3.154600
339.000000,0.576457,0.579961,0.586119,0.591405,0.603898,10.620000
340.000000,0.581087,0.581236,0.586360,0.591506,0.598622,3.020000
341.000000,0.587598,0.582764,0.586520,0.591439,0.600354,2.489600
342.000000,0.593929,0.584358,0.587018,0.591552,0.602520,2.850000
343.000000,0.600835,0.585378,0.587528,0.591365,0.598780,1.550000
344.000000,0.594213,0.585335,0.586260,0.589856,0.570787,7.548500
345.000000,0.588740,0.584913,0.584990,0.588604,0.571260,2.980000
346.000000,0.581465,0.584531,0.583638,0.587398,0.563976,2.742500
347.000000,0.570614,0.582272,0.581469,0.586071,0.548268,4.896000
348.000000,0.563339,0.582087,0.580159,0.584911,0.562402,4.470000
349.000000,0.561984,0.578098,0.579030,0.583445,0.564016,1.790000
350.000000,0.559850,0.574295,0.577766,0.582339,0.560591,1.854600
351.000000,0.559441,0.570453,0.576608,0.581164,0.561929,1.760000
352.000000,0.560299,0.565457,0.574907,0.579831,0.552559,4.270000
353.000000,0.557457,0.560398,0.572888,0.578484,0.548189,1.630000
354.000000,0.554024,0.558004,0.571669,0.576841,0.546850,1.660000
355.000000,0.550882,0.555366,0.570140,0.575115,0.544882,2.120000
356.000000,0.547087,0.553264,0.568898,0.573513,0.542953,1.200000
357.000000,0.544433,0.552366,0.567319,0.571768,0.539291,1.790000
358.000000,0.542220,0.549839,0.565963,0.570052,0.537126,1.499900
359.000000,0.541354,0.547689,0.562894,0.568583,0.542520,1.717600
360.000000,0.542315,0.546598,0.560447,0.567377,0.549685,2.110000
361.000000,0.543638,0.545362,0.557907,0.566193,0.549567,0.760000
362.000000,0.545992,0.545213,0.555335,0.565009,0.551063,0.739900
363.000000,0.548803,0.545512,0.552955,0.563762,0.551181,0.563000
364.000000,0.550961,0.546157,0.552081,0.563165,0.553307,1.321500
365.000000,0.552055,0.547185,0.551276,0.562488,0.555157,1.649000
366.000000,0.554819,0.549228,0.551246,0.562341,0.563386,2.239900
367.000000,0.557417,0.551705,0.552035,0.562114,0.564055,1.316000
368.000000,0.558622,0.553713,0.551776,0.561879,0.557205,1.952500
369.000000,0.558992,0.554976,0.551333,0.560255,0.555157,2.770000
370.000000,0.561110,0.556583,0.551591,0.559159,0.565748,2.770000
371.000000,0.561337,0.558078,0.551720,0.557964,0.564518,1.079900
372.000000,0.561596,0.559507,0.552360,0.556725,0.565354,0.612500
373.000000,0.563077,0.560849,0.553181,0.555586,0.564606,0.619900
374.000000,0.565344,0.562168,0.554163,0.555443,0.566496,3.490000
375.000000,0.565833,0.563471,0.555328,0.555341,0.568189,1.509000
376.000000,0.566520,0.563928,0.556578,0.555473,0.567953,1.150000
377.000000,0.565858,0.563727,0.557716,0.555933,0.562047,1.750000
378.000000,0.566520,0.564798,0.559255,0.556116,0.567913,1.818000
379.000000,0.565417,0.565381,0.560179,0.556015,0.560984,3.190000
380.000000,0.563331,0.564582,0.560582,0.555921,0.557756,1.990000
381.000000,0.561701,0.564110,0.561094,0.555850,0.559803,1.900000
382.000000,0.559724,0.562791,0.561149,0.555837,0.552165,2.139900
383.000000,0.556378,0.561449,0.561149,0.555937,0.551181,1.890000
384.000000,0.554449,0.559933,0.561051,0.556086,0.551339,1.470000
385.000000,0.553307,0.558319,0.560895,0.556325,0.552047,1.500000
386.000000,0.552488,0.557094,0.560511,0.556750,0.555709,1.379900
387.000000,0.553071,0.556398,0.560063,0.557277,0.555079,2.151300
388.000000,0.554126,0.555252,0.560025,0.557921,0.556457,1.910000
389.000000,0.554669,0.554559,0.559970,0.558305,0.554055,2.053300
390.000000,0.555283,0.554295,0.559438,0.558487,0.555118,1.220000
391.000000,0.554953,0.553720,0.558915,0.558636,0.554055,1.650000
392.000000,0.554882,0.553976,0.558384,0.558758,0.554724,1.039300
393.000000,0.555496,0.554811,0.558130,0.559036,0.559528,1.820000
394.000000,0.558465,0.556567,0.558250,0.559556,0.568898,2.590000
395.000000,0.563024,0.559154,0.558736,0.560315,0.577913,2.850800
396.000000,0.570024,0.562488,0.559791,0.561170,0.589055,4.200000
397.000000,0.574441,0.564661,0.560530,0.561595,0.576811,3.878800
398.000000,0.576441,0.565969,0.560610,0.562006,0.569528,2.858900
399.000000,0.579276,0.568870,0.561715,0.562937,0.583071,3.790000
400.000000,0.580386,0.571705,0.563000,0.563527,0.583465,1.879900
401.000000,0.580205,0.575114,0.564417,0.564315,0.588150,4.090000
402.000000,0.583346,0.578894,0.566435,0.565220,0.592520,6.340000
403.000000,0.589008,0.582724,0.568768,0.566328,0.597835,1.759000
404.000000,0.595150,0.587213,0.571890,0.567904,0.613780,4.120000
405.000000,0.600945,0.590665,0.574909,0.569379,0.612441,2.750000
406.000000,0.604858,0.592531,0.577510,0.570705,0.607717,2.759900
407.000000,0.606142,0.594744,0.579703,0.571934,0.598937,3.360000
408.000000,0.606654,0.597831,0.581900,0.573017,0.600394,1.616600
409.000000,0.604370,0.599760,0.584315,0.574396,0.602362,1.490000
410.000000,0.600465,0.600705,0.586205,0.575568,0.592913,3.320000
411.000000,0.598661,0.601760,0.588437,0.576865,0.598701,2.500000
412.000000,0.598559,0.602350,0.590622,0.578407,0.598425,1.727600
413.000000,0.597961,0.602307,0.592516,0.579948,0.597402,1.700000
414.000000,0.596016,0.600193,0.593703,0.581324,0.592638,2.220000
415.000000,0.596291,0.598378,0.594522,0.582732,0.594291,1.450000
416.000000,0.594654,0.596657,0.594594,0.583892,0.590512,2.240000
417.000000,0.592213,0.595386,0.595065,0.584930,0.586220,1.935000
418.000000,0.589858,0.593909,0.595870,0.585903,0.585630,1.770000
419.000000,0.588646,0.592331,0.596045,0.586987,0.586575,1.246000
420.000000,0.587520,0.591906,0.596305,0.588105,0.588661,1.519000
421.000000,0.587465,0.591059,0.596409,0.589311,0.590236,1.314200
422.000000,0.587079,0.589646,0.595998,0.590297,0.584291,1.680000
423.000000,0.585193,0.587526,0.594916,0.590852,0.576201,3.272000
424.000000,0.583122,0.585884,0.593038,0.591096,0.576220,2.080000
425.000000,0.579563,0.583541,0.590960,0.590862,0.570866,2.070000
426.000000,0.575610,0.581537,0.589097,0.590242,0.570472,0.999900
427.000000,0.572768,0.579923,0.587655,0.590018,0.570079,1.720000
428.000000,0.569748,0.577470,0.585690,0.589737,0.561102,3.000000
429.000000,0.566701,0.574911,0.583621,0.589001,0.560984,1.049900
430.000000,0.564339,0.571951,0.581928,0.588187,0.559055,0.978800
431.000000,0.562441,0.569026,0.580042,0.587281,0.560984,1.250000
432.000000,0.559953,0.566360,0.578003,0.586119,0.557638,1.039900
433.000000,0.557646,0.563697,0.575611,0.584510,0.549567,2.280000
434.000000,0.558008,0.562354,0.574119,0.582810,0.562795,3.369900
435.000000,0.559189,0.561764,0.572653,0.581228,0.564961,3.199900
436.000000,0.559394,0.560917,0.571227,0.579704,0.562008,1.350000
437.000000,0.561677,0.560815,0.570369,0.578708,0.569055,2.250000
438.000000,0.565150,0.561398,0.569434,0.577593,0.566929,1.200000
439.000000,0.566291,0.562150,0.568531,0.576464,0.568504,0.999900
440.000000,0.566315,0.562752,0.567351,0.575536,0.565079,1.353300
441.000000,0.565764,0.562579,0.565802,0.574221,0.559252,3.480100
442.000000,0.562740,0.562209,0.564284,0.572738,0.553937,3.561600
443.000000,0.559969,0.562559,0.563128,0.571260,0.553071,1.572900
444.000000,0.558079,0.562185,0.562270,0.570141,0.559055,2.725100
445.000000,0.554197,0.560256,0.561010,0.568520,0.545669,3.800000
446.000000,0.551630,0.558697,0.559807,0.567051,0.546417,1.400000
447.000000,0.549732,0.556236,0.558526,0.565658,0.544449,2.269000
448.000000,0.547646,0.553807,0.557602,0.564225,0.542638,1.037700
449.000000,0.545283,0.551681,0.556915,0.562914,0.547244,2.170000
450.000000,0.542843,0.548520,0.555636,0.561074,0.533465,4.330000
451.000000,0.541339,0.546484,0.554531,0.559363,0.538898,3.880000
452.000000,0.541898,0.545815,0.554012,0.558128,0.547244,3.120000
453.000000,0.543724,0.545685,0.554122,0.557314,0.551772,2.789000
454.000000,0.546480,0.545882,0.554033,0.556807,0.561024,2.670000
455.000000,0.552827,0.547835,0.554045,0.556618,0.565197,2.470000
456.000000,0.556866,0.549102,0.553900,0.556239,0.559094,2.549000
457.000000,0.558961,0.550429,0.553333,0.555827,0.557717,1.570000
458.000000,0.559394,0.551559,0.552683,0.555588,0.553937,1.180000
459.000000,0.559000,0.552740,0.552211,0.555524,0.559055,2.250000
460.000000,0.557890,0.555358,0.551939,0.555543,0.559646,0.799900
461.000000,0.557488,0.557177,0.551831,0.555413,0.557087,3.230000
462.000000,0.557033,0.557997,0.551906,0.555340,0.555441,1.940000
463.000000,0.557309,0.558351,0.552018,0.555532,0.555315,2.085000
464.000000,0.556285,0.557643,0.551762,0.555236,0.553937,1.800000
465.000000,0.556372,0.557131,0.552483,0.555074,0.560079,1.689900
466.000000,0.555246,0.556367,0.552735,0.554722,0.551457,2.210000
467.000000,0.553795,0.555414,0.552922,0.554027,0.548189,1.397000
468.000000,0.552465,0.554887,0.553223,0.553418,0.548661,1.639000
469.000000,0.552701,0.554493,0.553617,0.552971,0.555118,1.990000
470.000000,0.551315,0.553843,0.554601,0.552574,0.553150,1.090000
471.000000,0.550465,0.552855,0.555016,0.552172,0.547205,2.620000
472.000000,0.548457,0.551126,0.554561,0.551646,0.538150,3.128600
473.000000,0.543205,0.547835,0.553093,0.550624,0.522402,4.210000
474.000000,0.528795,0.540748,0.549195,0.548091,0.483071,12.090000
475.000000,0.517732,0.534524,0.545827,0.546496,0.497835,4.299000
476.000000,0.508992,0.529728,0.543048,0.545066,0.503504,1.740000
477.000000,0.500354,0.524406,0.539910,0.543416,0.494961,4.070000
478.000000,0.496654,0.519929,0.537408,0.542125,0.503898,2.587500
479.000000,0.500465,0.514630,0.534561,0.540621,0.502126,2.060000
480.000000,0.501346,0.509539,0.531691,0.539580,0.502244,1.700000
481.000000,0.500016,0.504504,0.528680,0.538179,0.496850,2.624000
482.000000,0.497402,0.498878,0.525002,0.536000,0.481890,4.700000
483.000000,0.491354,0.494004,0.520919,0.533397,0.473661,2.400000
484.000000,0.485543,0.493004,0.516876,0.530465,0.473071,1.000000
485.000000,0.474465,0.487906,0.511215,0.526520,0.446850,8.130000
486.000000,0.458315,0.479165,0.504447,0.521754,0.416102,10.396000
487.000000,0.436732,0.467067,0.495736,0.515629,0.373976,15.140000
488.000000,0.416669,0.454012,0.486970,0.509609,0.373346,4.560000
489.000000,0.394512,0.440028,0.477329,0.503050,0.362283,3.950000
490.000000,0.381457,0.427961,0.468750,0.497114,0.381575,5.240000
491.000000,0.376079,0.417197,0.460850,0.491519,0.389213,5.874900
492.000000,0.376110,0.406421,0.452650,0.485475,0.374134,8.140000
493.000000,0.375252,0.395961,0.444982,0.479266,0.369055,2.530000
494.000000,0.376402,0.385457,0.439230,0.473070,0.368031,2.800000
495.000000,0.375008,0.378232,0.433069,0.466887,0.374606,4.000000
496.000000,0.374331,0.375205,0.427185,0.461366,0.385827,2.850000
497.000000,0.374512,0.375311,0.421189,0.455594,0.375039,4.429900
498.000000,0.376701,0.375976,0.414994,0.449972,0.380000,3.283600
499.000000,0.380039,0.378220,0.409124,0.444293,0.384724,3.216500
500.000000,0.386803,0.380906,0.404433,0.439469,0.408425,7.280000
501.000000,0.390669,0.382500,0.399848,0.434734,0.405157,2.694000
502.000000,0.397858,0.386185,0.396303,0.430495,0.410984,3.750000
503.000000,0.402724,0.389713,0.392837,0.426559,0.404331,4.260000
504.000000,0.407520,0.393780,0.389618,0.424080,0.408701,1.995500
505.000000,0.406480,0.396642,0.387437,0.420927,0.403228,2.510000
506.000000,0.407339,0.399004,0.387104,0.417791,0.409449,4.780000
507.000000,0.412732,0.405295,0.390303,0.415891,0.437953,9.160000
508.000000,0.417693,0.410209,0.393093,0.413399,0.429134,4.879000
509.000000,0.427362,0.417441,0.397831,0.411896,0.457047,8.908300
510.000000,0.441071,0.423776,0.402341,0.410881,0.471772,6.910000
511.000000,0.453402,0.430370,0.406435,0.410022,0.471102,3.470000
512.000000,0.459953,0.436343,0.411264,0.409650,0.470709,1.958000
513.000000,0.468496,0.443094,0.416404,0.409589,0.471850,1.729000
514.000000,0.474409,0.450886,0.422333,0.410041,0.486614,5.530000
515.000000,0.483213,0.462142,0.429392,0.412339,0.515787,9.850000
516.000000,0.491394,0.472398,0.435701,0.415535,0.512008,3.760000
517.000000,0.499165,0.479559,0.442427,0.420055,0.509567,4.407200
518.000000,0.500937,0.484717,0.447463,0.423634,0.480709,9.410000
519.000000,0.496921,0.485665,0.451553,0.427109,0.466535,7.685300
520.000000,0.491307,0.487260,0.455518,0.430647,0.487717,9.449900
521.000000,0.484528,0.487961,0.459165,0.433610,0.478110,5.379900
522.000000,0.478709,0.488937,0.462640,0.437155,0.480472,6.400000
523.000000,0.478362,0.489650,0.466372,0.440819,0.478976,3.180000
524.000000,0.484039,0.490480,0.470683,0.445049,0.494921,5.725000
525.000000,0.484843,0.488075,0.475108,0.448953,0.491732,4.219900
526.000000,0.484039,0.484283,0.478341,0.451895,0.474094,6.029900
527.000000,0.484913,0.481811,0.480685,0.455555,0.484843,4.250000
528.000000,0.485126,0.481744,0.483230,0.458890,0.480039,4.657300
529.000000,0.484339,0.484189,0.484927,0.462432,0.490984,4.070000
530.000000,0.485764,0.485303,0.486281,0.465446,0.498858,2.380000
531.000000,0.492323,0.488181,0.488071,0.468837,0.506890,3.390000
532.000000,0.494630,0.489772,0.489354,0.471684,0.496378,4.432900
533.000000,0.497661,0.491394,0.490522,0.474713,0.495197,1.390000
534.000000,0.502063,0.493201,0.491841,0.478189,0.512992,6.670000
535.000000,0.511370,0.498567,0.493321,0.482928,0.545394,11.390000
536.000000,0.527646,0.509984,0.497134,0.488888,0.588268,13.950000
537.000000,0.548047,0.521339,0.501575,0.494236,0.598386,10.600000
538.000000,0.571685,0.534673,0.508209,0.500378,0.613386,6.010000
539.000000,0.592945,0.547504,0.515846,0.505786,0.619291,5.140000
540.000000,0.601984,0.556677,0.520990,0.509747,0.590591,15.940000
541.000000,0.599378,0.563512,0.525846,0.513218,0.575236,4.509900
542.000000,0.594803,0.571425,0.530598,0.516711,0.575512,1.990000
543.000000,0.590236,0.580961,0.536177,0.520668,0.590551,5.800000
544.000000,0.581898,0.587421,0.540311,0.523701,0.577598,5.990000
545.000000,0.579661,0.590823,0.544695,0.525822,0.579409,3.620000
546.000000,0.580433,0.589906,0.549945,0.528058,0.579094,3.610000
547.000000,0.578929,0.586866,0.554102,0.530005,0.567992,2.820000
548.000000,0.574740,0.582488,0.558581,0.532969,0.569606,3.760000
549.000000,0.575071,0.578484,0.562994,0.536726,0.579252,8.460000
550.000000,0.576835,0.578248,0.567463,0.540076,0.588228,4.877000
551.000000,0.577780,0.579106,0.571309,0.543600,0.583819,1.999900
552.000000,0.582134,0.580531,0.575978,0.547243,0.589764,2.586300
553.000000,0.585299,0.580020,0.580490,0.550791,0.585433,1.940000
554.000000,0.584992,0.580031,0.583726,0.553551,0.577717,2.380000
555.000000,0.582145,0.579490,0.585156,0.556293,0.573992,3.228000
556.000000,0.576334,0.577057,0.583481,0.558982,0.554764,5.358800
557.000000,0.571972,0.577053,0.581959,0.561752,0.567953,3.970000
558.000000,0.570121,0.577710,0.580099,0.564957,0.576181,4.850000
559.000000,0.571271,0.578131,0.578308,0.568040,0.583465,3.150000
560.000000,0.571701,0.576923,0.577585,0.570616,0.576142,2.130000
561.000000,0.576890,0.576612,0.577859,0.573077,0.580709,3.224000
562.000000,0.579543,0.575757,0.578144,0.575905,0.581220,2.670000
563.000000,0.579898,0.575009,0.577515,0.578663,0.577953,1.922700
564.000000,0.577937,0.574604,0.577318,0.580686,0.573661,2.059100
565.000000,0.580661,0.576181,0.577835,0.582165,0.589764,4.344900
566.000000,0.580346,0.578618,0.577837,0.581860,0.579134,2.940000
567.000000,0.579551,0.579547,0.578300,0.581155,0.577244,2.540000
568.000000,0.580457,0.580177,0.578944,0.580125,0.582480,1.690000
569.000000,0.580346,0.579142,0.578637,0.578586,0.573110,2.450000
570.000000,0.578535,0.579598,0.578261,0.578256,0.580709,2.360000
571.000000,0.578850,0.579598,0.578105,0.578439,0.580709,1.360000
572.000000,0.579850,0.579701,0.577729,0.578663,0.582244,2.450000
573.000000,0.578039,0.579248,0.577129,0.578092,0.573425,3.070000
574.000000,0.578709,0.579528,0.577066,0.578054,0.576457,1.330000
575.000000,0.576811,0.577673,0.576927,0.577781,0.571220,2.410000
576.000000,0.574906,0.576878,0.577748,0.577518,0.571181,2.580000
577.000000,0.570866,0.575358,0.577453,0.577319,0.562047,2.470100
578.000000,0.566677,0.572358,0.576268,0.576749,0.552480,4.985900
579.000000,0.559480,0.569094,0.574118,0.575456,0.540472,6.864900
580.000000,0.549118,0.562965,0.571281,0.573162,0.519409,8.200000
581.000000,0.541181,0.558043,0.568821,0.571418,0.531496,5.456900
582.000000,0.534031,0.552449,0.566075,0.569302,0.526299,5.000000
583.000000,0.530748,0.548713,0.563980,0.567657,0.536063,4.410000
584.000000,0.529795,0.544638,0.562083,0.566256,0.535709,2.760000
585.000000,0.531236,0.540177,0.558925,0.564677,0.526614,3.739900
586.000000,0.534961,0.538071,0.557474,0.564522,0.550118,6.020000
587.000000,0.544559,0.539295,0.557327,0.564734,0.574291,7.691000
588.000000,0.552024,0.541386,0.556872,0.564640,0.573386,2.430000
589.000000,0.558811,0.544303,0.556699,0.564180,0.569646,1.989900
590.000000,0.554677,0.542957,0.552961,0.561840,0.505945,18.489900
591.000000,0.547969,0.541465,0.549754,0.559702,0.516575,7.971000
592.000000,0.537551,0.541055,0.546752,0.557735,0.522205,5.929000
593.000000,0.527787,0.539906,0.544309,0.555955,0.524567,3.089900
594.000000,0.518236,0.538524,0.541581,0.554230,0.521890,2.481000
595.000000,0.521575,0.538126,0.539152,0.551992,0.522638,1.590000
596.000000,0.523213,0.535591,0.536831,0.550180,0.524764,4.080000
597.000000,0.522835,0.530193,0.534744,0.548282,0.520315,2.350000
598.000000,0.522661,0.525224,0.533305,0.546323,0.523701,1.840000
599.000000,0.523669,0.520953,0.532628,0.544783,0.526929,2.099900
600.000000,0.526843,0.524209,0.533583,0.543377,0.538504,3.660000
601.000000,0.526669,0.524941,0.533203,0.541483,0.523898,5.246100
602.000000,0.525512,0.524173,0.532614,0.539226,0.514528,3.020000
603.000000,0.523685,0.523173,0.531539,0.537264,0.514567,2.239900
604.000000,0.521039,0.522354,0.530439,0.535172,0.513701,1.980000
605.000000,0.516457,0.521650,0.529888,0.533318,0.515591,2.350000
606.000000,0.514425,0.520547,0.528069,0.531403,0.513740,2.500000
607.000000,0.514157,0.519835,0.525014,0.529774,0.513189,2.640000
608.000000,0.513504,0.518594,0.521909,0.528402,0.511299,1.317900
609.000000,0.512063,0.516551,0.518752,0.527269,0.506496,3.120000
610.000000,0.505228,0.510843,0.517526,0.526003,0.481417,8.500000
611.000000,0.494449,0.504437,0.514689,0.523614,0.459843,6.240000
612.000000,0.484638,0.499398,0.511785,0.521542,0.464134,2.949900
613.000000,0.478142,0.495823,0.509498,0.519634,0.478819,4.550000
614.000000,0.472402,0.492232,0.507293,0.517703,0.477795,1.510000
615.000000,0.472165,0.488697,0.505173,0.516157,0.480236,1.500000
616.000000,0.475622,0.485035,0.502791,0.513724,0.477126,1.979900
617.000000,0.477472,0.481055,0.500445,0.510361,0.473386,2.099900
618.000000,0.476291,0.477217,0.497906,0.507012,0.472913,1.990000
619.000000,0.475378,0.473890,0.495220,0.503798,0.473228,2.043100
620.000000,0.474189,0.473177,0.492010,0.502743,0.474291,1.919000
621.000000,0.473024,0.474323,0.489380,0.501234,0.471299,2.170000
622.000000,0.473118,0.475295,0.487346,0.499622,0.473858,2.290000
623.000000,0.472961,0.474626,0.485224,0.497874,0.472126,1.440000
624.000000,0.472984,0.474181,0.483207,0.496256,0.473346,1.789900
625.000000,0.471866,0.473028,0.480862,0.494458,0.468701,4.030000
626.000000,0.471976,0.472500,0.478768,0.492694,0.471850,4.160000
627.000000,0.472551,0.472835,0.476945,0.491241,0.476732,3.797900
628.000000,0.473299,0.473130,0.475173,0.489647,0.475866,5.343600
629.000000,0.471937,0.472461,0.473175,0.487634,0.466535,4.480000
630.000000,0.471638,0.471752,0.472465,0.485257,0.467205,2.999900
631.000000,0.468583,0.470280,0.472301,0.483013,0.456575,4.849200
632.000000,0.462606,0.467579,0.471437,0.480757,0.446850,4.549000
633.000000,0.455520,0.464409,0.469518,0.478286,0.440433,3.496800
634.000000,0.451480,0.461709,0.467945,0.476041,0.446339,2.509200
635.000000,0.447181,0.459409,0.466219,0.473711,0.445709,1.065000
636.000000,0.447378,0.457980,0.465240,0.471839,0.457559,4.327000
637.000000,0.450921,0.456764,0.464799,0.470218,0.464567,1.780000
638.000000,0.458157,0.456839,0.464984,0.469062,0.476614,4.922700
639.000000,0.463622,0.457551,0.465006,0.467967,0.473661,4.100000
640.000000,0.468228,0.457705,0.464728,0.467545,0.468740,2.484500
641.000000,0.469779,0.458579,0.464429,0.467727,0.465315,1.750000
642.000000,0.466244,0.458583,0.463081,0.467152,0.446890,7.661700
643.000000,0.459913,0.459035,0.461722,0.466024,0.444961,1.930000
644.000000,0.453843,0.458732,0.460220,0.464874,0.443307,1.570000
645.000000,0.447742,0.457985,0.458697,0.463474,0.438236,1.830000
646.000000,0.442931,0.456355,0.457168,0.462278,0.441260,2.460000
647.000000,0.441757,0.454001,0.455382,0.461200,0.441024,2.279900
648.000000,0.441009,0.450461,0.453650,0.460143,0.441220,2.234800
649.000000,0.439529,0.446686,0.452118,0.458899,0.435906,1.709900
650.000000,0.435764,0.441753,0.449729,0.457070,0.419409,5.569000
651.000000,0.428638,0.435784,0.447181,0.454881,0.405630,9.850000
652.000000,0.422339,0.432048,0.445315,0.452736,0.409528,3.380000
653.000000,0.422874,0.431942,0.445489,0.451796,0.443898,10.879900
654.000000,0.426362,0.432946,0.445839,0.451129,0.453346,4.850000
655.000000,0.433583,0.434673,0.446329,0.450689,0.455512,2.250000
656.000000,0.441520,0.435079,0.445717,0.449805,0.445315,3.380000
657.000000,0.450244,0.436291,0.445146,0.449019,0.453150,4.600000
658.000000,0.452071,0.437472,0.443967,0.448257,0.453031,4.100000
659.000000,0.448520,0.437441,0.442063,0.447226,0.435591,4.820000
660.000000,0.443740,0.438661,0.440207,0.446040,0.431614,3.350000
661.000000,0.439260,0.440390,0.438087,0.444918,0.422913,4.149000
662.000000,0.434354,0.442299,0.437174,0.444310,0.428622,2.550000
663.000000,0.428362,0.440217,0.436079,0.443731,0.423071,2.625000
664.000000,0.422591,0.435555,0.434250,0.442411,0.406732,5.137000
665.000000,0.416291,0.430016,0.432344,0.440891,0.400118,5.310000
666.000000,0.411921,0.425591,0.430335,0.439008,0.401063,3.820000
667.000000,0.408047,0.421201,0.428746,0.437164,0.409252,4.120000
668.000000,0.405331,0.416846,0.427159,0.434927,0.409488,4.452700
669.000000,0.409567,0.416079,0.426760,0.433402,0.427913,4.990000
670.000000,0.418874,0.417583,0.428122,0.432666,0.446654,5.700000
671.000000,0.426252,0.419087,0.429738,0.431754,0.437953,4.742000
672.000000,0.432094,0.420071,0.431185,0.431473,0.438465,3.529000
673.000000,0.438850,0.422091,0.431154,0.431416,0.443268,3.060000
674.000000,0.440236,0.424902,0.430228,0.431134,0.434843,3.370000
675.000000,0.439252,0.429063,0.429539,0.431251,0.441732,2.795000
676.000000,0.439228,0.432740,0.429165,0.431136,0.437835,2.809900
677.000000,0.438606,0.435350,0.428276,0.430948,0.435354,2.020000
678.000000,0.436835,0.437843,0.427344,0.430720,0.434409,1.750000
679.000000,0.433528,0.436882,0.426480,0.430134,0.418307,4.339000
680.000000,0.429118,0.434185,0.425884,0.430143,0.419685,2.589500
681.000000,0.426354,0.432791,0.425939,0.430756,0.424016,2.615000
682.000000,0.424189,0.431398,0.425734,0.431256,0.424528,1.360000
683.000000,0.423126,0.429980,0.426035,0.430762,0.429094,3.690000
684.000000,0.426079,0.429803,0.427352,0.430087,0.433071,1.750000
685.000000,0.428055,0.428587,0.428825,0.429222,0.429567,3.130000
686.000000,0.425929,0.426142,0.429441,0.428157,0.413386,5.280000
687.000000,0.423441,0.423815,0.429583,0.426789,0.412087,5.250000
688.000000,0.419016,0.421071,0.429457,0.425253,0.406969,6.890000
689.000000,0.413165,0.419622,0.428252,0.424194,0.403819,1.920000
690.000000,0.409945,0.419000,0.426593,0.423589,0.413465,2.930000
691.000000,0.412220,0.419075,0.425933,0.423651,0.424764,2.870000
692.000000,0.413197,0.418319,0.424858,0.423262,0.416969,2.910000
693.000000,0.417354,0.418185,0.424083,0.423419,0.427756,3.890000
694.000000,0.423331,0.418248,0.424026,0.424318,0.433701,4.735000
695.000000,0.425677,0.417811,0.423199,0.425154,0.425197,3.256100
696.000000,0.427488,0.419854,0.422998,0.426245,0.433819,3.649900
697.000000,0.430764,0.421980,0.422898,0.427049,0.433346,2.580000
698.000000,0.431929,0.424642,0.422856,0.427852,0.433583,1.095000
699.000000,0.432268,0.427799,0.423711,0.428101,0.435394,0.879900
700.000000,0.434488,0.430083,0.424541,0.427756,0.436299,2.240000
701.000000,0.436008,0.431748,0.425411,0.427871,0.441417,2.360000
702.000000,0.439906,0.435335,0.426827,0.428350,0.452835,4.250000
703.000000,0.443732,0.437831,0.428008,0.428665,0.452717,4.125900
704.000000,0.445740,0.439004,0.428626,0.429018,0.445433,2.170000
705.000000,0.446000,0.440244,0.429028,0.428881,0.437598,3.170000
706.000000,0.445850,0.440929,0.430392,0.428975,0.440669,2.790000
707.000000,0.442835,0.441370,0.431675,0.429055,0.437756,2.900000
708.000000,0.439717,0.441724,0.433183,0.429146,0.437126,1.999000
709.000000,0.437717,0.441728,0.434764,0.429717,0.435433,2.539900
710.000000,0.435898,0.440949,0.435516,0.430010,0.428504,3.420000
711.000000,0.434268,0.440059,0.435904,0.430294,0.432520,2.329900
712.000000,0.430394,0.436614,0.435974,0.430089,0.418386,4.027300
713.000000,0.426260,0.432988,0.435409,0.429668,0.416457,2.220000
714.000000,0.425850,0.431783,0.435394,0.429678,0.433386,5.105000
715.000000,0.427535,0.431717,0.435980,0.429924,0.436929,3.148000
716.000000,0.428528,0.431398,0.436163,0.430727,0.437480,3.360000
717.000000,0.433126,0.431760,0.436565,0.431703,0.441378,3.166700
718.000000,0.438488,0.432374,0.437049,0.432913,0.443268,1.913000
719.000000,0.440122,0.432986,0.437357,0.434171,0.441555,1.862300
720.000000,0.441713,0.434624,0.437786,0.435219,0.444882,2.660000
721.000000,0.442846,0.435687,0.437873,0.435831,0.443150,2.259900
722.000000,0.439059,0.436093,0.436353,0.436014,0.422441,6.916500
723.000000,0.432193,0.435341,0.434164,0.435386,0.408937,4.090500
724.000000,0.427811,0.433967,0.432875,0.434918,0.419646,3.410000
725.000000,0.421732,0.431722,0.431719,0.434561,0.414488,2.818900
726.000000,0.415819,0.429333,0.430365,0.433886,0.413583,1.960000
727.000000,0.414252,0.426656,0.429208,0.433262,0.414606,2.089400
728.000000,0.413906,0.423049,0.427712,0.432383,0.407205,4.514900
729.000000,0.411079,0.419445,0.426216,0.431386,0.405512,2.980100
730.000000,0.410677,0.416205,0.425414,0.430593,0.412480,2.130000
731.000000,0.408433,0.412126,0.423906,0.429291,0.402362,2.570000
732.000000,0.407409,0.410831,0.423462,0.427846,0.409488,2.360000
733.000000,0.408803,0.411354,0.423347,0.426561,0.414173,2.990000
734.000000,0.411228,0.411154,0.422560,0.425635,0.417638,2.310000
735.000000,0.412890,0.411783,0.421753,0.425074,0.420787,1.739900
736.000000,0.414394,0.411413,0.420373,0.424048,0.409882,3.490000
737.000000,0.413890,0.410650,0.418653,0.423022,0.406969,1.805000
738.000000,0.411528,0.410165,0.416607,0.421863,0.402362,2.739900
739.000000,0.408827,0.410028,0.414736,0.420820,0.404134,3.682200
740.000000,0.404984,0.408937,0.412571,0.419922,0.401575,3.845000
741.000000,0.403890,0.409142,0.410634,0.418985,0.404409,1.999900
742.000000,0.403079,0.408484,0.409657,0.418469,0.402913,1.610000
743.000000,0.402173,0.406850,0.409102,0.417848,0.397835,2.879700
744.000000,0.400992,0.404909,0.408031,0.416677,0.398228,1.633000
745.000000,0.399976,0.402480,0.407132,0.415329,0.396496,1.638900
746.000000,0.398661,0.401276,0.406344,0.414007,0.397835,1.511900
747.000000,0.398402,0.400740,0.405695,0.412682,0.401614,1.780000
748.000000,0.399614,0.400894,0.405530,0.411369,0.403898,1.009100
749.000000,0.400488,0.400740,0.405384,0.410071,0.402598,0.720000
750.000000,0.401535,0.400756,0.404846,0.408633,0.401732,1.180000
751.000000,0.402181,0.400421,0.404781,0.407230,0.401063,1.072000
752.000000,0.403457,0.400929,0.404707,0.406748,0.407992,1.900000
753.000000,0.403307,0.401461,0.404156,0.406555,0.403150,2.144400
754.000000,0.402961,0.401724,0.403317,0.405929,0.400866,1.353000
755.000000,0.402598,0.402067,0.402274,0.405444,0.399921,1.750000
756.000000,0.404661,0.403421,0.402348,0.405370,0.411378,3.870000
757.000000,0.408976,0.406217,0.403478,0.405869,0.429567,5.110000
758.000000,0.410827,0.407067,0.403980,0.406042,0.412402,4.670000
759.000000,0.410047,0.406504,0.403622,0.405757,0.396969,4.000000
760.000000,0.409858,0.406228,0.403492,0.405307,0.398976,3.170000
761.000000,0.406701,0.405681,0.403051,0.405081,0.395591,2.795000
762.000000,0.399843,0.404409,0.402669,0.404608,0.395276,1.460000
763.000000,0.396102,0.403465,0.402463,0.403925,0.393701,1.160000
764.000000,0.393126,0.401587,0.401656,0.402740,0.382087,3.924200
765.000000,0.388551,0.399205,0.400636,0.401251,0.376102,5.429900
766.000000,0.383709,0.395205,0.399313,0.399967,0.371378,3.930000
767.000000,0.376047,0.387945,0.397081,0.398301,0.356969,10.274000
768.000000,0.370811,0.383457,0.395262,0.397139,0.367520,3.840000
769.000000,0.371378,0.382252,0.394378,0.396499,0.384921,4.430000
770.000000,0.372567,0.380559,0.393394,0.395848,0.382047,3.249900
771.000000,0.372228,0.377969,0.391825,0.394690,0.369685,5.787400
772.000000,0.375472,0.375760,0.390085,0.393699,0.373189,4.740000
773.000000,0.377811,0.374311,0.388888,0.393079,0.379213,2.650000
774.000000,0.381929,0.376654,0.389120,0.393322,0.405512,6.890000
775.000000,0.384134,0.378350,0.388778,0.393207,0.393071,3.880000
776.000000,0.387764,0.379996,0.387600,0.392874,0.387835,3.860000
777.000000,0.392551,0.384012,0.385978,0.392724,0.397126,3.020000
778.000000,0.396126,0.386969,0.385213,0.392497,0.397087,1.489900
779.000000,0.395953,0.388941,0.385596,0.392566,0.404646,2.579400
780.000000,0.395598,0.389866,0.385213,0.392218,0.391299,4.710000
781.000000,0.400559,0.394161,0.386065,0.392604,0.412638,6.680000
782.000000,0.403346,0.397949,0.386854,0.392706,0.411063,2.234200
783.000000,0.408819,0.402472,0.388392,0.393416,0.424449,4.636000
784.000000,0.411449,0.403701,0.390177,0.393980,0.417795,4.490000
785.000000,0.415331,0.405465,0.391907,0.394340,0.410709,5.710000
786.000000,0.414929,0.407744,0.393870,0.394315,0.410630,1.951100
787.000000,0.415748,0.409547,0.396780,0.393835,0.415157,6.323000
788.000000,0.411094,0.409957,0.398463,0.393461,0.401181,4.445000
789.000000,0.404441,0.407945,0.398443,0.393046,0.384528,6.696900
790.000000,0.398724,0.407028,0.398447,0.392484,0.382126,5.409800
791.000000,0.392378,0.403654,0.398907,0.391928,0.378898,4.748000
792.000000,0.385197,0.400472,0.399211,0.391394,0.379252,2.249900
793.000000,0.381630,0.396362,0.399417,0.391049,0.383346,1.830000
794.000000,0.384575,0.394508,0.399104,0.391621,0.399252,4.630000
795.000000,0.388409,0.393567,0.399516,0.392461,0.401299,5.004400
796.000000,0.393213,0.392795,0.400270,0.393512,0.402913,2.882800
797.000000,0.398685,0.391941,0.400744,0.395167,0.406614,2.969900
798.000000,0.404142,0.392886,0.401421,0.396604,0.410630,3.328000
799.000000,0.408543,0.396559,0.402252,0.397815,0.421260,3.691000
800.000000,0.411843,0.400126,0.403577,0.399007,0.417795,1.769900
801.000000,0.415016,0.404114,0.403884,0.400643,0.418780,1.500000
802.000000,0.416307,0.407496,0.403984,0.401972,0.413071,2.970000
803.000000,0.417472,0.410807,0.403585,0.403214,0.416457,2.689300
804.000000,0.416457,0.412500,0.403504,0.403570,0.416181,2.825000
805.000000,0.415331,0.413587,0.403577,0.404206,0.412165,2.430000
806.000000,0.413071,0.414043,0.403419,0.404861,0.407480,4.072600
807.000000,0.411992,0.414150,0.403045,0.405213,0.407677,2.090000
808.000000,0.410331,0.413902,0.403394,0.405581,0.408150,1.377000
809.000000,0.409685,0.413071,0.404815,0.405858,0.412953,1.910000
810.000000,0.409921,0.412626,0.406376,0.406593,0.413346,1.980000
811.000000,0.411402,0.412236,0.408175,0.406668,0.414882,1.480000
812.000000,0.412677,0.412335,0.409915,0.406768,0.414055,1.302000
813.000000,0.414654,0.412492,0.411650,0.406554,0.418031,1.400000
814.000000,0.417890,0.413787,0.413144,0.406932,0.429134,2.820000
815.000000,0.421441,0.415681,0.414634,0.407612,0.431102,1.950000
816.000000,0.426087,0.418744,0.416394,0.408528,0.438110,5.490000
817.000000,0.432740,0.422709,0.418429,0.409600,0.447323,4.374000
818.000000,0.441260,0.427957,0.420929,0.411581,0.460630,6.004900
819.000000,0.445291,0.431591,0.422331,0.413740,0.449291,5.620000
820.000000,0.449661,0.435551,0.424089,0.416101,0.452953,1.850000
821.000000,0.451717,0.438902,0.425569,0.418417,0.448386,3.007900
822.000000,0.451598,0.442169,0.427252,0.420667,0.446732,2.532600
823.000000,0.450315,0.445787,0.429140,0.423029,0.454213,2.345000
824.000000,0.451504,0.448398,0.431093,0.424895,0.455236,1.706200
825.000000,0.451992,0.450827,0.433254,0.426698,0.455394,1.749000
826.000000,0.452961,0.452339,0.435541,0.428375,0.453228,1.810000
827.000000,0.455260,0.453429,0.438069,0.430096,0.458228,2.540000
828.000000,0.459417,0.454866,0.441411,0.432241,0.475000,4.610000
829.000000,0.464354,0.457929,0.444760,0.434197,0.479921,4.169900
830.000000,0.469906,0.460949,0.448250,0.436375,0.483150,2.616300
831.000000,0.476858,0.464909,0.451906,0.438682,0.487992,2.973800
832.000000,0.484024,0.469642,0.455906,0.441382,0.494055,3.050000
833.000000,0.487244,0.473331,0.459559,0.443870,0.491102,2.830000
834.000000,0.489094,0.476724,0.462561,0.446303,0.489173,5.121100
835.000000,0.487945,0.478925,0.464876,0.448478,0.477402,5.606000
836.000000,0.486953,0.481906,0.467122,0.450996,0.483031,4.180000
837.000000,0.484150,0.484087,0.468758,0.453408,0.480039,2.808200
838.000000,0.483575,0.485409,0.470138,0.456077,0.488228,2.649000
839.000000,0.484165,0.486630,0.472280,0.458717,0.492126,3.834000
840.000000,0.488047,0.487996,0.474472,0.461499,0.496811,3.100000
841.000000,0.474110,0.480531,0.472720,0.461448,0.413346,25.090000
842.000000,0.460787,0.472469,0.471055,0.461427,0.413425,4.719200
843.000000,0.443921,0.463748,0.468539,0.460955,0.403898,3.888100
844.000000,0.429220,0.456693,0.466709,0.460605,0.418622,4.892500
845.000000,0.414457,0.451252,0.465089,0.460335,0.422992,3.040000
846.000000,0.415008,0.444559,0.463232,0.459601,0.416102,3.271400
847.000000,0.415331,0.438059,0.461073,0.458525,0.415039,2.359900
848.000000,0.419567,0.431744,0.458577,0.457340,0.425079,6.019900
849.000000,0.420693,0.424957,0.455793,0.456505,0.424252,2.700000
850.000000,0.417528,0.415992,0.451994,0.454979,0.407165,5.340000
851.000000,0.414449,0.414728,0.447630,0.453390,0.400709,2.480000
852.000000,0.414016,0.414673,0.443571,0.452261,0.412874,3.130000
853.000000,0.410850,0.415209,0.439478,0.450762,0.409252,1.939900
854.000000,0.407181,0.413937,0.435315,0.449118,0.405906,3.199900
855.000000,0.407307,0.412417,0.431835,0.447531,0.407795,1.864000
856.000000,0.408157,0.411303,0.427931,0.445923,0.404961,1.777000
857.000000,0.406811,0.410413,0.424236,0.444186,0.406142,1.580000
858.000000,0.406220,0.408535,0.420140,0.441896,0.406299,2.289300
859.000000,0.407717,0.407449,0.416203,0.439678,0.413386,2.450000
860.000000,0.411197,0.409252,0.412622,0.437747,0.425197,4.780000
861.000000,0.414189,0.411173,0.412951,0.435478,0.419921,2.924000
862.000000,0.418717,0.412764,0.413719,0.433302,0.428780,2.840000
863.000000,0.422843,0.414531,0.414870,0.431163,0.426929,2.940000
864.000000,0.424213,0.415965,0.414951,0.428865,0.420236,2.250000
865.000000,0.422236,0.416717,0.414567,0.426795,0.415315,1.534400
866.000000,0.423181,0.418685,0.414994,0.424849,0.424646,3.870000
867.000000,0.424433,0.421575,0.415994,0.423349,0.435039,4.200000
868.000000,0.426126,0.424484,0.416510,0.421588,0.435394,4.770000
869.000000,0.429354,0.426783,0.417116,0.419730,0.436378,3.110000
870.000000,0.431598,0.426917,0.418085,0.417387,0.426535,5.310000
871.000000,0.433433,0.428307,0.419740,0.418070,0.433819,4.750000
872.000000,0.431354,0.427894,0.420329,0.418444,0.424646,5.020000
873.000000,0.428165,0.427146,0.420839,0.418962,0.419449,4.199900
874.000000,0.424614,0.426984,0.421474,0.418962,0.418622,1.630000
875.000000,0.422795,0.427197,0.421957,0.418777,0.417441,2.100000
876.000000,0.417874,0.425654,0.422169,0.418547,0.409213,2.540000
877.000000,0.413205,0.422280,0.421927,0.418089,0.401299,4.390000
878.000000,0.410717,0.419441,0.421963,0.417487,0.407008,2.900000
879.000000,0.409969,0.417291,0.422037,0.417175,0.414882,2.490000
880.000000,0.408819,0.415807,0.421362,0.417325,0.411693,2.576900
881.000000,0.412055,0.414965,0.421636,0.418148,0.425394,4.390000
882.000000,0.416976,0.415091,0.421492,0.418583,0.425906,1.830000
883.000000,0.420205,0.415461,0.421303,0.419046,0.423150,1.768900
884.000000,0.423213,0.416591,0.421787,0.419846,0.429921,2.770000
885.000000,0.427150,0.417984,0.422591,0.420633,0.431378,1.980000
886.000000,0.427016,0.419535,0.422594,0.421291,0.424724,1.995800
887.000000,0.428488,0.422732,0.422506,0.422196,0.433268,2.820000
888.000000,0.430811,0.425508,0.422474,0.423144,0.434764,1.960000
889.000000,0.431409,0.427311,0.422301,0.423795,0.432913,1.290000
890.000000,0.433000,0.430075,0.422941,0.424266,0.439331,1.960000
891.000000,0.435969,0.431492,0.423228,0.424921,0.439567,0.860000
892.000000,0.437071,0.432780,0.423935,0.425255,0.438780,1.762000
893.000000,0.436709,0.433760,0.424610,0.425455,0.432953,1.735000
894.000000,0.434063,0.432736,0.424663,0.425437,0.419685,4.405800
895.000000,0.432661,0.432831,0.425407,0.426004,0.432323,3.330000
896.000000,0.432024,0.433996,0.426766,0.426395,0.436378,1.439000
897.000000,0.430638,0.433854,0.428293,0.426289,0.431850,1.520000
898.000000,0.430480,0.433594,0.429551,0.426181,0.432165,2.110000
899.000000,0.431047,0.432555,0.429933,0.425719,0.422520,3.120000
900.000000,0.429252,0.430957,0.430516,0.425613,0.423346,2.340000
901.000000,0.426535,0.429280,0.430386,0.425245,0.422795,1.290000
902.000000,0.425142,0.427890,0.430335,0.425253,0.424882,1.140500
903.000000,0.422189,0.426335,0.430047,0.425185,0.417402,2.450000
904.000000,0.422669,0.426858,0.429797,0.425395,0.424921,3.580000
905.000000,0.423535,0.426394,0.429612,0.425736,0.427677,1.406000
906.000000,0.426024,0.426280,0.430138,0.426604,0.435236,3.010000
907.000000,0.432441,0.428791,0.431323,0.428459,0.456969,6.478000
908.000000,0.440890,0.431539,0.432567,0.430214,0.459646,2.475000
909.000000,0.445283,0.433976,0.433266,0.431281,0.446890,6.110000
910.000000,0.448882,0.436209,0.433583,0.432413,0.445669,1.722800
911.000000,0.451772,0.438898,0.434089,0.433223,0.449685,2.849000
912.000000,0.449433,0.440937,0.434413,0.433869,0.445276,1.440000
913.000000,0.447354,0.444122,0.435228,0.434739,0.449252,1.219900
914.000000,0.448323,0.446803,0.436831,0.435466,0.451732,1.700000
915.000000,0.451583,0.450232,0.438313,0.436486,0.461969,3.580000
916.000000,0.454559,0.453165,0.439722,0.437814,0.464567,3.160000
917.000000,0.461567,0.455500,0.442146,0.439382,0.480315,4.499000
918.000000,0.464331,0.455843,0.443691,0.440325,0.463071,4.900000
919.000000,0.464346,0.456335,0.445156,0.440955,0.451811,3.270000
920.000000,0.460819,0.456201,0.446205,0.441122,0.444331,2.770000
921.000000,0.457921,0.456240,0.447569,0.441472,0.450079,2.050000
922.000000,0.454016,0.457791,0.449364,0.442206,0.460787,3.380000
923.000000,0.453874,0.459102,0.451612,0.443186,0.462362,2.320000
924.000000,0.455323,0.459835,0.453319,0.444499,0.459055,4.206000
925.000000,0.458480,0.459650,0.454941,0.445425,0.460118,2.039900
926.000000,0.458898,0.458409,0.455787,0.445951,0.452165,2.870000
927.000000,0.457929,0.455972,0.455736,0.446755,0.455945,1.390000
928.000000,0.457102,0.455488,0.455665,0.447623,0.458228,1.130000
929.000000,0.456346,0.455835,0.456085,0.448715,0.455276,1.990000
930.000000,0.454984,0.456732,0.456467,0.449714,0.453307,1.158600
931.000000,0.452819,0.455858,0.456049,0.450332,0.441339,3.040000
932.000000,0.449205,0.453567,0.455679,0.450765,0.437874,3.970000
933.000000,0.444378,0.450740,0.454921,0.451322,0.434094,2.759900
934.000000,0.440024,0.448185,0.454010,0.451608,0.433504,1.980000
935.000000,0.437535,0.446260,0.452955,0.452047,0.440866,2.329000
936.000000,0.437165,0.444992,0.451701,0.452189,0.439488,2.440000
937.000000,0.437354,0.443280,0.449626,0.451584,0.438819,2.214100
938.000000,0.439575,0.441976,0.448732,0.451102,0.445197,2.110000
939.000000,0.441134,0.440579,0.448207,0.450916,0.441299,1.370000
940.000000,0.440992,0.439264,0.447998,0.450732,0.440157,1.799000
941.000000,0.440354,0.438760,0.447309,0.450286,0.436299,1.550000
942.000000,0.439961,0.438657,0.446112,0.450005,0.436850,1.492000
943.000000,0.438409,0.438992,0.444866,0.449612,0.437441,1.790000
944.000000,0.438598,0.439866,0.444026,0.449295,0.442244,2.504000
945.000000,0.438827,0.439909,0.443085,0.448606,0.441299,2.239900
946.000000,0.438858,0.439606,0.442299,0.447669,0.436457,1.639000
947.000000,0.436976,0.438469,0.440874,0.445907,0.427441,3.741800
948.000000,0.434307,0.436358,0.439167,0.444608,0.424094,2.590000
949.000000,0.429606,0.434102,0.437341,0.443505,0.418740,3.270000
950.000000,0.425378,0.432102,0.435683,0.442699,0.420157,1.191400
951.000000,0.421087,0.429972,0.434366,0.441530,0.415000,1.620000
952.000000,0.418654,0.427815,0.433236,0.440013,0.415276,2.247600
953.000000,0.416165,0.425236,0.432114,0.438323,0.411654,2.180000
954.000000,0.416480,0.423043,0.431455,0.437031,0.420315,2.495000
955.000000,0.416213,0.420795,0.430352,0.435655,0.418819,2.120000
956.000000,0.418157,0.419622,0.429614,0.434740,0.424724,1.990000
957.000000,0.419283,0.418969,0.428719,0.433572,0.420906,1.219900
958.000000,0.421921,0.419043,0.427701,0.432459,0.424843,1.269900
959.000000,0.422465,0.419472,0.426787,0.431385,0.423031,1.607700
960.000000,0.422740,0.419476,0.425789,0.430281,0.420197,2.200000
961.000000,0.420323,0.419240,0.424606,0.429324,0.412638,2.060000
962.000000,0.418472,0.418878,0.423346,0.428450,0.411654,1.637600
963.000000,0.414984,0.418453,0.421844,0.427560,0.407402,1.190000
964.000000,0.412661,0.417563,0.420303,0.426824,0.411417,1.500000
965.000000,0.410307,0.416524,0.418659,0.425743,0.408425,1.500000
966.000000,0.408992,0.414657,0.417140,0.424629,0.406063,1.500000
967.000000,0.406866,0.412669,0.415819,0.423369,0.401024,1.690000
968.000000,0.405858,0.410421,0.414732,0.421941,0.402362,6.510000
969.000000,0.405583,0.409122,0.414297,0.420899,0.410039,4.559700
970.000000,0.407165,0.408736,0.414106,0.420105,0.416339,1.950000
971.000000,0.410402,0.409697,0.414469,0.419636,0.422244,2.680000
972.000000,0.414598,0.410732,0.414805,0.419142,0.422008,7.996100
973.000000,0.418622,0.412240,0.415346,0.418643,0.422480,1.861400
974.000000,0.420276,0.412929,0.415246,0.417845,0.418307,1.944000
975.000000,0.417850,0.412508,0.414516,0.416609,0.404213,5.000000
976.000000,0.414362,0.412382,0.413520,0.415554,0.404803,2.116700
977.000000,0.410583,0.412591,0.412630,0.414743,0.403110,1.594400
978.000000,0.407118,0.412870,0.411646,0.414112,0.405157,1.916500
979.000000,0.406559,0.413417,0.411270,0.414004,0.415512,4.080000
980.000000,0.410039,0.413945,0.411341,0.414052,0.421614,1.943700
981.000000,0.412717,0.413539,0.411618,0.414159,0.418189,2.300000
982.000000,0.415961,0.413272,0.412002,0.414294,0.419331,1.204000
983.000000,0.419835,0.413476,0.412858,0.414723,0.424528,1.990000
984.000000,0.420866,0.413713,0.413321,0.414735,0.420669,3.750000
985.000000,0.420709,0.415374,0.413941,0.414802,0.420827,1.903400
986.000000,0.421551,0.417134,0.414758,0.414724,0.422402,1.910000
987.000000,0.422110,0.419035,0.415813,0.414765,0.422126,1.358800
988.000000,0.421055,0.420445,0.416657,0.414579,0.419252,1.720000
989.000000,0.420772,0.420819,0.417118,0.414453,0.419252,1.480000
990.000000,0.419669,0.420189,0.417067,0.414290,0.415315,1.397200
991.000000,0.419441,0.420496,0.417018,0.414577,0.421260,1.741300
992.000000,0.420063,0.421087,0.417179,0.415030,0.425236,2.636000
993.000000,0.420339,0.420697,0.417087,0.415471,0.420630,2.732800
994.000000,0.419717,0.420244,0.416978,0.415629,0.416142,2.000000
995.000000,0.419126,0.419398,0.417386,0.415760,0.412362,1.200000
996.000000,0.415220,0.417331,0.417232,0.415615,0.401732,3.200000
997.000000,0.412102,0.416083,0.417559,0.415903,0.409646,2.248000
998.000000,0.409181,0.414760,0.417602,0.416025,0.406024,1.765300
999.000000,0.406213,0.412965,0.416892,0.415734,0.401299,3.989000
1000.000000,0.404504,0.411815,0.416002,0.415316,0.403819,1.650000
1001.000000,0.405488,0.410354,0.415425,0.414797,0.406654,1.086500
1002.000000,0.404110,0.408106,0.414596,0.414155,0.402756,1.349000
1003.000000,0.404087,0.406634,0.413665,0.413602,0.405906,1.170000
1004.000000,0.405457,0.405835,0.413039,0.413264,0.408150,1.400000
1005.000000,0.405024,0.404764,0.412081,0.413178,0.401654,2.420000
1006.000000,0.404346,0.404917,0.411124,0.413127,0.403268,0.560000
1007.000000,0.404669,0.404390,0.410236,0.413169,0.404370,1.300000
1008.000000,0.406126,0.405106,0.409933,0.413437,0.413189,2.479000
1009.000000,0.409520,0.407488,0.410226,0.413757,0.425118,3.210000
1010.000000,0.413047,0.409035,0.410425,0.413680,0.419291,1.559900
1011.000000,0.416236,0.410291,0.410323,0.413714,0.419213,2.110000
1012.000000,0.418811,0.411740,0.409923,0.413644,0.417244,1.831100
1013.000000,0.419118,0.412622,0.409628,0.413318,0.414724,1.580000
1014.000000,0.418157,0.413839,0.409837,0.413306,0.420315,2.270000
1015.000000,0.418055,0.415551,0.410157,0.413238,0.418780,1.994200
1016.000000,0.418047,0.417142,0.411030,0.413130,0.419173,0.776000
1017.000000,0.418000,0.418406,0.411398,0.412959,0.417008,1.505700
1018.000000,0.417748,0.418433,0.411770,0.412766,0.413465,1.190000
1019.000000,0.416843,0.417500,0.412494,0.412651,0.415787,0.940000
1020.000000,0.417118,0.417587,0.413311,0.412812,0.420157,1.110000
1021.000000,0.417811,0.417929,0.414110,0.412858,0.422638,1.080000
1022.000000,0.421370,0.419685,0.415713,0.413177,0.434803,3.259000
1023.000000,0.425094,0.421421,0.417022,0.413559,0.432087,3.250000
1024.000000,0.430630,0.423736,0.418787,0.414470,0.443465,5.119000
1025.000000,0.436079,0.426598,0.421075,0.415638,0.447402,4.160000
1026.000000,0.441669,0.429740,0.423441,0.417266,0.450591,3.100000
1027.000000,0.443685,0.432528,0.425467,0.418441,0.444882,2.869000
1028.000000,0.446858,0.435976,0.427205,0.419839,0.447953,1.739000
1029.000000,0.447150,0.438890,0.428195,0.421293,0.444921,1.490000
1030.000000,0.447157,0.441618,0.429602,0.422747,0.447441,1.250000
1031.000000,0.447433,0.444551,0.431240,0.424257,0.451969,2.210000
1032.000000,0.442000,0.442843,0.431264,0.424756,0.417717,8.700000
1033.000000,0.435945,0.441402,0.431411,0.425148,0.417677,1.905200
1034.000000,0.431134,0.439142,0.431439,0.425572,0.420866,1.665300
1035.000000,0.425701,0.436429,0.431514,0.426193,0.420276,0.725700
1036.000000,0.419559,0.433496,0.431618,0.426793,0.421260,0.949900
1037.000000,0.421449,0.431724,0.432126,0.427552,0.427165,2.390000
1038.000000,0.421016,0.428480,0.432228,0.427630,0.415512,3.490000
1039.000000,0.417874,0.424504,0.431697,0.426965,0.405157,3.510000
1040.000000,0.415118,0.420409,0.431014,0.426538,0.406496,1.783600
1041.000000,0.411276,0.415417,0.429984,0.425966,0.402047,1.750000
1042.000000,0.405677,0.413563,0.428203,0.425364,0.399173,1.090000
1043.000000,0.402575,0.411795,0.426598,0.424873,0.400000,1.140000
1044.000000,0.401764,0.409819,0.424480,0.424232,0.401102,1.095000
1045.000000,0.399575,0.407346,0.421888,0.423458,0.395551,1.780000
1046.000000,0.397118,0.404197,0.418846,0.422478,0.389764,2.180000
1047.000000,0.395724,0.400701,0.416213,0.421651,0.392205,1.495300
1048.000000,0.392142,0.397358,0.412919,0.420605,0.382087,2.920000
1049.000000,0.386819,0.394291,0.409398,0.419228,0.374488,3.590000
1050.000000,0.382362,0.390969,0.405689,0.417665,0.373268,2.890000
1051.000000,0.377291,0.387205,0.401311,0.415724,0.364409,2.797700
1052.000000,0.370583,0.383154,0.398358,0.413186,0.358661,1.580000
1053.000000,0.366441,0.379291,0.395543,0.410829,0.361378,2.140000
1054.000000,0.364449,0.375634,0.392726,0.408198,0.364528,1.450000
1055.000000,0.363535,0.372949,0.390148,0.405575,0.368701,1.255800
1056.000000,0.363882,0.370587,0.387392,0.402760,0.366142,1.050000
1057.000000,0.365362,0.367972,0.384337,0.400133,0.366063,1.239000
1058.000000,0.366630,0.366535,0.381947,0.397458,0.367717,0.951500
1059.000000,0.369850,0.367150,0.380720,0.395315,0.380630,3.535600
1060.000000,0.371488,0.367512,0.379240,0.392963,0.376890,2.200000
1061.000000,0.372354,0.368118,0.377661,0.390247,0.370472,1.898000
1062.000000,0.372961,0.369161,0.376157,0.388626,0.369094,0.870000
1063.000000,0.373874,0.370252,0.374772,0.387113,0.372283,1.369000
1064.000000,0.372551,0.371201,0.373417,0.385551,0.374016,2.090000
1065.000000,0.371969,0.371728,0.372339,0.384008,0.373976,1.274000
1066.000000,0.373063,0.372709,0.371648,0.382497,0.375945,0.829000
1067.000000,0.374984,0.373972,0.370972,0.380882,0.378701,2.258000
1068.000000,0.376386,0.375130,0.370833,0.379675,0.379291,0.720000
1069.000000,0.378937,0.375744,0.371447,0.379062,0.386772,2.520000
1070.000000,0.380693,0.376331,0.371921,0.378270,0.382756,1.785000
1071.000000,0.381843,0.377453,0.372785,0.377592,0.381693,0.770000
1072.000000,0.382020,0.378502,0.373832,0.376939,0.379587,1.040000
1073.000000,0.381555,0.378970,0.374611,0.376171,0.376969,1.021000
1074.000000,0.380374,0.379656,0.375428,0.375497,0.380866,1.600000
1075.000000,0.379783,0.380238,0.375983,0.374972,0.379803,1.202000
1076.000000,0.378272,0.380057,0.376383,0.374451,0.374134,1.910000
1077.000000,0.376402,0.379211,0.376592,0.373719,0.370236,1.380000
1078.000000,0.374709,0.378132,0.376631,0.373266,0.368504,0.673500
1079.000000,0.372244,0.376309,0.376027,0.373068,0.368543,1.900000
1080.000000,0.370055,0.374919,0.375625,0.372921,0.368858,1.080000
1081.000000,0.367787,0.373030,0.375241,0.372867,0.362795,1.740000
1082.000000,0.366661,0.371531,0.375017,0.373065,0.364606,0.950000
1083.000000,0.365520,0.370114,0.374542,0.373112,0.362795,1.301000
1084.000000,0.364717,0.368480,0.374068,0.373112,0.364528,1.140000
1085.000000,0.363913,0.366984,0.373611,0.372984,0.364843,0.880000
1086.000000,0.364307,0.366047,0.373052,0.372938,0.364764,0.750000
1087.000000,0.364520,0.365591,0.372401,0.372925,0.365669,0.770000
1088.000000,0.364244,0.364882,0.371507,0.372715,0.361417,1.130000
1089.000000,0.363693,0.364205,0.370257,0.372086,0.361772,1.159900
1090.000000,0.364370,0.364142,0.369531,0.371797,0.368228,2.090000
1091.000000,0.363906,0.364106,0.368568,0.371530,0.362441,1.470000
1092.000000,0.361764,0.363142,0.367337,0.371058,0.354961,3.316000
1093.000000,0.362283,0.363264,0.366689,0.370783,0.364016,2.320000
1094.000000,0.361551,0.362622,0.365551,0.370253,0.358110,1.697300
1095.000000,0.358850,0.361610,0.364297,0.369611,0.354724,1.633500
1096.000000,0.357675,0.360790,0.363419,0.368965,0.356563,0.711300
1097.000000,0.356691,0.359227,0.362409,0.368009,0.350039,1.877000
1098.000000,0.353242,0.357763,0.361322,0.366925,0.346772,1.330000
1099.000000,0.348935,0.355243,0.359724,0.365252,0.336575,3.048900
1100.000000,0.344013,0.351432,0.357787,0.363498,0.330118,3.560000
1101.000000,0.337354,0.347515,0.355810,0.361550,0.323268,1.840000
1102.000000,0.332528,0.344609,0.353875,0.359761,0.325906,2.373200
1103.000000,0.330055,0.341648,0.352456,0.358342,0.334409,3.294100
1104.000000,0.327386,0.338160,0.350391,0.356421,0.323228,2.870000
1105.000000,0.326638,0.335326,0.348468,0.354640,0.326378,1.610000
1106.000000,0.326055,0.331705,0.346247,0.352847,0.320354,1.740000
1107.000000,0.324654,0.328591,0.343909,0.351136,0.318898,0.962100
1108.000000,0.321913,0.325984,0.341873,0.349543,0.320709,1.490000
1109.000000,0.321244,0.324315,0.339779,0.347921,0.319882,1.270000
1110.000000,0.320189,0.323413,0.337423,0.346329,0.321102,1.110000
1111.000000,0.320685,0.323370,0.335442,0.344997,0.322835,1.190800
1112.000000,0.321598,0.323126,0.333868,0.343626,0.323465,0.790000
1113.000000,0.321890,0.321902,0.331775,0.342271,0.322165,1.511900
1114.000000,0.321953,0.321598,0.329879,0.340794,0.320197,1.004500
1115.000000,0.321681,0.320935,0.328130,0.339290,0.319744,1.275000
1116.000000,0.321185,0.320935,0.326320,0.337810,0.320354,0.475000
1117.000000,0.321169,0.321384,0.324987,0.336401,0.323386,1.800000
1118.000000,0.321776,0.321833,0.323908,0.335193,0.325197,0.840000
1119.000000,0.324193,0.323073,0.323694,0.334210,0.332283,2.194000
1120.000000,0.327252,0.324467,0.323940,0.333104,0.335039,1.400000
1121.000000,0.329024,0.325104,0.324237,0.331996,0.329213,2.014000
1122.000000,0.331173,0.326171,0.324649,0.331302,0.334134,2.240000
1123.000000,0.333457,0.327616,0.324759,0.330389,0.336614,1.630000
1124.000000,0.335023,0.329608,0.325603,0.329789,0.340114,1.440000
1125.000000,0.335613,0.331433,0.326184,0.329231,0.337992,1.139000
1126.000000,0.337834,0.333429,0.327182,0.328690,0.340315,1.689900
1127.000000,0.338968,0.335070,0.328227,0.328348,0.339803,0.727800
1128.000000,0.340007,0.336732,0.329282,0.328183,0.341811,0.945000
1129.000000,0.339843,0.337433,0.330253,0.328273,0.339291,1.319000
1130.000000,0.340717,0.338165,0.331316,0.328682,0.342362,0.960000
1131.000000,0.340591,0.339212,0.332158,0.329229,0.339685,0.759000
1132.000000,0.340236,0.339602,0.332887,0.329633,0.338031,1.370000
1133.000000,0.339937,0.339972,0.333794,0.329830,0.340315,1.417000
1134.000000,0.340346,0.340094,0.334851,0.330434,0.341339,1.180000
1135.000000,0.339748,0.340232,0.335832,0.330867,0.339370,1.320000
1136.000000,0.339930,0.340260,0.336845,0.331541,0.340595,0.888900
1137.000000,0.340749,0.340493,0.337782,0.332316,0.342126,0.708800
1138.000000,0.341654,0.340796,0.338764,0.333120,0.344843,1.066500
1139.000000,0.341985,0.341166,0.339299,0.333890,0.342992,1.180000
1140.000000,0.342942,0.341345,0.339755,0.334659,0.344154,0.720000
1141.000000,0.343886,0.341908,0.340560,0.335408,0.345315,1.497600
1142.000000,0.344350,0.342550,0.341076,0.336108,0.344449,0.670000
1143.000000,0.344256,0.342955,0.341464,0.336848,0.344370,0.490000
1144.000000,0.344232,0.343109,0.341602,0.337604,0.342874,0.939000
1145.000000,0.344528,0.343735,0.341984,0.338467,0.345630,1.240000
1146.000000,0.344021,0.343954,0.342107,0.339214,0.342784,1.718000
1147.000000,0.342565,0.343458,0.341975,0.339674,0.337165,1.807200
1148.000000,0.340155,0.342206,0.341501,0.339911,0.332323,1.600000
1149.000000,0.338266,0.341249,0.341207,0.339949,0.333425,1.380000
1150.000000,0.336187,0.340357,0.340851,0.339956,0.335236,1.214800
1151.000000,0.334152,0.339087,0.340497,0.340069,0.332609,1.034200
1152.000000,0.333364,0.337965,0.340257,0.340039,0.333228,84.482700
1153.000000,0.333538,0.336846,0.339901,0.339925,0.333189,1.206700
1154.000000,0.332569,0.335417,0.339263,0.339540,0.328583,1.350000
1155.000000,0.331577,0.333882,0.338808,0.339283,0.330276,2.180000
1156.000000,0.331961,0.333056,0.338505,0.339090,0.334528,1.460000
1157.000000,0.331732,0.332548,0.338003,0.338833,0.332087,1.220000
1158.000000,0.331355,0.332446,0.337326,0.338483,0.331303,0.717000
1159.000000,0.331977,0.332273,0.336761,0.338229,0.331693,0.260700
1160.000000,0.331946,0.331761,0.336059,0.337821,0.330118,1.130000
1161.000000,0.329780,0.330870,0.334979,0.337288,0.323701,2.070000
1162.000000,0.326765,0.329248,0.333606,0.336588,0.317008,1.710000
1163.000000,0.322961,0.327158,0.332002,0.335653,0.312283,2.061100
1164.000000,0.319402,0.325689,0.330553,0.334738,0.313898,0.849900
1165.000000,0.313386,0.322666,0.328274,0.333427,0.300039,3.570000
1166.000000,0.309606,0.319693,0.326375,0.332234,0.304803,2.739900
1167.000000,0.306087,0.316426,0.324487,0.330810,0.299409,1.550800
1168.000000,0.303882,0.313421,0.322934,0.329358,0.301260,0.700000
1169.000000,0.302496,0.310949,0.321611,0.328157,0.306969,1.905000
1170.000000,0.305874,0.309630,0.320696,0.327249,0.316929,3.330000
1171.000000,0.307449,0.308528,0.319699,0.326162,0.312677,2.100000
1172.000000,0.309213,0.307650,0.318449,0.324954,0.308228,1.350000
1173.000000,0.309921,0.306902,0.317030,0.323635,0.304803,1.380500
1174.000000,0.309567,0.306031,0.315860,0.322379,0.305197,1.420600
1175.000000,0.307386,0.306630,0.314648,0.321059,0.306024,0.699000
1176.000000,0.305891,0.306670,0.313182,0.319806,0.305202,0.730000
1177.000000,0.305088,0.307150,0.311788,0.318708,0.304213,1.049100
1178.000000,0.305647,0.307784,0.310603,0.317884,0.307598,1.030000
1179.000000,0.306418,0.307993,0.309471,0.317072,0.309055,1.073000
1180.000000,0.307418,0.307402,0.308516,0.316264,0.311024,0.563000
1181.000000,0.308858,0.307375,0.307951,0.315591,0.312402,1.490000
1182.000000,0.311157,0.308123,0.307886,0.315007,0.315709,1.240000
1183.000000,0.311249,0.308448,0.307675,0.314169,0.308058,2.510000
1184.000000,0.311179,0.308799,0.307415,0.313506,0.308701,1.928000
1185.000000,0.310958,0.309188,0.307909,0.312828,0.309921,1.352000
1186.000000,0.311856,0.310357,0.308513,0.312240,0.316890,2.266200
1187.000000,0.311887,0.311522,0.309336,0.311699,0.315866,1.139600
1188.000000,0.313417,0.312333,0.310059,0.311180,0.315709,0.900000
1189.000000,0.315874,0.313526,0.310759,0.310823,0.320984,1.620000
1190.000000,0.317236,0.314097,0.310750,0.310376,0.316732,1.410000
1191.000000,0.318031,0.314944,0.311159,0.310282,0.320866,1.380000
1192.000000,0.318787,0.315337,0.311730,0.310370,0.319646,1.572900
1193.000000,0.320205,0.316811,0.312630,0.310720,0.322795,1.335900
1194.000000,0.319709,0.317791,0.313295,0.310874,0.318504,1.702000
1195.000000,0.320732,0.318984,0.314086,0.311601,0.321850,1.630000
1196.000000,0.320394,0.319213,0.314785,0.312080,0.319173,1.250000
1197.000000,0.320433,0.319610,0.315566,0.312761,0.319843,1.239000
1198.000000,0.319732,0.319969,0.316151,0.313362,0.319291,0.700000
1199.000000,0.320063,0.319886,0.316706,0.313802,0.320157,0.670000
1200.000000,0.319000,0.319866,0.316982,0.313788,0.316535,1.310000
1201.000000,0.318173,0.319283,0.317114,0.313867,0.315039,0.800000
1202.000000,0.315961,0.318197,0.316767,0.313886,0.308780,2.060000
1203.000000,0.314023,0.316878,0.316844,0.314046,0.309602,0.430000
1204.000000,0.312346,0.316204,0.316998,0.314265,0.311772,1.161100
1205.000000,0.312094,0.315547,0.317266,0.314573,0.315276,1.885600
1206.000000,0.312180,0.315177,0.317195,0.314915,0.315472,1.000000
1207.000000,0.313842,0.314901,0.317256,0.315345,0.317087,1.360000
1208.000000,0.314520,0.314271,0.317120,0.315524,0.312992,1.040000
1209.000000,0.314764,0.313555,0.316720,0.315656,0.312992,0.370000
1210.000000,0.314504,0.313299,0.316582,0.315754,0.313976,0.790000
1211.000000,0.313614,0.312897,0.316090,0.315708,0.311024,1.447100
1212.000000,0.312811,0.313326,0.315762,0.315620,0.313071,0.980000
1213.000000,0.311630,0.313075,0.314976,0.315588,0.307087,2.040000
1214.000000,0.310055,0.312409,0.314307,0.315468,0.305118,0.650000
1215.000000,0.307906,0.311205,0.313376,0.315245,0.303228,1.250000
1216.000000,0.305961,0.309787,0.312482,0.314726,0.301299,0.644500
1217.000000,0.303740,0.308276,0.311588,0.314262,0.301969,1.113100
1218.000000,0.302866,0.307248,0.310760,0.313829,0.302717,0.500000
1219.000000,0.306882,0.308469,0.311012,0.313970,0.325197,6.110000
1220.000000,0.315370,0.311638,0.312468,0.314934,0.345669,6.040000
1221.000000,0.322661,0.314311,0.313604,0.315497,0.337756,3.921400
1222.000000,0.328945,0.316343,0.314834,0.315955,0.333386,1.449900
1223.000000,0.335701,0.319283,0.316179,0.316412,0.336496,3.251000
1224.000000,0.339795,0.323339,0.317874,0.317317,0.345669,2.330000
1225.000000,0.339559,0.327465,0.319335,0.318072,0.344488,1.230000
1226.000000,0.340677,0.331669,0.320728,0.318878,0.343346,0.790000
1227.000000,0.339031,0.333988,0.321132,0.319055,0.325157,5.822000
1228.000000,0.335583,0.335642,0.321445,0.319054,0.319252,2.580000
1229.000000,0.330992,0.335394,0.321931,0.319139,0.322717,1.689400
1230.000000,0.326756,0.333157,0.322398,0.319365,0.323307,1.986200
1231.000000,0.322031,0.331354,0.322833,0.319521,0.319724,1.760000
1232.000000,0.321252,0.330142,0.323242,0.319937,0.321260,1.160000
1233.000000,0.321567,0.328575,0.323929,0.320311,0.320827,0.328800
1234.000000,0.320803,0.325898,0.324618,0.320549,0.318898,1.340000
1235.000000,0.320693,0.323724,0.325594,0.320798,0.322756,0.980000
1236.000000,0.320929,0.321480,0.326575,0.320979,0.320906,1.766100
1237.000000,0.321559,0.321406,0.327697,0.321223,0.324409,1.670400
1238.000000,0.322748,0.322157,0.328900,0.321682,0.326772,2.510000
1239.000000,0.324362,0.322583,0.328988,0.322148,0.326969,1.701800
1240.000000,0.324496,0.322594,0.327876,0.322463,0.323425,1.710000
1241.000000,0.324213,0.322571,0.326963,0.322745,0.319488,1.910000
1242.000000,0.322559,0.322059,0.326100,0.322848,0.316142,2.430000
1243.000000,0.320591,0.321669,0.325122,0.323176,0.316929,0.832600
1244.000000,0.318362,0.321362,0.323630,0.323533,0.315827,1.220000
