0.000000,-1234.000000,-1234.000000,-1234.000000,-1234.000000,-1234.000000,-1234.000000
1.000000,-1234.000000,-1234.000000,-1234.000000,-1234.000000,-1234.000000,-1234.000000
2.000000,0.944524,0.941245,0.940344,0.941019,0.950495,0.120000
3.000000,0.948152,0.943163,0.941127,0.941548,0.956164,0.150000
4.000000,0.952082,0.945355,0.942185,0.942178,0.960699,0.160000
5.000000,0.955710,0.947585,0.943224,0.942796,0.961833,0.150000
6.000000,0.959187,0.950457,0.944358,0.943589,0.966746,0.130000
7.000000,0.962513,0.953518,0.945567,0.944395,0.967124,0.270000
8.000000,0.965688,0.956920,0.947268,0.945428,0.972037,0.160000
9.000000,0.967729,0.959905,0.949007,0.946298,0.970903,0.160000
10.000000,0.967880,0.961795,0.950292,0.946902,0.962589,0.329800
11.000000,0.967275,0.963231,0.951652,0.947658,0.963722,0.140000
12.000000,0.966444,0.964478,0.952862,0.948389,0.962967,0.250000
13.000000,0.963949,0.964818,0.953991,0.949024,0.959565,0.200000
14.000000,0.960926,0.964327,0.954841,0.949566,0.955786,0.170000
15.000000,0.958734,0.963307,0.955446,0.949918,0.951629,0.130000
16.000000,0.956542,0.961908,0.956183,0.950208,0.952762,0.129000
17.000000,0.954047,0.960246,0.956882,0.950460,0.950495,0.240000
18.000000,0.950495,0.957222,0.957071,0.950586,0.941803,0.230000
19.000000,0.947623,0.954274,0.957090,0.950762,0.941425,0.070000
20.000000,0.945657,0.952196,0.956995,0.950926,0.941803,0.070000
21.000000,0.944599,0.950570,0.956901,0.951292,0.947471,0.200000
22.000000,0.943843,0.948945,0.956712,0.951556,0.946716,0.160000
23.000000,0.944902,0.947698,0.956258,0.951893,0.947094,0.080000
24.000000,0.946716,0.947169,0.955748,0.952284,0.950495,0.130000
25.000000,0.948378,0.947018,0.955162,0.952637,0.950117,0.100000
26.000000,0.949663,0.947131,0.954520,0.953166,0.953896,0.100000
27.000000,0.950344,0.947094,0.953670,0.953619,0.950117,0.130000
28.000000,0.951100,0.948001,0.952611,0.954047,0.950873,0.050000
29.000000,0.951629,0.949172,0.951723,0.954451,0.953140,0.160000
30.000000,0.952233,0.950306,0.951251,0.954766,0.953140,0.060000
31.000000,0.952460,0.951062,0.950816,0.954954,0.955030,0.060000
32.000000,0.953065,0.951704,0.950325,0.955043,0.953140,0.129900
33.000000,0.954123,0.952611,0.950155,0.955043,0.956164,0.080000
34.000000,0.954425,0.953027,0.950098,0.954841,0.954652,0.100000
35.000000,0.954803,0.953518,0.950268,0.954614,0.955030,0.070000
36.000000,0.955937,0.954199,0.950665,0.954413,0.960699,0.230000
37.000000,0.954501,0.953783,0.950438,0.953707,0.945960,0.470000
38.000000,0.952536,0.953329,0.950665,0.952851,0.946338,0.180000
39.000000,0.950948,0.952687,0.950930,0.952044,0.946716,0.100000
40.000000,0.949134,0.951969,0.951137,0.951490,0.945960,0.090000
41.000000,0.946186,0.951062,0.951062,0.950898,0.945960,0.100000
42.000000,0.946111,0.950306,0.951005,0.950319,0.945582,0.070000
43.000000,0.945809,0.949172,0.950892,0.949827,0.944826,0.030000
44.000000,0.945204,0.948076,0.950552,0.949424,0.943692,0.060000
45.000000,0.944675,0.946905,0.950211,0.949147,0.943314,0.040000
46.000000,0.944296,0.945241,0.949720,0.948857,0.944066,0.030000
47.000000,0.943918,0.945015,0.949399,0.948630,0.943692,0.090000
48.000000,0.943616,0.944712,0.949021,0.948681,0.943314,0.035400
49.000000,0.943918,0.944561,0.948624,0.948807,0.945204,0.052400
50.000000,0.943389,0.944032,0.948000,0.948769,0.940669,0.170000
51.000000,0.942710,0.943503,0.947282,0.948542,0.940669,0.084000
52.000000,0.941954,0.942936,0.946621,0.948315,0.939913,0.120000
53.000000,0.941273,0.942445,0.945808,0.948076,0.939913,0.090000
54.000000,0.940442,0.942180,0.945128,0.947761,0.941047,0.060000
55.000000,0.940518,0.941953,0.944429,0.947459,0.941047,0.051000
56.000000,0.940895,0.941803,0.943522,0.947081,0.942558,0.080000
57.000000,0.941803,0.941878,0.943446,0.946892,0.944448,0.060000
58.000000,0.942785,0.942029,0.943371,0.946690,0.944826,0.076500
59.000000,0.943617,0.942029,0.943295,0.946426,0.945204,0.040000
60.000000,0.944524,0.942521,0.943276,0.946174,0.945582,0.090000
61.000000,0.945279,0.943087,0.943295,0.945884,0.946338,0.050000
62.000000,0.945657,0.943730,0.943333,0.945657,0.946338,0.040000
63.000000,0.945960,0.944372,0.943409,0.945330,0.946338,0.060000
64.000000,0.946413,0.945015,0.943597,0.945090,0.947471,0.040000
65.000000,0.946489,0.945506,0.943730,0.944788,0.945960,0.100000
66.000000,0.947245,0.946262,0.944032,0.944435,0.950117,0.210000
67.000000,0.947774,0.946716,0.944297,0.944536,0.948983,0.130000
68.000000,0.948379,0.947169,0.944599,0.944637,0.949365,0.070000
69.000000,0.949286,0.947850,0.944940,0.944813,0.952007,0.099900
70.000000,0.950571,0.948530,0.945525,0.945028,0.952385,0.080000
71.000000,0.951100,0.949173,0.946130,0.945254,0.952762,0.050200
72.000000,0.951932,0.949853,0.946791,0.945506,0.953140,0.050000
73.000000,0.952762,0.950571,0.947472,0.945796,0.953518,0.050000
74.000000,0.953821,0.951553,0.948284,0.946249,0.957298,0.180000
75.000000,0.954199,0.952385,0.948946,0.946615,0.954274,0.120000
76.000000,0.954425,0.952763,0.949512,0.946942,0.953896,0.110000
77.000000,0.955484,0.953708,0.950212,0.947434,0.958431,0.190000
78.000000,0.955786,0.954274,0.950722,0.947824,0.955030,0.110000
79.000000,0.955786,0.954803,0.951327,0.948227,0.957298,0.080000
80.000000,0.956013,0.955106,0.951818,0.948719,0.955408,0.150000
81.000000,0.956844,0.955635,0.952404,0.949298,0.958054,0.090000
82.000000,0.957902,0.956693,0.953273,0.950092,0.963722,0.150000
83.000000,0.960277,0.958032,0.954301,0.950992,0.966905,0.110000
84.000000,0.962394,0.959090,0.955322,0.951886,0.967880,0.100000
85.000000,0.965190,0.960602,0.956493,0.952831,0.969391,0.070000
86.000000,0.969045,0.962945,0.957854,0.953990,0.977328,0.240000
87.000000,0.972749,0.965326,0.959517,0.955250,0.982241,0.220000
88.000000,0.974985,0.967631,0.960953,0.956358,0.978084,0.160000
89.000000,0.977328,0.969861,0.962332,0.957505,0.979596,0.250000
90.000000,0.978394,0.971792,0.963449,0.958476,0.974720,0.150000
91.000000,0.976806,0.972926,0.964280,0.959244,0.969391,0.210000
92.000000,0.973632,0.973190,0.964942,0.959912,0.966368,0.180000
93.000000,0.971440,0.973212,0.965622,0.960605,0.967124,0.070000
94.000000,0.969248,0.973288,0.966189,0.961310,0.968636,0.210000
95.000000,0.968182,0.973288,0.966945,0.962091,0.969391,0.080000
96.000000,0.969769,0.973288,0.968116,0.962998,0.977328,0.290000
97.000000,0.971508,0.972570,0.968948,0.963868,0.975060,0.150000
98.000000,0.973095,0.972267,0.969949,0.964724,0.975060,0.160000
99.000000,0.973775,0.971512,0.970686,0.965392,0.972037,0.190000
100.000000,0.973397,0.970790,0.971291,0.965896,0.967502,0.290000
101.000000,0.967929,0.968849,0.970887,0.965803,0.949985,0.600000
102.000000,0.962335,0.966922,0.970056,0.965602,0.947094,0.190000
103.000000,0.955306,0.964201,0.968706,0.965148,0.939913,0.250000
104.000000,0.947218,0.960497,0.966892,0.964292,0.931598,0.410000
105.000000,0.940793,0.957095,0.965192,0.963662,0.935378,0.140000
106.000000,0.933337,0.950633,0.961960,0.962288,0.912702,0.910000
107.000000,0.926761,0.944548,0.958559,0.960815,0.914214,0.200000
108.000000,0.922830,0.939068,0.955668,0.959656,0.920260,0.259000
109.000000,0.919429,0.933324,0.952418,0.958232,0.914592,0.350000
110.000000,0.909981,0.925387,0.948088,0.955990,0.888136,1.030000
111.000000,0.901137,0.917237,0.943043,0.953004,0.868484,1.330000
112.000000,0.894712,0.910737,0.938829,0.950283,0.882090,1.030000
113.000000,0.889724,0.906277,0.935239,0.947897,0.895317,0.370000
114.000000,0.887078,0.903254,0.931875,0.945679,0.901364,0.403000
115.000000,0.888136,0.899059,0.928077,0.943147,0.893427,0.271000
116.000000,0.891689,0.896413,0.923523,0.940111,0.886247,0.510000
117.000000,0.890555,0.892634,0.918591,0.936584,0.876421,0.660000
118.000000,0.886096,0.887910,0.913489,0.933082,0.873019,0.490000
119.000000,0.878537,0.882808,0.908066,0.929214,0.863571,1.080000
120.000000,0.872490,0.880313,0.902850,0.925497,0.863193,0.740000
121.000000,0.871432,0.881560,0.899399,0.922549,0.880956,0.570000
122.000000,0.872944,0.881749,0.896243,0.919803,0.883979,0.350000
123.000000,0.873624,0.879860,0.893068,0.916779,0.876421,0.320000
124.000000,0.876345,0.877441,0.890347,0.913730,0.877176,0.310000
125.000000,0.880351,0.876421,0.887740,0.910858,0.883223,0.360000
126.000000,0.880124,0.875778,0.886096,0.907608,0.879822,0.190000
127.000000,0.876345,0.874644,0.883639,0.903942,0.865083,0.503500
128.000000,0.871810,0.872717,0.880313,0.899898,0.853745,0.394100
129.000000,0.868333,0.872339,0.877573,0.896157,0.859792,0.180000
130.000000,0.863873,0.872112,0.876213,0.892604,0.860925,0.371400
131.000000,0.861984,0.871054,0.876307,0.889950,0.870374,0.320000
132.000000,0.864176,0.870260,0.876005,0.887582,0.876043,0.250000
133.000000,0.867653,0.869731,0.874795,0.885289,0.871130,0.180000
134.000000,0.868711,0.868522,0.872981,0.883072,0.865083,0.240000
135.000000,0.869467,0.866670,0.871545,0.880716,0.864705,0.280000
136.000000,0.867879,0.864931,0.870355,0.879041,0.862437,0.150000
137.000000,0.864327,0.864251,0.869448,0.877176,0.858280,0.190000
138.000000,0.861379,0.864516,0.868616,0.875047,0.856390,0.209900
139.000000,0.859565,0.864138,0.868238,0.873095,0.856012,0.230000
140.000000,0.855710,0.862588,0.867350,0.871671,0.845430,0.340000
141.000000,0.851855,0.859867,0.865461,0.870827,0.843163,0.239700
142.000000,0.848756,0.856541,0.863401,0.869517,0.842785,0.550000
143.000000,0.844947,0.853163,0.861447,0.867585,0.837343,0.270000
144.000000,0.840540,0.850052,0.859287,0.865338,0.833979,0.140000
145.000000,0.838197,0.846953,0.856812,0.863348,0.833714,0.240000
146.000000,0.835022,0.843439,0.854185,0.861383,0.827290,0.310000
147.000000,0.831394,0.840075,0.852163,0.859657,0.824644,0.150000
148.000000,0.827720,0.836333,0.850425,0.857855,0.818975,0.400000
149.000000,0.825400,0.832970,0.848554,0.856482,0.822377,0.180000
150.000000,0.821999,0.830098,0.846343,0.854933,0.816708,0.169900
151.000000,0.820185,0.827603,0.843735,0.852841,0.818219,0.149000
152.000000,0.819882,0.825638,0.841090,0.850813,0.823132,0.180000
153.000000,0.820336,0.824028,0.838595,0.848974,0.821243,0.190000
154.000000,0.819277,0.822339,0.836196,0.846971,0.817085,0.180000
155.000000,0.816633,0.819316,0.833134,0.844313,0.803484,0.479000
156.000000,0.811191,0.815688,0.829563,0.841353,0.791008,0.460100
157.000000,0.803254,0.811568,0.825822,0.838631,0.783450,0.320000
158.000000,0.793806,0.807071,0.821702,0.835973,0.774001,0.380000
159.000000,0.786172,0.802725,0.817847,0.833277,0.778915,0.430000
160.000000,0.780275,0.798454,0.814276,0.830380,0.774001,0.479900
161.000000,0.778007,0.794599,0.811101,0.827356,0.779670,0.210000
162.000000,0.781258,0.792256,0.808947,0.824812,0.799701,0.637500
163.000000,0.787456,0.790631,0.807329,0.822607,0.804992,0.350000
164.000000,0.792596,0.789384,0.805861,0.820592,0.804614,0.190000
165.000000,0.795543,0.787909,0.803612,0.818059,0.788741,0.420000
166.000000,0.797962,0.787985,0.801836,0.815704,0.791764,0.179900
167.000000,0.796148,0.788703,0.800135,0.813449,0.790630,0.139000
168.000000,0.792939,0.790197,0.798634,0.811200,0.788945,0.327000
169.000000,0.789008,0.790802,0.796763,0.808832,0.784961,0.280000
170.000000,0.788026,0.791785,0.795119,0.806779,0.783828,0.300000
171.000000,0.786164,0.792063,0.793331,0.804755,0.782456,0.150000
172.000000,0.783972,0.790060,0.791158,0.802651,0.779670,0.159900
173.000000,0.782722,0.787830,0.789230,0.800830,0.782694,0.180000
174.000000,0.782193,0.785600,0.787492,0.799108,0.782316,0.230000
175.000000,0.780681,0.784353,0.786131,0.797193,0.776269,0.330000
176.000000,0.780124,0.783144,0.785564,0.795605,0.779670,0.170000
177.000000,0.780819,0.782396,0.785549,0.794222,0.783147,0.717600
178.000000,0.780645,0.781684,0.785940,0.792984,0.781825,0.210000
179.000000,0.783291,0.782742,0.786772,0.792089,0.795543,0.554000
180.000000,0.785785,0.783233,0.787509,0.791157,0.788741,0.330000
181.000000,0.786843,0.783484,0.787773,0.790049,0.784961,0.300000
182.000000,0.786828,0.783824,0.786942,0.788713,0.783072,0.140000
183.000000,0.786775,0.783710,0.785770,0.787390,0.781560,0.120000
184.000000,0.784508,0.783899,0.784750,0.786294,0.784206,0.109000
185.000000,0.784659,0.785222,0.784788,0.785828,0.789497,0.230000
186.000000,0.784659,0.785751,0.784448,0.785627,0.784961,0.350000
187.000000,0.785113,0.785970,0.784183,0.785690,0.785339,0.210000
188.000000,0.785793,0.786284,0.783984,0.786055,0.784961,0.149900
189.000000,0.785717,0.785113,0.783927,0.786219,0.783828,0.179000
190.000000,0.784281,0.784470,0.783852,0.786496,0.782316,0.190000
191.000000,0.783828,0.784243,0.783864,0.786597,0.782694,0.100000
192.000000,0.782543,0.783828,0.783826,0.785904,0.778915,0.160000
193.000000,0.781107,0.783450,0.783580,0.784997,0.777781,0.170000
194.000000,0.778612,0.782165,0.783032,0.783888,0.771356,0.270000
195.000000,0.776193,0.780237,0.782730,0.783271,0.770218,0.130000
196.000000,0.773837,0.778832,0.782292,0.782576,0.770918,0.071500
197.000000,0.771645,0.777094,0.781532,0.781820,0.767955,0.110000
198.000000,0.768773,0.774940,0.780612,0.780969,0.763419,0.180000
199.000000,0.767640,0.773126,0.779119,0.780327,0.765691,0.200000
200.000000,0.767641,0.771917,0.778193,0.779873,0.770222,0.169900
201.000000,0.768333,0.771085,0.777664,0.779604,0.774379,0.170000
202.000000,0.769845,0.770745,0.777286,0.779466,0.775513,0.120000
203.000000,0.774002,0.771388,0.777419,0.779516,0.784206,0.280000
204.000000,0.778083,0.772862,0.777513,0.779642,0.786095,0.190000
205.000000,0.781770,0.774705,0.777471,0.780055,0.788658,0.220000
206.000000,0.784189,0.776261,0.777547,0.780282,0.786473,0.100000
207.000000,0.785927,0.777886,0.777490,0.780317,0.784206,0.160000
208.000000,0.785172,0.779587,0.777263,0.780270,0.780426,0.172600
209.000000,0.784642,0.781363,0.777244,0.779867,0.783450,0.100000
210.000000,0.783601,0.782685,0.777301,0.779691,0.783450,0.090000
211.000000,0.783072,0.783630,0.777358,0.779653,0.783828,0.100000
212.000000,0.783223,0.784575,0.777660,0.779716,0.784961,0.090000
213.000000,0.782845,0.784008,0.777698,0.779615,0.778537,0.210000
214.000000,0.782921,0.783781,0.778322,0.779603,0.783828,0.150000
215.000000,0.783223,0.783412,0.779059,0.779451,0.784961,0.130000
216.000000,0.783223,0.783147,0.779704,0.779414,0.783828,0.170000
217.000000,0.782769,0.782996,0.780441,0.779325,0.782694,0.080000
218.000000,0.783828,0.783336,0.781462,0.779288,0.783828,0.050000
219.000000,0.783828,0.783374,0.782368,0.779288,0.783828,0.050000
220.000000,0.782769,0.782996,0.782841,0.779199,0.779670,0.110000
221.000000,0.781938,0.782580,0.783105,0.779099,0.779670,0.070000
222.000000,0.781560,0.782165,0.783370,0.779162,0.780804,0.120000
223.000000,0.781107,0.782467,0.783238,0.779288,0.781560,0.130000
224.000000,0.780124,0.781976,0.782879,0.779540,0.778915,0.120000
225.000000,0.781107,0.781938,0.782675,0.780018,0.784583,0.183500
226.000000,0.782543,0.782240,0.782694,0.780550,0.786851,0.180000
227.000000,0.786549,0.784054,0.783525,0.781646,0.800834,0.410000
228.000000,0.789270,0.785188,0.784262,0.782704,0.795166,0.260000
229.000000,0.793729,0.786927,0.785150,0.783888,0.801212,0.800000
230.000000,0.796224,0.788665,0.785831,0.784782,0.797055,0.180000
231.000000,0.797282,0.789912,0.786246,0.785374,0.792142,0.410000
232.000000,0.794410,0.790479,0.786322,0.785740,0.786473,0.300000
233.000000,0.792142,0.790706,0.786586,0.785727,0.783828,0.260000
234.000000,0.787456,0.790593,0.786284,0.785450,0.777781,0.360000
235.000000,0.784054,0.790139,0.786038,0.785163,0.780048,0.220000
236.000000,0.781333,0.789308,0.785774,0.784898,0.778537,0.111000
237.000000,0.779141,0.786775,0.785415,0.784609,0.775513,0.160000
238.000000,0.775967,0.784054,0.784621,0.784193,0.767955,0.380000
239.000000,0.773094,0.780275,0.783601,0.783525,0.763419,0.420000
240.000000,0.771205,0.777630,0.783147,0.783097,0.770600,0.420000
241.000000,0.767350,0.774342,0.782127,0.782278,0.759262,0.330000
242.000000,0.764175,0.771658,0.781069,0.781434,0.759640,0.190000
243.000000,0.761303,0.768635,0.779670,0.780603,0.753593,0.519600
244.000000,0.758355,0.765725,0.778159,0.779431,0.748680,0.190000
245.000000,0.756012,0.763608,0.776874,0.778562,0.758884,0.380000
246.000000,0.755180,0.761265,0.775286,0.777604,0.755105,0.260000
247.000000,0.753824,0.758999,0.772887,0.776610,0.752856,0.079900
248.000000,0.752539,0.756921,0.770488,0.775388,0.747168,0.202000
249.000000,0.754882,0.756619,0.768447,0.774607,0.760396,0.430000
250.000000,0.756167,0.756089,0.766859,0.774128,0.765309,0.360000
251.000000,0.758586,0.756883,0.765612,0.773712,0.767199,0.200000
252.000000,0.762890,0.758357,0.765008,0.773498,0.774379,0.339600
253.000000,0.769769,0.761154,0.764894,0.773498,0.781560,0.280000
254.000000,0.776269,0.765575,0.765650,0.773964,0.792898,0.400000
255.000000,0.782089,0.769128,0.766368,0.774292,0.794410,0.240000
256.000000,0.787834,0.773210,0.767237,0.774594,0.795921,0.200000
257.000000,0.795468,0.779179,0.769089,0.774985,0.812550,0.530000
258.000000,0.801742,0.785755,0.771338,0.775577,0.812928,0.190000
259.000000,0.806503,0.791386,0.774002,0.776093,0.816708,0.200000
260.000000,0.809905,0.795997,0.776043,0.776572,0.811417,0.280000
261.000000,0.813382,0.800608,0.778745,0.777277,0.813306,0.140000
262.000000,0.813609,0.804538,0.781448,0.778184,0.813684,0.178000
263.000000,0.812853,0.807297,0.784225,0.779029,0.809149,0.330000
264.000000,0.812550,0.809527,0.787551,0.780276,0.815196,0.220000
265.000000,0.814364,0.812135,0.790631,0.781624,0.820487,0.180000
266.000000,0.815120,0.814251,0.793730,0.782909,0.817085,0.365000
267.000000,0.815498,0.814553,0.796866,0.784244,0.815574,0.210000
268.000000,0.816674,0.814763,0.800259,0.785813,0.815026,0.133000
269.000000,0.816825,0.814688,0.803037,0.787564,0.815952,0.280000
270.000000,0.813877,0.814121,0.805059,0.788736,0.805748,0.310000
271.000000,0.813423,0.814272,0.807440,0.790588,0.814818,0.269900
272.000000,0.813498,0.814498,0.809518,0.792464,0.815948,0.170000
273.000000,0.813079,0.814876,0.811087,0.794442,0.812928,0.190000
274.000000,0.812550,0.814687,0.812107,0.796596,0.813306,0.066000
275.000000,0.814590,0.814234,0.813184,0.798499,0.815952,0.110000
276.000000,0.815195,0.814309,0.814280,0.800590,0.817841,0.070100
277.000000,0.816178,0.814838,0.814696,0.802857,0.820865,0.110000
278.000000,0.818597,0.815838,0.815301,0.805452,0.825022,0.112000
279.000000,0.821469,0.817010,0.815849,0.807694,0.827668,0.100000
280.000000,0.823813,0.819202,0.816661,0.809773,0.827668,0.089900
281.000000,0.827668,0.821431,0.817852,0.812104,0.837116,0.270500
282.000000,0.831447,0.823813,0.819155,0.814283,0.839761,0.250000
283.000000,0.834621,0.826609,0.820743,0.816261,0.840895,0.250000
284.000000,0.836813,0.829141,0.821914,0.817785,0.838628,0.290000
285.000000,0.839081,0.831447,0.822840,0.819272,0.839005,0.170000
286.000000,0.839081,0.833374,0.823842,0.820645,0.837116,0.210000
287.000000,0.838325,0.834886,0.824862,0.821426,0.835982,0.170000
288.000000,0.837645,0.836133,0.825986,0.822245,0.837494,0.140000
289.000000,0.835226,0.836020,0.826515,0.822572,0.826534,0.320000
290.000000,0.833261,0.836171,0.827686,0.823164,0.829179,0.130000
291.000000,0.832581,0.835831,0.828631,0.823845,0.833714,0.260000
292.000000,0.831447,0.834886,0.829349,0.824399,0.830313,0.250000
293.000000,0.829633,0.833639,0.830124,0.825041,0.828423,0.250000
294.000000,0.829255,0.832240,0.830691,0.825356,0.824644,0.170000
295.000000,0.827743,0.830502,0.830974,0.825394,0.821621,0.180000
296.000000,0.823964,0.828272,0.830823,0.825319,0.814818,0.210000
297.000000,0.819807,0.825627,0.830256,0.825117,0.809527,0.310000
298.000000,0.815498,0.822565,0.829349,0.824846,0.806881,0.170000
299.000000,0.812248,0.820751,0.828386,0.824594,0.808393,0.140000
300.000000,0.809602,0.818673,0.827422,0.824682,0.808393,0.150000
301.000000,0.809300,0.816632,0.826231,0.824631,0.813306,0.300000
302.000000,0.811341,0.815574,0.825230,0.824757,0.819731,0.180000
303.000000,0.814591,0.815045,0.824342,0.825098,0.823132,0.200000
304.000000,0.817388,0.814818,0.823529,0.825400,0.822377,0.130000
305.000000,0.819655,0.814629,0.822565,0.825526,0.819731,0.260000
306.000000,0.821394,0.815347,0.821810,0.825664,0.821999,0.080000
307.000000,0.821847,0.816594,0.821110,0.825702,0.821999,0.090000
308.000000,0.821092,0.817841,0.820203,0.825513,0.819353,0.210000
309.000000,0.820940,0.819164,0.819958,0.825312,0.821621,0.100000
310.000000,0.820638,0.820147,0.819410,0.824997,0.818219,0.170000
311.000000,0.820562,0.820978,0.818805,0.824480,0.821621,0.140000
312.000000,0.820411,0.821129,0.818352,0.823863,0.821243,0.110000
313.000000,0.820866,0.820979,0.818012,0.823221,0.821628,0.100000
314.000000,0.821395,0.821168,0.817993,0.822742,0.824266,0.129800
315.000000,0.822907,0.821773,0.818201,0.822301,0.825778,0.060000
316.000000,0.823587,0.822075,0.818711,0.821898,0.825022,0.100000
317.000000,0.824268,0.822339,0.819467,0.821520,0.824644,0.170000
318.000000,0.824720,0.822793,0.820317,0.821067,0.823888,0.110000
319.000000,0.825173,0.823284,0.821224,0.821067,0.826534,0.140000
320.000000,0.825400,0.824154,0.822150,0.820991,0.826912,0.230000
321.000000,0.825551,0.824569,0.822774,0.820726,0.825778,0.130000
322.000000,0.825778,0.825023,0.823076,0.820575,0.825778,0.100000
323.000000,0.826231,0.825476,0.823227,0.820500,0.826156,0.090000
324.000000,0.826231,0.825702,0.823435,0.820563,0.826534,0.090100
325.000000,0.824493,0.824946,0.823359,0.820449,0.818219,0.300000
326.000000,0.824266,0.824909,0.823492,0.820777,0.824644,0.230000
327.000000,0.824191,0.824984,0.823662,0.821306,0.825400,0.070000
328.000000,0.824266,0.825249,0.824021,0.821961,0.826534,0.060000
329.000000,0.824871,0.825551,0.824418,0.822667,0.829557,0.150000
330.000000,0.828045,0.826269,0.825211,0.823523,0.834092,0.150000
331.000000,0.830918,0.827592,0.826081,0.824380,0.839005,0.160000
332.000000,0.835151,0.829671,0.827347,0.825274,0.846564,0.250000
333.000000,0.840895,0.832581,0.829028,0.826345,0.855256,0.240000
334.000000,0.846942,0.835906,0.830804,0.827592,0.859792,0.230000
335.000000,0.851099,0.839572,0.832259,0.828764,0.854879,0.379000
336.000000,0.854954,0.842936,0.833922,0.829973,0.858280,0.090000
337.000000,0.857222,0.846186,0.835585,0.831170,0.857902,0.080000
338.000000,0.858658,0.849776,0.837513,0.832606,0.862437,0.180000
339.000000,0.859640,0.853291,0.839421,0.834042,0.864705,0.210000
340.000000,0.862135,0.856617,0.841443,0.835680,0.867350,0.140000
341.000000,0.863949,0.859451,0.843522,0.837204,0.867350,0.074000
342.000000,0.865914,0.861568,0.845619,0.838754,0.867728,0.103400
343.000000,0.867653,0.863155,0.847868,0.840404,0.871130,0.160000
344.000000,0.868718,0.864179,0.850043,0.841929,0.870034,0.110000
345.000000,0.869605,0.865870,0.852721,0.843463,0.871783,0.079000
346.000000,0.871343,0.867646,0.855291,0.845164,0.876043,0.140000
347.000000,0.873315,0.869614,0.857900,0.846928,0.877585,0.090000
348.000000,0.873844,0.870748,0.860262,0.848591,0.873775,0.140000
349.000000,0.873987,0.871353,0.862322,0.850065,0.870752,0.200000
350.000000,0.873630,0.871617,0.864117,0.851501,0.869996,0.140000
351.000000,0.872950,0.872147,0.865799,0.853063,0.872641,0.070000
352.000000,0.869164,0.871239,0.866404,0.854159,0.858658,0.440000
353.000000,0.866519,0.870181,0.866668,0.855306,0.860547,0.070000
354.000000,0.864554,0.869270,0.866725,0.856452,0.860925,0.070000
355.000000,0.863269,0.868449,0.867160,0.857964,0.863571,0.090000
356.000000,0.859414,0.866182,0.866914,0.858921,0.853367,0.290000
357.000000,0.855030,0.862097,0.865856,0.859299,0.836738,0.750000
358.000000,0.850192,0.858355,0.864552,0.859627,0.836360,0.350000
359.000000,0.845816,0.855185,0.863269,0.859943,0.839043,0.210000
360.000000,0.841281,0.852275,0.861946,0.860170,0.840895,0.110000
361.000000,0.838257,0.848835,0.860491,0.860144,0.838250,0.190000
362.000000,0.838862,0.846946,0.859093,0.859918,0.839761,0.190000
363.000000,0.840827,0.845510,0.857845,0.859615,0.846186,0.220000
364.000000,0.841727,0.843771,0.856521,0.859074,0.843541,0.120000
365.000000,0.843389,0.842335,0.855392,0.858885,0.849210,0.210000
366.000000,0.845995,0.842126,0.854154,0.858651,0.851277,0.170000
367.000000,0.849018,0.843940,0.853019,0.858550,0.854879,0.105300
368.000000,0.851588,0.846208,0.852282,0.858437,0.859036,0.110000
369.000000,0.854914,0.848320,0.851752,0.858286,0.860170,0.150000
370.000000,0.857408,0.850399,0.851337,0.858097,0.861681,0.165000
371.000000,0.860094,0.853044,0.850940,0.858009,0.864705,0.100000
372.000000,0.861984,0.855501,0.851223,0.857895,0.864327,0.110000
373.000000,0.863420,0.857504,0.851507,0.857732,0.866216,0.120000
374.000000,0.865158,0.860036,0.851904,0.857693,0.868862,0.070000
375.000000,0.866746,0.862077,0.852206,0.857620,0.869618,0.070000
376.000000,0.868333,0.864213,0.853170,0.857507,0.872641,0.120000
377.000000,0.869920,0.865952,0.854946,0.857330,0.872263,0.086900
378.000000,0.869542,0.866481,0.856344,0.857015,0.864327,0.219900
379.000000,0.869845,0.867501,0.857911,0.857002,0.870374,0.210000
380.000000,0.869845,0.868295,0.859347,0.856990,0.869618,0.090000
381.000000,0.870147,0.869240,0.861142,0.857040,0.874153,0.120000
382.000000,0.869769,0.869845,0.862673,0.857430,0.870374,0.110000
383.000000,0.872792,0.871167,0.864336,0.858060,0.879444,0.250000
384.000000,0.873699,0.871772,0.865904,0.858526,0.874909,0.310000
385.000000,0.874153,0.871999,0.867038,0.858804,0.871885,0.175000
386.000000,0.872339,0.871243,0.867728,0.859194,0.865083,0.200000
387.000000,0.870752,0.870260,0.868106,0.860051,0.862437,0.189000
388.000000,0.867199,0.869996,0.868238,0.860895,0.861681,0.189000
389.000000,0.865385,0.869542,0.868522,0.861788,0.865838,0.210000
390.000000,0.863571,0.868862,0.868578,0.862519,0.862815,0.140000
391.000000,0.863964,0.868151,0.868696,0.863479,0.867048,0.120000
392.000000,0.864820,0.867786,0.868815,0.864377,0.866719,0.090000
393.000000,0.866181,0.866690,0.868929,0.865120,0.868484,0.130000
394.000000,0.866710,0.866047,0.868910,0.865952,0.868484,0.150000
395.000000,0.867768,0.865670,0.868834,0.866582,0.868106,0.171900
396.000000,0.867904,0.865934,0.868589,0.867130,0.867728,0.120000
397.000000,0.865612,0.865216,0.867738,0.867143,0.855256,0.350000
398.000000,0.861984,0.864082,0.867039,0.866853,0.850343,0.310000
399.000000,0.857902,0.862306,0.865924,0.866450,0.848076,0.310000
400.000000,0.853291,0.860530,0.864696,0.865896,0.845052,0.220000
401.000000,0.850117,0.859010,0.863581,0.865467,0.851855,0.400000
402.000000,0.850343,0.857978,0.862882,0.865203,0.856390,0.210000
403.000000,0.852535,0.857259,0.861975,0.865039,0.861303,0.230000
404.000000,0.856768,0.857335,0.861691,0.865052,0.869240,0.230000
405.000000,0.861303,0.857297,0.861483,0.864989,0.867728,0.080000
406.000000,0.865385,0.857751,0.861842,0.864976,0.872263,0.120000
407.000000,0.868711,0.859527,0.862372,0.865001,0.873019,0.180000
408.000000,0.871205,0.861870,0.862976,0.865316,0.873775,0.160000
409.000000,0.873473,0.865120,0.863713,0.865656,0.880578,0.180000
410.000000,0.875362,0.868333,0.864431,0.865908,0.877176,0.140000
411.000000,0.875589,0.870487,0.864749,0.865883,0.873397,0.120000
412.000000,0.874833,0.871772,0.864875,0.865845,0.869240,0.141900
413.000000,0.874682,0.872944,0.865102,0.865631,0.873019,2.020000
414.000000,0.873246,0.873359,0.865347,0.865581,0.873397,0.094500
415.000000,0.873473,0.874418,0.865857,0.865795,0.878310,0.140000
416.000000,0.872792,0.874191,0.865971,0.865959,0.869996,0.330000
417.000000,0.872566,0.873699,0.866613,0.866148,0.868106,0.070000
418.000000,0.872414,0.873548,0.867709,0.866500,0.872263,0.200000
419.000000,0.870600,0.871923,0.868522,0.866450,0.864327,0.240100
420.000000,0.867804,0.870638,0.869486,0.866500,0.864327,0.240000
421.000000,0.864705,0.868749,0.869618,0.866082,0.854501,0.370000
422.000000,0.861303,0.866934,0.869353,0.865561,0.851099,0.267500
423.000000,0.856919,0.864667,0.868805,0.864957,0.850343,0.150000
424.000000,0.854198,0.862399,0.867879,0.864365,0.850721,0.110000
425.000000,0.851553,0.859678,0.867048,0.863798,0.851099,0.138300
426.000000,0.850721,0.857713,0.865952,0.863218,0.850343,0.120000
427.000000,0.849259,0.855281,0.864490,0.862836,0.843786,0.200000
428.000000,0.848050,0.852485,0.863016,0.862634,0.844300,0.130000
429.000000,0.845707,0.849953,0.860938,0.862332,0.839005,0.199000
430.000000,0.843817,0.847685,0.859162,0.862219,0.841651,0.180000
431.000000,0.842608,0.846665,0.857707,0.861967,0.844296,0.160000
432.000000,0.842710,0.845984,0.856459,0.861564,0.844296,0.100000
433.000000,0.842104,0.845077,0.854872,0.860896,0.841273,0.120000
434.000000,0.843087,0.844397,0.853398,0.860052,0.843919,0.130000
435.000000,0.844024,0.843921,0.851800,0.859339,0.846337,0.140000
436.000000,0.844402,0.843505,0.850609,0.858470,0.846186,0.130000
437.000000,0.845158,0.843934,0.849608,0.857638,0.848076,0.110000
438.000000,0.846745,0.844425,0.848455,0.856819,0.849210,0.130000
439.000000,0.848786,0.845937,0.847945,0.855937,0.854123,0.220000
440.000000,0.849814,0.846919,0.847302,0.855081,0.851477,0.170000
441.000000,0.850646,0.847524,0.847094,0.854312,0.850343,0.150000
442.000000,0.851099,0.848129,0.847056,0.853682,0.850343,0.149900
443.000000,0.851779,0.849262,0.847170,0.853002,0.852611,0.096000
444.000000,0.851402,0.850094,0.847245,0.852297,0.852233,0.030000
445.000000,0.852309,0.851061,0.847491,0.851553,0.856012,0.180000
446.000000,0.852535,0.851591,0.847548,0.850936,0.851477,0.170000
447.000000,0.853057,0.852078,0.848006,0.850431,0.852951,0.104900
448.000000,0.852679,0.852229,0.848327,0.849713,0.850721,0.100000
449.000000,0.852452,0.851927,0.848932,0.849272,0.851099,0.180000
450.000000,0.852074,0.852191,0.849555,0.848932,0.854123,0.260000
451.000000,0.853662,0.853098,0.850311,0.849096,0.859414,0.260000
452.000000,0.856315,0.854686,0.851407,0.849600,0.866216,0.220000
453.000000,0.859036,0.855857,0.852560,0.850066,0.864327,0.199900
454.000000,0.862513,0.857482,0.853788,0.850658,0.868484,0.110000
455.000000,0.865461,0.858767,0.854914,0.851250,0.868862,0.120000
456.000000,0.867426,0.860544,0.856067,0.851880,0.869240,0.040000
457.000000,0.868484,0.862399,0.857239,0.852804,0.871507,0.130000
458.000000,0.870071,0.864554,0.858391,0.853736,0.872263,0.080000
459.000000,0.870374,0.866443,0.859185,0.854769,0.869996,0.110000
460.000000,0.870600,0.868030,0.860111,0.855714,0.869996,0.060000
461.000000,0.871628,0.869527,0.861313,0.856717,0.874380,1.064000
462.000000,0.871628,0.870056,0.862371,0.857624,0.871507,0.099300
463.000000,0.872082,0.871077,0.863467,0.858732,0.874531,0.100000
464.000000,0.872931,0.871652,0.864567,0.859743,0.874240,0.060000
465.000000,0.874140,0.872370,0.865569,0.860733,0.876043,0.120000
466.000000,0.874624,0.873126,0.866835,0.861753,0.876798,0.070000
467.000000,0.876740,0.874184,0.868292,0.862887,0.882090,0.170000
468.000000,0.878403,0.875243,0.869898,0.864008,0.882845,0.060000
469.000000,0.880351,0.876641,0.871542,0.865004,0.883979,0.090000
470.000000,0.882619,0.878379,0.873205,0.866200,0.887381,0.090000
471.000000,0.885264,0.879944,0.874736,0.867523,0.890026,0.180000
472.000000,0.887683,0.882212,0.876134,0.868985,0.894183,0.110000
473.000000,0.890555,0.884479,0.877778,0.870471,0.897207,0.106400
474.000000,0.893049,0.886700,0.879176,0.871945,0.896451,0.090000
475.000000,0.895015,0.888817,0.880593,0.873318,0.897207,0.080000
476.000000,0.895468,0.890366,0.881746,0.874679,0.892294,0.140000
477.000000,0.895241,0.891462,0.882823,0.876015,0.893049,0.074700
478.000000,0.894486,0.892520,0.883881,0.877439,0.893427,0.070000
479.000000,0.891991,0.892520,0.884581,0.878535,0.883979,0.370000
480.000000,0.889270,0.892142,0.885261,0.879517,0.883601,0.120000
481.000000,0.887834,0.891651,0.885798,0.880374,0.885113,0.110000
482.000000,0.885647,0.890444,0.886328,0.880904,0.882116,0.170000
483.000000,0.882548,0.888517,0.886498,0.881358,0.877932,0.120000
484.000000,0.880583,0.886287,0.886494,0.881547,0.874153,0.220000
485.000000,0.877333,0.883302,0.886059,0.881496,0.867350,0.210000
486.000000,0.874083,0.880958,0.885662,0.881484,0.868862,0.200000
487.000000,0.871507,0.878577,0.885020,0.881408,0.869240,0.210000
488.000000,0.869013,0.875781,0.884151,0.881181,0.865461,0.120000
489.000000,0.867048,0.873815,0.883168,0.880992,0.864327,0.120000
490.000000,0.866670,0.872001,0.882072,0.880841,0.865461,0.060000
491.000000,0.865303,0.869693,0.880672,0.880429,0.862025,0.140000
492.000000,0.862279,0.866893,0.878669,0.879850,0.854123,0.360000
493.000000,0.859936,0.864475,0.876496,0.879157,0.853745,0.120000
494.000000,0.858046,0.862547,0.874417,0.878512,0.854879,0.110000
495.000000,0.857290,0.861980,0.872641,0.878033,0.861677,0.270000
496.000000,0.857674,0.861489,0.871223,0.877604,0.863949,0.164000
497.000000,0.860169,0.861224,0.869901,0.877088,0.866594,0.160000
498.000000,0.862965,0.861451,0.868616,0.876584,0.867728,0.113600
499.000000,0.864326,0.861186,0.867501,0.875841,0.861681,0.170000
500.000000,0.864780,0.861035,0.866518,0.875060,0.863949,0.142000
501.000000,0.864780,0.861227,0.865460,0.874190,0.863949,0.080000
502.000000,0.865612,0.862890,0.864892,0.873409,0.870752,0.200000
503.000000,0.866216,0.864591,0.864533,0.872527,0.870752,0.190000
504.000000,0.869164,0.866745,0.864646,0.871860,0.876421,0.230000
505.000000,0.871659,0.868219,0.865100,0.871167,0.876421,0.169200
506.000000,0.874833,0.869807,0.865648,0.870751,0.879822,0.100000
507.000000,0.876572,0.871092,0.866158,0.870298,0.879444,0.110000
508.000000,0.878537,0.872377,0.866914,0.869869,0.880578,0.080000
509.000000,0.879884,0.874524,0.867855,0.869842,0.883155,0.140000
510.000000,0.882832,0.877245,0.869140,0.870094,0.891160,0.227300
511.000000,0.885553,0.880193,0.870710,0.870371,0.893427,0.125000
512.000000,0.888501,0.882536,0.872713,0.870773,0.894183,0.136500
513.000000,0.890844,0.884690,0.874641,0.871252,0.892294,0.250000
514.000000,0.892672,0.886278,0.876511,0.871857,0.892294,0.130000
515.000000,0.892898,0.887865,0.878042,0.872688,0.892290,0.140000
516.000000,0.894258,0.889905,0.879856,0.873734,0.900230,0.290000
517.000000,0.895921,0.892211,0.881651,0.874842,0.902498,0.260000
518.000000,0.898793,0.894819,0.883598,0.876215,0.906655,0.230000
519.000000,0.902043,0.897358,0.885941,0.877689,0.908545,0.220000
520.000000,0.905748,0.899323,0.888284,0.879201,0.910812,0.200000
521.000000,0.908242,0.901250,0.890722,0.880890,0.912702,0.150000
522.000000,0.909905,0.902913,0.892725,0.882780,0.910812,0.100000
523.000000,0.910888,0.904841,0.894765,0.884707,0.911568,0.210000
524.000000,0.910812,0.906428,0.896353,0.886484,0.908167,0.140000
525.000000,0.910963,0.908356,0.898110,0.888147,0.911568,0.160000
526.000000,0.909149,0.908696,0.899301,0.889469,0.903632,0.250000
527.000000,0.908242,0.909074,0.900642,0.890792,0.906277,0.190000
528.000000,0.905824,0.908356,0.901587,0.891850,0.899474,0.180000
529.000000,0.904916,0.907864,0.902611,0.893249,0.903632,0.149900
530.000000,0.902951,0.906957,0.903140,0.894508,0.901742,0.070000
531.000000,0.903329,0.906239,0.903745,0.895894,0.905521,0.120000
532.000000,0.903480,0.905861,0.904387,0.897104,0.907033,0.110000
533.000000,0.904841,0.905332,0.905086,0.898288,0.906277,0.085000
534.000000,0.903934,0.904425,0.905427,0.899044,0.899096,0.300000
535.000000,0.900986,0.901969,0.905162,0.899396,0.887003,0.490000
536.000000,0.896602,0.899966,0.904331,0.899522,0.883601,0.310000
537.000000,0.892596,0.898038,0.903556,0.899774,0.887003,0.230000
538.000000,0.889875,0.897358,0.902857,0.900177,0.892672,0.190000
539.000000,0.889875,0.896904,0.902384,0.900709,0.899096,0.205000
540.000000,0.890555,0.895771,0.901364,0.900684,0.890404,0.310000
541.000000,0.892672,0.894637,0.900438,0.900709,0.894183,0.139900
542.000000,0.894259,0.893427,0.899644,0.900734,0.894939,0.200000
543.000000,0.895166,0.892520,0.898926,0.900898,0.897207,0.139900
544.000000,0.895014,0.892444,0.898435,0.901099,0.898337,0.120000
545.000000,0.897584,0.894070,0.898019,0.901465,0.903254,0.180000
546.000000,0.899700,0.896186,0.898076,0.901616,0.904765,0.160000
547.000000,0.898340,0.896299,0.897169,0.901137,0.888136,0.440000
548.000000,0.895241,0.895203,0.896281,0.900306,0.881712,0.287500
549.000000,0.893201,0.894107,0.895506,0.899625,0.888136,0.210000
550.000000,0.890523,0.894053,0.894912,0.898927,0.889864,0.100000
551.000000,0.888179,0.893940,0.894288,0.898272,0.893049,0.134300
552.000000,0.889162,0.893751,0.893589,0.897680,0.893049,0.100000
553.000000,0.892110,0.893675,0.893098,0.897176,0.896451,0.149900
554.000000,0.894000,0.893600,0.893022,0.896823,0.897585,0.100000
555.000000,0.895952,0.893237,0.893653,0.896425,0.899625,0.120700
556.000000,0.897464,0.892822,0.894504,0.896324,0.900608,0.080000
557.000000,0.900260,0.894711,0.895505,0.896350,0.907033,0.219900
558.000000,0.902679,0.897395,0.896299,0.896652,0.908545,0.120000
559.000000,0.904871,0.899435,0.896771,0.896816,0.908545,0.083600
560.000000,0.906201,0.901077,0.897565,0.896967,0.906277,0.110000
561.000000,0.907864,0.902664,0.898302,0.897080,0.908923,0.140000
562.000000,0.908016,0.904138,0.898944,0.897105,0.907789,0.080000
563.000000,0.908469,0.905574,0.899625,0.897257,0.910812,0.089000
564.000000,0.909225,0.907048,0.900324,0.897698,0.912324,0.120000
565.000000,0.910434,0.908318,0.900778,0.898542,0.912324,0.119900
566.000000,0.911266,0.909565,0.901193,0.899524,0.913080,0.150000
567.000000,0.912543,0.910279,0.902495,0.900430,0.914176,0.090000
568.000000,0.914735,0.911602,0.904498,0.901400,0.921772,0.261000
569.000000,0.917229,0.913227,0.906331,0.902257,0.924796,0.190000
570.000000,0.919799,0.915116,0.908097,0.903415,0.925170,0.090000
571.000000,0.922898,0.917082,0.909873,0.904562,0.928575,0.200100
572.000000,0.925173,0.918858,0.911498,0.905582,0.925551,0.089900
573.000000,0.927214,0.920974,0.913274,0.906741,0.931976,0.190000
574.000000,0.929330,0.923280,0.915164,0.907976,0.935378,0.100000
575.000000,0.930616,0.925207,0.916763,0.908921,0.931598,0.140000
576.000000,0.930087,0.926492,0.918029,0.909626,0.925929,0.210000
577.000000,0.930843,0.928008,0.919143,0.910999,0.929331,0.179900
578.000000,0.930465,0.928839,0.920221,0.912612,0.930087,0.180000
579.000000,0.929482,0.929406,0.921317,0.914023,0.930465,0.080000
580.000000,0.929331,0.929973,0.922545,0.915389,0.930843,0.130000
581.000000,0.931069,0.930578,0.923830,0.916775,0.934622,0.120000
582.000000,0.932127,0.931485,0.925171,0.918160,0.934622,0.137000
583.000000,0.932505,0.931485,0.926230,0.919344,0.931976,0.130000
584.000000,0.932052,0.930767,0.927023,0.920365,0.928197,0.155200
585.000000,0.930313,0.929822,0.927515,0.921116,0.922150,0.170000
586.000000,0.927139,0.929104,0.927798,0.921720,0.918749,0.210000
587.000000,0.924115,0.928121,0.928065,0.922136,0.919505,0.260000
588.000000,0.920790,0.926647,0.927743,0.922363,0.915347,0.280000
589.000000,0.914289,0.923171,0.926288,0.921935,0.895695,0.600000
590.000000,0.909830,0.920072,0.925022,0.921720,0.899852,0.410000
591.000000,0.908923,0.918031,0.924304,0.921897,0.914214,0.490000
592.000000,0.904841,0.914478,0.922982,0.921607,0.899096,0.520000
593.000000,0.902422,0.911606,0.921545,0.921355,0.903254,0.500000
594.000000,0.905068,0.909678,0.920223,0.921242,0.908923,0.150000
595.000000,0.907486,0.908658,0.919240,0.921229,0.911946,0.330000
596.000000,0.907713,0.908318,0.918711,0.921305,0.915347,0.138900
597.000000,0.910963,0.907902,0.918012,0.921344,0.915347,0.120000
598.000000,0.913231,0.907827,0.917237,0.921104,0.914592,0.140000
599.000000,0.915272,0.910170,0.916670,0.920915,0.919127,0.150000
600.000000,0.917917,0.912702,0.916387,0.920916,0.925174,0.240000
601.000000,0.919958,0.913836,0.915933,0.920815,0.925551,0.090000
602.000000,0.922301,0.916632,0.915555,0.920865,0.927063,0.110000
603.000000,0.923208,0.918220,0.914913,0.920437,0.919127,0.370000
604.000000,0.922301,0.918787,0.914232,0.919744,0.914592,0.266000
605.000000,0.919353,0.918635,0.913647,0.919038,0.910434,0.230000
606.000000,0.916406,0.918182,0.913250,0.918535,0.910812,0.080000
607.000000,0.912324,0.917313,0.912607,0.917779,0.906655,0.162100
608.000000,0.908393,0.915801,0.911814,0.916758,0.899474,0.230000
609.000000,0.904690,0.913496,0.911833,0.915612,0.896073,0.164000
610.000000,0.902044,0.910699,0.911700,0.914491,0.897207,0.220000
611.000000,0.898870,0.907638,0.910737,0.913168,0.894939,0.060000
612.000000,0.895468,0.903896,0.910264,0.911669,0.889648,0.170000
613.000000,0.892974,0.900684,0.909452,0.910170,0.887003,0.130000
614.000000,0.891991,0.898341,0.908564,0.908935,0.891160,0.130000
615.000000,0.891009,0.896526,0.907581,0.907940,0.892294,0.110000
616.000000,0.890668,0.894769,0.906475,0.907089,0.893235,0.160000
617.000000,0.891348,0.893408,0.905360,0.906208,0.893049,0.150000
618.000000,0.892331,0.892652,0.904227,0.905427,0.891916,0.090000
619.000000,0.891499,0.891745,0.902620,0.905137,0.887003,0.210000
620.000000,0.890592,0.890800,0.900750,0.904734,0.887758,0.090000
621.000000,0.889346,0.890007,0.898822,0.903827,0.887003,0.090000
622.000000,0.887607,0.889478,0.896687,0.903335,0.884357,0.109000
623.000000,0.885793,0.889062,0.894873,0.902655,0.882845,0.142000
624.000000,0.883875,0.887687,0.893014,0.901605,0.877411,0.280000
625.000000,0.881532,0.886062,0.891294,0.900408,0.876043,0.196200
626.000000,0.878735,0.884040,0.889405,0.898997,0.873019,0.110000
627.000000,0.876921,0.882264,0.887836,0.897662,0.875287,0.119900
628.000000,0.875636,0.880715,0.886683,0.896389,0.876421,0.110000
629.000000,0.875740,0.879808,0.885776,0.895016,0.877932,0.150000
630.000000,0.875816,0.878674,0.884737,0.893391,0.876421,0.110000
631.000000,0.878083,0.878409,0.884208,0.892018,0.884357,0.230000
632.000000,0.879293,0.878107,0.883792,0.890494,0.881334,0.530000
633.000000,0.881334,0.878485,0.883773,0.889410,0.886625,0.170000
634.000000,0.883299,0.879520,0.883603,0.888516,0.887758,0.090000
635.000000,0.885189,0.880502,0.883282,0.887697,0.885869,0.069900
636.000000,0.886171,0.882127,0.883084,0.886979,0.889270,0.090000
637.000000,0.888968,0.884130,0.883197,0.886601,0.895317,0.190000
638.000000,0.892596,0.886965,0.883840,0.886777,0.904765,0.260000
639.000000,0.896904,0.890102,0.884955,0.887218,0.909300,0.160000
640.000000,0.900759,0.892974,0.885824,0.887483,0.905143,0.180000
641.000000,0.904009,0.895090,0.886750,0.887835,0.905521,0.100000
642.000000,0.904881,0.896924,0.887516,0.888170,0.899675,0.180000
643.000000,0.903445,0.898020,0.888253,0.888522,0.897585,0.095300
644.000000,0.902256,0.899580,0.889550,0.888929,0.903356,0.180000
645.000000,0.901576,0.901167,0.890835,0.889244,0.901742,0.112700
646.000000,0.900895,0.902452,0.892290,0.889540,0.902120,0.190000
647.000000,0.902140,0.903511,0.893820,0.889968,0.905899,0.120000
648.000000,0.905693,0.904569,0.895767,0.890749,0.915347,0.260000
649.000000,0.907940,0.905098,0.897600,0.891669,0.914592,0.149900
650.000000,0.911039,0.906307,0.899641,0.892652,0.917237,0.140000
651.000000,0.914013,0.907454,0.901272,0.893651,0.916991,0.110000
652.000000,0.915676,0.908908,0.902916,0.894646,0.914214,0.105000
653.000000,0.916281,0.910987,0.904504,0.895831,0.918371,0.200000
654.000000,0.917566,0.912753,0.906167,0.897284,0.921016,0.070000
655.000000,0.918851,0.914945,0.908056,0.898871,0.923662,0.110000
656.000000,0.920638,0.917326,0.909889,0.900635,0.925929,0.119900
657.000000,0.922755,0.919215,0.911363,0.902285,0.924796,0.090000
658.000000,0.923813,0.920047,0.912308,0.903860,0.923662,0.159900
659.000000,0.925400,0.921483,0.913290,0.905561,0.928953,0.140000
660.000000,0.925551,0.922201,0.914254,0.907161,0.924418,0.140000
661.000000,0.924569,0.922604,0.915029,0.908383,0.921016,0.150000
662.000000,0.924191,0.923473,0.916191,0.909768,0.922906,0.159900
663.000000,0.923208,0.923511,0.917249,0.910839,0.918749,0.140000
664.000000,0.920895,0.923148,0.917950,0.911827,0.917388,0.129900
665.000000,0.916662,0.921107,0.918026,0.912406,0.903250,0.854000
666.000000,0.914319,0.919444,0.918385,0.913074,0.909300,0.320100
667.000000,0.912656,0.918423,0.918819,0.913716,0.914592,0.203000
668.000000,0.911824,0.917516,0.918782,0.914044,0.914592,0.359900
669.000000,0.909149,0.915022,0.918253,0.913868,0.904009,0.430000
670.000000,0.908469,0.912565,0.917383,0.913691,0.899852,0.220300
671.000000,0.906277,0.910298,0.916451,0.913452,0.898341,0.090000
672.000000,0.902876,0.907766,0.915619,0.913382,0.897585,0.120000
673.000000,0.899852,0.905838,0.914674,0.913445,0.899474,0.150000
674.000000,0.899096,0.904122,0.913635,0.913341,0.900230,0.085000
675.000000,0.897736,0.903102,0.912105,0.913051,0.893049,0.230000
676.000000,0.896995,0.901636,0.910540,0.912802,0.894637,0.122000
677.000000,0.897524,0.900200,0.909312,0.912613,0.900230,0.249900
678.000000,0.897373,0.898613,0.908064,0.912059,0.898718,0.070000
679.000000,0.896239,0.897668,0.906345,0.911391,0.894561,0.230000
680.000000,0.896647,0.897192,0.904879,0.910653,0.895090,0.159900
681.000000,0.896330,0.896662,0.903480,0.909855,0.893049,0.130000
682.000000,0.895498,0.896511,0.902139,0.909250,0.896073,0.209200
683.000000,0.896406,0.896889,0.901364,0.908746,0.903254,0.230000
684.000000,0.898295,0.897267,0.900695,0.908179,0.904009,0.125200
685.000000,0.899701,0.898174,0.900638,0.907461,0.902120,0.060100
686.000000,0.903102,0.899716,0.900676,0.906932,0.910056,0.240000
687.000000,0.906806,0.901152,0.900676,0.906592,0.914592,0.160000
688.000000,0.909452,0.902929,0.900771,0.906353,0.916481,0.140000
689.000000,0.910434,0.904365,0.901016,0.905685,0.908923,0.310000
690.000000,0.911492,0.905597,0.901394,0.905118,0.907411,0.120000
691.000000,0.911039,0.907071,0.901867,0.904677,0.907789,0.100000
692.000000,0.909300,0.908053,0.902282,0.904110,0.905899,0.180000
693.000000,0.906679,0.908065,0.902477,0.903598,0.903375,0.100000
694.000000,0.907586,0.909010,0.903139,0.903467,0.913458,0.276800
695.000000,0.909228,0.910360,0.904267,0.903879,0.915619,0.130000
696.000000,0.910740,0.910889,0.905303,0.904081,0.915347,0.157600
697.000000,0.913234,0.911267,0.906210,0.904206,0.918371,0.150000
698.000000,0.916686,0.911683,0.907306,0.904408,0.920635,0.120000
699.000000,0.919180,0.913383,0.908874,0.905139,0.925929,0.150000
700.000000,0.920940,0.915084,0.910340,0.905957,0.924418,0.108000
701.000000,0.923208,0.916974,0.912022,0.906902,0.926685,0.170000
702.000000,0.926911,0.920073,0.914063,0.908212,0.936889,0.300100
703.000000,0.930162,0.923424,0.915745,0.909460,0.936889,0.090000
704.000000,0.931979,0.925580,0.917295,0.910619,0.935015,0.110000
705.000000,0.934927,0.927934,0.919147,0.912156,0.939157,0.130000
706.000000,0.937573,0.930390,0.920640,0.913665,0.939913,0.090000
707.000000,0.938102,0.932507,0.921887,0.914975,0.939535,0.110000
708.000000,0.938858,0.934510,0.923096,0.916374,0.940669,0.119400
709.000000,0.939459,0.935719,0.924551,0.917822,0.938023,0.140000
710.000000,0.938628,0.936778,0.925931,0.919153,0.935000,0.180000
711.000000,0.938628,0.938100,0.927537,0.920715,0.939913,0.178200
712.000000,0.938703,0.938403,0.929238,0.922176,0.939913,0.150000
713.000000,0.939081,0.938969,0.931197,0.923486,0.942555,0.130100
714.000000,0.940592,0.940026,0.932803,0.924872,0.945582,0.130000
715.000000,0.942331,0.940479,0.934206,0.926258,0.943692,0.110000
716.000000,0.943843,0.941235,0.935813,0.927505,0.947471,0.480000
717.000000,0.946412,0.942558,0.937532,0.928777,0.952759,0.230000
718.000000,0.947093,0.943087,0.938798,0.929760,0.945960,0.236300
719.000000,0.946186,0.943389,0.939554,0.930831,0.941047,0.190000
720.000000,0.945505,0.943918,0.940348,0.931927,0.940291,0.080000
721.000000,0.944780,0.944311,0.941206,0.933128,0.943843,0.148000
722.000000,0.943564,0.944988,0.941695,0.934488,0.946678,0.230000
723.000000,0.943639,0.945366,0.942168,0.935920,0.946338,0.084600
724.000000,0.944243,0.945214,0.942620,0.936940,0.944066,0.180000
725.000000,0.944697,0.945101,0.942790,0.937838,0.942558,0.070000
726.000000,0.944515,0.944648,0.942941,0.938758,0.942936,0.095000
727.000000,0.944145,0.943854,0.943206,0.939639,0.944826,0.140000
728.000000,0.944145,0.943892,0.943489,0.940496,0.946338,0.100000
729.000000,0.944675,0.944459,0.943924,0.941189,0.946716,0.077000
730.000000,0.945809,0.945253,0.944585,0.941983,0.948227,0.090000
731.000000,0.945128,0.944821,0.944566,0.942411,0.939531,0.290000
732.000000,0.944750,0.944447,0.944717,0.942613,0.942936,0.140000
733.000000,0.943767,0.943956,0.944661,0.942764,0.941425,0.150000
734.000000,0.942784,0.943730,0.944472,0.942990,0.941803,0.095000
735.000000,0.940592,0.943200,0.944151,0.942927,0.937267,0.230000
736.000000,0.939762,0.942445,0.943546,0.942776,0.935378,0.150000
737.000000,0.938668,0.941709,0.942782,0.942707,0.937468,0.140000
738.000000,0.937685,0.940726,0.942309,0.942568,0.936511,0.120000
739.000000,0.936400,0.939592,0.942026,0.942480,0.935378,0.150000
740.000000,0.936476,0.938534,0.941893,0.942568,0.937645,0.121400
741.000000,0.937081,0.938421,0.941621,0.942518,0.938401,0.079900
742.000000,0.936663,0.937665,0.941056,0.942367,0.935378,0.160000
743.000000,0.931750,0.934717,0.939337,0.941346,0.911946,0.670000
744.000000,0.928877,0.932639,0.938184,0.940528,0.921016,0.370000
745.000000,0.926534,0.931505,0.937353,0.939936,0.925929,0.280000
746.000000,0.926610,0.931845,0.937145,0.939646,0.938779,0.360000
747.000000,0.926912,0.931787,0.936748,0.939117,0.936889,0.110000
748.000000,0.933412,0.932581,0.936654,0.939066,0.944448,0.200000
749.000000,0.937570,0.933223,0.936408,0.939092,0.941803,0.570000
750.000000,0.941500,0.934017,0.936276,0.939268,0.945582,0.130000
751.000000,0.943012,0.934811,0.936616,0.939351,0.946338,0.080000
752.000000,0.945128,0.936020,0.936843,0.939378,0.947471,0.098000
753.000000,0.946262,0.939837,0.937277,0.939504,0.950117,0.080000
754.000000,0.948681,0.943125,0.937882,0.939831,0.953896,0.240000
755.000000,0.950419,0.945960,0.938732,0.940222,0.954274,0.071400
756.000000,0.952309,0.947660,0.939753,0.940650,0.955786,0.210000
757.000000,0.955484,0.950306,0.941047,0.941267,0.963345,0.300000
758.000000,0.958129,0.952196,0.942388,0.941834,0.963345,0.210000
759.000000,0.959490,0.954085,0.943654,0.942300,0.960699,0.176000
760.000000,0.960699,0.955559,0.944788,0.942703,0.960321,0.133900
761.000000,0.960691,0.956500,0.945656,0.943244,0.955748,0.220000
762.000000,0.959331,0.957407,0.946714,0.943698,0.956542,0.130000
763.000000,0.958122,0.958125,0.948981,0.944227,0.957298,0.172000
764.000000,0.957139,0.958314,0.950720,0.944693,0.955786,0.210000
765.000000,0.954796,0.957747,0.951854,0.945071,0.948605,0.289000
766.000000,0.951840,0.956266,0.951963,0.945257,0.940971,0.290000
767.000000,0.947003,0.953167,0.951736,0.945087,0.932354,0.408000
768.000000,0.942543,0.950332,0.951264,0.945036,0.935000,0.310000
769.000000,0.940200,0.948669,0.951377,0.945326,0.944070,0.260000
770.000000,0.937857,0.946326,0.950943,0.945301,0.936889,0.230000
771.000000,0.937948,0.944894,0.950697,0.945402,0.941425,0.190000
772.000000,0.941425,0.944214,0.950810,0.945880,0.949739,0.231000
773.000000,0.946262,0.944403,0.951264,0.947455,0.959187,0.280000
774.000000,0.948832,0.944516,0.951415,0.948652,0.956920,0.110000
775.000000,0.952762,0.945310,0.951529,0.949672,0.956542,0.130600
776.000000,0.955635,0.946791,0.951529,0.950239,0.955786,0.118700
777.000000,0.956239,0.948832,0.950999,0.950768,0.952762,0.104500
778.000000,0.955408,0.950835,0.950584,0.951121,0.955030,0.143100
779.000000,0.954501,0.951666,0.950168,0.951474,0.952385,0.149900
780.000000,0.952460,0.952611,0.949469,0.951499,0.946338,0.389900
781.000000,0.948908,0.952271,0.948583,0.951222,0.938023,0.430000
782.000000,0.948001,0.952120,0.948167,0.951247,0.948227,0.270000
783.000000,0.940820,0.948114,0.946258,0.950214,0.919127,0.850000
784.000000,0.934697,0.944599,0.944558,0.949143,0.921772,0.529900
785.000000,0.933790,0.943125,0.944217,0.948727,0.941803,0.600000
786.000000,0.935302,0.942105,0.944448,0.948387,0.945582,0.265100
787.000000,0.935604,0.941803,0.945317,0.947934,0.949739,0.152400
788.000000,0.942634,0.941727,0.946281,0.947631,0.954274,0.268900
789.000000,0.949210,0.941954,0.946810,0.947430,0.954652,0.170000
790.000000,0.951629,0.942710,0.947660,0.947216,0.953896,0.148500
791.000000,0.953670,0.944486,0.948378,0.947217,0.955786,0.180000
792.000000,0.953972,0.944788,0.948454,0.947041,0.951251,0.290000
793.000000,0.952611,0.947623,0.947868,0.946713,0.947471,0.130000
794.000000,0.949890,0.949550,0.947075,0.946222,0.941047,0.260000
795.000000,0.949739,0.950684,0.946905,0.946373,0.953140,0.360000
796.000000,0.948227,0.950948,0.946527,0.946615,0.948227,0.180000
797.000000,0.947241,0.950606,0.946204,0.947080,0.946319,0.170000
798.000000,0.948072,0.950342,0.946034,0.947635,0.951629,0.180000
799.000000,0.949735,0.949813,0.945883,0.947811,0.949361,0.120000
800.000000,0.948488,0.949114,0.945912,0.948145,0.946905,0.100000
801.000000,0.948443,0.948335,0.946410,0.948364,0.948001,0.105000
802.000000,0.948976,0.948108,0.946448,0.948339,0.948983,0.105800
803.000000,0.949200,0.948636,0.948129,0.948124,0.952751,0.120000
804.000000,0.949880,0.949808,0.949679,0.947986,0.952762,0.060000
805.000000,0.950598,0.949543,0.950114,0.947784,0.950495,0.080000
806.000000,0.951707,0.950075,0.950512,0.947709,0.953541,0.129800
807.000000,0.952765,0.950870,0.950738,0.947760,0.954274,0.058900
808.000000,0.953289,0.951245,0.950793,0.947771,0.955374,0.096600
809.000000,0.954348,0.952114,0.950963,0.947960,0.958054,0.070900
810.000000,0.955557,0.953078,0.951096,0.948300,0.956542,0.100000
811.000000,0.956535,0.954121,0.951228,0.948981,0.958431,0.120000
812.000000,0.957366,0.955066,0.951587,0.949321,0.958431,0.100000
813.000000,0.958280,0.955785,0.952211,0.950681,0.959943,0.138200
814.000000,0.959187,0.956767,0.953288,0.952042,0.962589,0.100000
815.000000,0.960397,0.957977,0.953760,0.952735,0.962589,0.117500
816.000000,0.961304,0.958919,0.954497,0.953314,0.962967,0.050000
817.000000,0.960548,0.958957,0.954914,0.953478,0.954652,0.220000
818.000000,0.959338,0.958809,0.955027,0.953465,0.953896,0.150000
819.000000,0.957977,0.958582,0.955348,0.953503,0.955782,0.179900
820.000000,0.956465,0.958431,0.955754,0.953541,0.955030,0.070000
821.000000,0.954727,0.958015,0.956068,0.953490,0.954274,0.190000
822.000000,0.954878,0.957713,0.956389,0.953629,0.955408,0.069900
823.000000,0.955936,0.957637,0.956711,0.954019,0.959187,0.120000
824.000000,0.956920,0.957448,0.957108,0.954675,0.960699,0.090000
825.000000,0.958583,0.957524,0.957750,0.955015,0.963345,0.090000
826.000000,0.959716,0.957222,0.958071,0.955405,0.959943,0.120000
827.000000,0.961530,0.958204,0.958581,0.956011,0.964478,0.170000
828.000000,0.962815,0.959376,0.959093,0.956477,0.965612,0.089000
829.000000,0.963949,0.960434,0.959508,0.957044,0.966368,0.070000
830.000000,0.964478,0.961530,0.959981,0.957680,0.965990,0.070000
831.000000,0.965460,0.962588,0.960302,0.958241,0.964852,0.116000
832.000000,0.965914,0.963722,0.960718,0.958834,0.966746,0.070100
833.000000,0.965309,0.964062,0.960850,0.959161,0.962589,0.120000
834.000000,0.965157,0.964553,0.961001,0.959590,0.965608,0.100000
835.000000,0.965308,0.964893,0.961209,0.960131,0.966746,0.080000
836.000000,0.965535,0.965498,0.961360,0.960546,0.965986,0.120000
837.000000,0.965837,0.965876,0.962040,0.961012,0.968258,0.120000
838.000000,0.967198,0.966253,0.962815,0.961480,0.969391,0.150000
839.000000,0.967955,0.966556,0.963495,0.961858,0.969391,0.080000
840.000000,0.968181,0.966745,0.964138,0.962235,0.967880,0.110000
841.000000,0.968182,0.966859,0.964723,0.962487,0.965990,0.080000
842.000000,0.968560,0.967199,0.965460,0.962878,0.970147,0.140000
843.000000,0.969013,0.968106,0.966084,0.963268,0.971659,0.089900
844.000000,0.969769,0.968862,0.966707,0.963621,0.973167,0.290000
845.000000,0.970676,0.969428,0.967161,0.963949,0.972415,0.070000
846.000000,0.971356,0.969769,0.967633,0.964163,0.969391,0.120000
847.000000,0.971431,0.969996,0.967936,0.964692,0.970525,0.074000
848.000000,0.972036,0.970525,0.968389,0.965385,0.974682,0.130000
849.000000,0.972793,0.971281,0.968918,0.966090,0.976950,0.109900
850.000000,0.972868,0.971772,0.969258,0.966682,0.972793,0.160000
851.000000,0.972415,0.971885,0.969372,0.967111,0.967124,0.180000
852.000000,0.971735,0.971583,0.969391,0.967501,0.967124,0.070000
853.000000,0.971508,0.971772,0.969939,0.967980,0.973549,0.200000
854.000000,0.971054,0.971924,0.970393,0.968446,0.974682,0.089900
855.000000,0.971432,0.972150,0.970789,0.968824,0.974682,0.070000
856.000000,0.970676,0.971546,0.970657,0.968937,0.963345,0.340000
857.000000,0.969694,0.970714,0.970355,0.968862,0.962211,0.130000
858.000000,0.967275,0.969391,0.969958,0.968723,0.961455,0.108000
859.000000,0.964478,0.967766,0.969524,0.968534,0.960699,0.120000
860.000000,0.962362,0.966897,0.969335,0.968471,0.964100,0.109900
861.000000,0.964252,0.967464,0.969675,0.968736,0.972793,0.265300
862.000000,0.964554,0.967124,0.969353,0.968635,0.963722,0.260000
863.000000,0.965461,0.966368,0.969070,0.968749,0.965990,0.080000
864.000000,0.965007,0.964743,0.968333,0.968509,0.958431,0.220000
865.000000,0.964327,0.963345,0.967747,0.968308,0.960699,0.260000
866.000000,0.961757,0.963004,0.967275,0.968106,0.959943,0.120000
867.000000,0.961153,0.962853,0.966784,0.967854,0.960699,0.043000
868.000000,0.959943,0.962702,0.966047,0.967539,0.959943,0.117900
869.000000,0.960623,0.962815,0.965291,0.967287,0.961833,0.170000
870.000000,0.960472,0.962400,0.964648,0.967023,0.959943,0.119900
871.000000,0.961309,0.961533,0.964499,0.966961,0.964127,0.150000
872.000000,0.962821,0.961987,0.964555,0.966898,0.968258,0.159300
873.000000,0.964408,0.962176,0.964272,0.966772,0.967880,0.140000
874.000000,0.965995,0.963309,0.964026,0.966659,0.969769,0.100000
875.000000,0.968187,0.964330,0.963837,0.966608,0.970903,0.090000
876.000000,0.969467,0.965388,0.964196,0.966646,0.970525,0.540000
877.000000,0.969845,0.966333,0.964593,0.966633,0.970147,0.244000
878.000000,0.971281,0.967845,0.965273,0.966646,0.975060,0.150000
879.000000,0.972339,0.969167,0.965991,0.966583,0.975060,0.086000
880.000000,0.973549,0.970868,0.966634,0.966722,0.976950,0.230000
881.000000,0.974909,0.972188,0.966861,0.967062,0.977328,0.190000
882.000000,0.976270,0.973057,0.967522,0.967389,0.976950,0.157500
883.000000,0.976232,0.973757,0.967966,0.967433,0.974871,0.080000
884.000000,0.976459,0.974399,0.968854,0.967484,0.976194,0.090000
885.000000,0.977063,0.975306,0.969818,0.967660,0.979973,0.180000
886.000000,0.977366,0.976137,0.970763,0.968177,0.978840,0.070000
887.000000,0.977593,0.976931,0.971632,0.968706,0.978084,0.080000
888.000000,0.977933,0.977082,0.972463,0.969210,0.976572,0.134000
889.000000,0.978159,0.977309,0.973238,0.969764,0.977328,0.060000
890.000000,0.978235,0.977649,0.974259,0.970306,0.980351,0.113000
891.000000,0.978991,0.978178,0.975183,0.970633,0.982619,0.130000
892.000000,0.979520,0.978556,0.975807,0.971200,0.980729,0.180000
893.000000,0.980245,0.979089,0.976423,0.971674,0.980196,0.160000
894.000000,0.980774,0.979467,0.976933,0.972392,0.979973,0.094600
895.000000,0.981076,0.979656,0.977481,0.973097,0.981863,0.070000
896.000000,0.981605,0.980298,0.978218,0.973941,0.985264,0.099000
897.000000,0.983116,0.981318,0.979125,0.974861,0.988284,0.139900
898.000000,0.984357,0.982301,0.979692,0.975743,0.986398,0.079900
899.000000,0.985642,0.983208,0.980258,0.976561,0.986398,0.079000
900.000000,0.987078,0.984077,0.980863,0.977531,0.989044,0.190000
901.000000,0.987985,0.984795,0.981487,0.978387,0.989800,0.140000
902.000000,0.988061,0.985589,0.982072,0.979067,0.988666,0.109900
903.000000,0.989044,0.986700,0.982894,0.979849,0.991311,0.150000
904.000000,0.990329,0.987985,0.983726,0.980617,0.992823,0.110000
905.000000,0.991009,0.989043,0.984350,0.981335,0.992445,0.125000
906.000000,0.992596,0.990291,0.985294,0.982242,0.997736,0.140000
907.000000,0.994637,0.991349,0.986334,0.983199,0.998870,0.129000
908.000000,0.995847,0.992445,0.987373,0.983943,0.997358,0.110000
909.000000,0.996451,0.993390,0.988299,0.984636,0.995847,0.104000
910.000000,0.997962,0.994486,0.989281,0.985404,1.000000,0.200000
911.000000,0.996980,0.994788,0.989792,0.985920,0.992823,0.189900
912.000000,0.994939,0.994788,0.990188,0.986311,0.988666,0.140000
913.000000,0.994107,0.994977,0.990839,0.986922,0.993201,0.130000
914.000000,0.993125,0.994788,0.991387,0.987413,0.990933,0.090000
915.000000,0.991010,0.994486,0.991765,0.987728,0.989426,0.089900
916.000000,0.990859,0.993919,0.992105,0.988169,0.992067,0.130000
917.000000,0.991614,0.993277,0.992313,0.988648,0.992445,0.069900
918.000000,0.991689,0.992898,0.992672,0.989215,0.993575,0.040000
919.000000,0.992294,0.992709,0.993050,0.989769,0.993957,0.049900
920.000000,0.993654,0.992332,0.993409,0.990298,0.996224,0.110000
921.000000,0.992066,0.991463,0.993125,0.990349,0.984131,0.410000
922.000000,0.989950,0.990782,0.992785,0.990386,0.981863,0.129000
923.000000,0.988137,0.989913,0.992445,0.990530,0.984509,0.280000
924.000000,0.986322,0.989308,0.992048,0.990694,0.984883,0.070000
925.000000,0.984432,0.989043,0.991765,0.990857,0.986776,0.090000
926.000000,0.985339,0.988703,0.991311,0.990971,0.988666,0.110000
927.000000,0.985490,0.987720,0.990498,0.990782,0.982619,0.175000
928.000000,0.985415,0.986776,0.989837,0.990706,0.984131,0.069900
929.000000,0.979596,0.982959,0.987834,0.989686,0.955786,0.780000
930.000000,0.974002,0.979217,0.985775,0.988678,0.958809,0.290000
931.000000,0.967804,0.976572,0.984017,0.987607,0.957676,0.160000
932.000000,0.962891,0.974191,0.982487,0.986587,0.958054,0.290000
933.000000,0.958507,0.971961,0.980937,0.985617,0.962211,0.130000
934.000000,0.958734,0.969165,0.979236,0.984420,0.956920,0.260000
935.000000,0.958480,0.966241,0.977642,0.983257,0.957540,0.129900
936.000000,0.959614,0.963709,0.976206,0.982110,0.963345,0.203600
937.000000,0.961012,0.961951,0.974836,0.980983,0.965045,0.150000
938.000000,0.962448,0.960478,0.973627,0.980051,0.969391,0.195000
939.000000,0.965320,0.962027,0.972493,0.979232,0.971281,0.060000
940.000000,0.966255,0.962367,0.970792,0.977972,0.962211,0.300000
941.000000,0.965704,0.962659,0.969615,0.976898,0.960593,0.150000
942.000000,0.964382,0.962697,0.968444,0.975890,0.958431,0.160000
943.000000,0.960602,0.961525,0.966743,0.974466,0.950495,0.380000
944.000000,0.956218,0.960769,0.964967,0.973081,0.949361,0.180000
945.000000,0.953497,0.959876,0.963058,0.971720,0.948605,0.160000
946.000000,0.950193,0.957948,0.960829,0.970120,0.944070,0.180000
947.000000,0.949210,0.956796,0.959374,0.968823,0.953518,0.260000
948.000000,0.949663,0.955133,0.957805,0.967462,0.952762,0.150000
949.000000,0.950419,0.953319,0.957673,0.966102,0.953140,0.080000
950.000000,0.951326,0.952412,0.957389,0.964665,0.953140,0.124800
951.000000,0.952233,0.951213,0.956936,0.963481,0.948605,0.190000
952.000000,0.951478,0.950344,0.956520,0.962410,0.949739,0.160000
953.000000,0.951402,0.950533,0.956029,0.961340,0.952385,0.230000
954.000000,0.951251,0.950835,0.955802,0.960256,0.952385,0.224400
955.000000,0.951704,0.951515,0.955696,0.959211,0.955408,0.130000
956.000000,0.954501,0.953367,0.955658,0.958341,0.962589,0.260000
957.000000,0.956542,0.954010,0.955403,0.957586,0.959943,0.160000
958.000000,0.958507,0.954954,0.955044,0.956855,0.962211,0.140000
959.000000,0.961606,0.956428,0.954874,0.957258,0.967880,0.177600
960.000000,0.964176,0.957940,0.955176,0.957573,0.968258,0.130000
961.000000,0.964856,0.959679,0.955446,0.957850,0.965990,0.100000
962.000000,0.965990,0.961266,0.955805,0.958102,0.965612,0.130600
963.000000,0.966066,0.962286,0.956410,0.958115,0.962589,0.200000
964.000000,0.963798,0.962702,0.956769,0.958102,0.956542,0.219000
965.000000,0.961757,0.962967,0.957241,0.958119,0.958054,0.096000
966.000000,0.958961,0.961908,0.957638,0.957741,0.952007,0.250000
967.000000,0.955559,0.960775,0.957392,0.957193,0.948605,0.210000
968.000000,0.952007,0.959036,0.956995,0.956374,0.944826,0.100000
969.000000,0.950267,0.957033,0.956731,0.955593,0.947846,0.110000
970.000000,0.947861,0.954809,0.956375,0.955054,0.946024,0.185000
971.000000,0.946652,0.952806,0.956242,0.954566,0.945960,0.140000
972.000000,0.945065,0.950312,0.955789,0.953974,0.940669,0.243000
973.000000,0.940076,0.946041,0.954164,0.952953,0.919883,0.619900
974.000000,0.933199,0.941733,0.952218,0.951757,0.913458,0.865000
975.000000,0.919883,0.933872,0.948419,0.949451,0.879444,1.160000
976.000000,0.912097,0.929375,0.945642,0.948217,0.907033,0.730000
977.000000,0.907260,0.926162,0.943468,0.946982,0.916481,0.443500
978.000000,0.905899,0.922988,0.941012,0.945659,0.913080,0.250000
979.000000,0.902498,0.917848,0.937440,0.943770,0.896451,0.490000
980.000000,0.907638,0.913760,0.934285,0.942170,0.905143,0.410000
981.000000,0.908771,0.910434,0.931620,0.940973,0.912702,0.280000
982.000000,0.907940,0.907600,0.928956,0.939726,0.912324,0.190000
983.000000,0.908016,0.906957,0.926499,0.938428,0.913458,0.080000
984.000000,0.910434,0.906466,0.924099,0.936967,0.908545,0.290000
985.000000,0.910661,0.909149,0.921511,0.935329,0.906277,0.200100
986.000000,0.908016,0.908393,0.918884,0.933225,0.899474,0.380000
987.000000,0.902271,0.905105,0.915634,0.930681,0.883601,0.472800
988.000000,0.895317,0.901666,0.912327,0.927897,0.878688,0.280000
989.000000,0.888363,0.899399,0.908623,0.924760,0.873775,0.200000
990.000000,0.882543,0.896602,0.905181,0.921724,0.877176,0.190000
991.000000,0.879127,0.893571,0.902003,0.918937,0.882392,0.210000
992.000000,0.877842,0.890056,0.898828,0.915989,0.877176,0.260000
993.000000,0.877842,0.886579,0.896768,0.913193,0.878688,0.110000
994.000000,0.875952,0.882158,0.894312,0.910119,0.864327,0.380000
995.000000,0.874213,0.878378,0.893764,0.907133,0.868484,0.180000
996.000000,0.870147,0.874637,0.891515,0.904135,0.862059,0.290000
997.000000,0.866897,0.872369,0.888737,0.901212,0.860925,0.400000
998.000000,0.863873,0.870857,0.886262,0.898504,0.863571,0.190000
999.000000,0.864629,0.870291,0.884845,0.895846,0.868106,0.190000
1000.000000,0.865763,0.869988,0.883295,0.893450,0.874153,0.180000
1001.000000,0.870374,0.870260,0.881916,0.891422,0.885113,0.359700
1002.000000,0.875514,0.871205,0.880631,0.889620,0.886625,0.120000
1003.000000,0.879746,0.871810,0.879195,0.888449,0.884735,0.220000
1004.000000,0.881863,0.873246,0.877702,0.887290,0.878688,0.230000
1005.000000,0.882014,0.873888,0.876133,0.887139,0.874909,0.170000
1006.000000,0.878839,0.874606,0.874622,0.885879,0.869240,0.200000
1007.000000,0.875362,0.875438,0.873904,0.884304,0.869240,0.070000
1008.000000,0.874909,0.877328,0.874092,0.883284,0.882467,0.350000
1009.000000,0.879293,0.880578,0.875434,0.883422,0.900608,0.520000
1010.000000,0.884735,0.883374,0.876681,0.883322,0.902120,0.405000
1011.000000,0.890177,0.884508,0.877384,0.882780,0.896451,0.250000
1012.000000,0.895393,0.885377,0.878291,0.882213,0.895317,0.330000
1013.000000,0.898718,0.886814,0.879312,0.881734,0.899096,0.180000
1014.000000,0.900003,0.889648,0.881447,0.881684,0.907033,0.210000
1015.000000,0.900457,0.892596,0.883242,0.881621,0.904387,0.330000
1016.000000,0.901893,0.896035,0.885321,0.881759,0.903632,0.180000
1017.000000,0.904024,0.899708,0.887573,0.882505,0.905971,0.170000
1018.000000,0.905762,0.902240,0.889784,0.883475,0.907789,0.130000
1019.000000,0.905309,0.902656,0.891617,0.884508,0.904765,0.390000
1020.000000,0.904175,0.902316,0.892845,0.885226,0.898718,0.260000
1021.000000,0.904402,0.903147,0.893828,0.885972,0.904765,0.230000
1022.000000,0.904236,0.904130,0.894754,0.886904,0.905143,0.136900
1023.000000,0.900910,0.903336,0.895075,0.887320,0.891160,0.429900
1024.000000,0.899908,0.902608,0.896128,0.888501,0.899754,0.280000
1025.000000,0.899984,0.902079,0.897338,0.889521,0.899096,0.120000
1026.000000,0.899984,0.902193,0.899114,0.890945,0.904765,0.219000
1027.000000,0.899606,0.901921,0.900815,0.892356,0.903254,0.160000
1028.000000,0.901722,0.901316,0.901778,0.893628,0.901742,0.106400
1029.000000,0.903102,0.901505,0.902081,0.894913,0.906655,0.140000
1030.000000,0.904690,0.902337,0.902326,0.896009,0.907033,0.240000
1031.000000,0.905219,0.902601,0.902874,0.896752,0.907411,0.130000
1032.000000,0.906504,0.903055,0.903592,0.897521,0.909678,0.110000
1033.000000,0.909300,0.905511,0.904424,0.898554,0.915725,0.199900
1034.000000,0.910585,0.906844,0.904726,0.899700,0.913080,0.189900
1035.000000,0.912218,0.908454,0.905267,0.901043,0.915196,0.151000
1036.000000,0.914788,0.910003,0.906098,0.902744,0.920260,0.210000
1037.000000,0.918038,0.912271,0.907096,0.904633,0.925929,0.250000
1038.000000,0.920003,0.914652,0.907984,0.906070,0.925551,0.182400
1039.000000,0.922271,0.916428,0.908967,0.906863,0.924418,0.080000
1040.000000,0.924191,0.918205,0.910271,0.907619,0.924796,0.130000
1041.000000,0.926307,0.920548,0.911574,0.908765,0.930843,0.160000
1042.000000,0.927819,0.922929,0.912992,0.910038,0.933488,0.100000
1043.000000,0.930238,0.925121,0.915316,0.911323,0.937645,0.130000
1044.000000,0.931447,0.926859,0.916852,0.912104,0.930465,0.400000
1045.000000,0.931674,0.927932,0.918193,0.912822,0.925929,0.130000
1046.000000,0.931750,0.929028,0.919516,0.913742,0.931220,0.140000
1047.000000,0.930843,0.929331,0.920801,0.914508,0.928953,0.270000
1048.000000,0.928121,0.929180,0.921916,0.915049,0.924040,0.190000
1049.000000,0.925703,0.928575,0.922502,0.915503,0.918371,0.202000
1050.000000,0.923813,0.927743,0.922974,0.916095,0.916481,0.162900
1051.000000,0.920109,0.925929,0.923239,0.916359,0.912702,0.130000
1052.000000,0.915045,0.922944,0.922936,0.916309,0.903632,0.270000
1053.000000,0.909603,0.918862,0.921991,0.916498,0.896829,0.380000
1054.000000,0.906353,0.916028,0.921443,0.916577,0.902120,0.176600
1055.000000,0.902649,0.913231,0.920582,0.916539,0.897963,0.179900
1056.000000,0.898718,0.909414,0.919221,0.916149,0.893049,0.233900
1057.000000,0.898794,0.906920,0.918125,0.916174,0.904009,0.310000
1058.000000,0.901508,0.905555,0.917367,0.916462,0.910396,0.170000
1059.000000,0.904455,0.905404,0.916989,0.916802,0.916859,0.201000
1060.000000,0.908537,0.905593,0.916668,0.917180,0.918371,0.100000
1061.000000,0.913526,0.906122,0.916026,0.917533,0.917993,0.150000
1062.000000,0.916625,0.907709,0.915327,0.917861,0.919505,0.146300
1063.000000,0.918598,0.910053,0.914457,0.918012,0.920260,0.080000
1064.000000,0.919391,0.911923,0.913975,0.918270,0.920827,0.180000
1065.000000,0.919920,0.914229,0.913730,0.918464,0.921016,0.179000
1066.000000,0.921508,0.917517,0.913465,0.918653,0.925929,0.159700
1067.000000,0.921961,0.919293,0.913106,0.918514,0.921772,0.150000
1068.000000,0.922264,0.920431,0.912993,0.918388,0.921772,0.080700
1069.000000,0.923359,0.921375,0.913390,0.918451,0.926307,0.170000
1070.000000,0.925703,0.922811,0.914202,0.918716,0.932732,0.420000
1071.000000,0.927895,0.924701,0.915412,0.918918,0.936889,0.220000
1072.000000,0.930313,0.926137,0.916923,0.918930,0.933866,0.210000
1073.000000,0.933715,0.927989,0.919021,0.918968,0.938779,0.180000
1074.000000,0.935680,0.929520,0.920722,0.919157,0.936134,0.120000
1075.000000,0.936436,0.931069,0.922649,0.919510,0.936511,0.090000
1076.000000,0.935756,0.931825,0.924671,0.919585,0.933488,0.140000
1077.000000,0.936436,0.933375,0.926334,0.919862,0.937267,0.150000
1078.000000,0.936209,0.934962,0.927696,0.920316,0.937645,0.110000
1079.000000,0.935907,0.935793,0.928584,0.920858,0.934622,0.240000
1080.000000,0.935302,0.935869,0.929340,0.921424,0.933488,0.170000
1081.000000,0.935000,0.935378,0.930039,0.922067,0.931976,0.083100
1082.000000,0.934773,0.935604,0.930871,0.923150,0.936134,0.120000
1083.000000,0.935378,0.935793,0.931891,0.924612,0.940669,0.160000
1084.000000,0.935831,0.935869,0.932694,0.925771,0.936889,0.169900
1085.000000,0.936587,0.935945,0.933507,0.927081,0.937267,0.089200
1086.000000,0.936436,0.935718,0.933771,0.928353,0.931220,0.320000
1087.000000,0.936436,0.935604,0.934490,0.929424,0.936134,0.200000
1088.000000,0.935982,0.935680,0.935321,0.930358,0.938401,0.120000
1089.000000,0.935907,0.935869,0.935831,0.931013,0.936511,0.090300
1090.000000,0.936134,0.936360,0.936115,0.931680,0.938401,0.170000
1091.000000,0.938477,0.937456,0.936417,0.932512,0.942936,0.130000
1092.000000,0.939081,0.937759,0.936682,0.933167,0.939157,0.148400
1093.000000,0.939815,0.937898,0.936846,0.933894,0.942067,0.088900
1094.000000,0.941175,0.938541,0.937205,0.934643,0.943314,0.070000
1095.000000,0.942082,0.939108,0.937526,0.935374,0.942936,0.093700
1096.000000,0.942460,0.940468,0.938093,0.936004,0.944826,0.139000
1097.000000,0.943670,0.941376,0.938490,0.936785,0.945208,0.130000
1098.000000,0.944676,0.942245,0.938963,0.937629,0.947094,0.160000
1099.000000,0.945280,0.943228,0.939548,0.938297,0.946338,0.120000
1100.000000,0.946036,0.944059,0.940210,0.938763,0.946716,0.066000
1101.000000,0.945809,0.944135,0.940796,0.938990,0.943692,0.113200
1102.000000,0.945733,0.944702,0.941230,0.939355,0.944826,0.139900
1103.000000,0.945431,0.945053,0.941476,0.939582,0.945582,0.080000
1104.000000,0.946111,0.945696,0.942118,0.940035,0.949739,0.120000
1105.000000,0.946413,0.946225,0.942666,0.940426,0.948227,0.110000
1106.000000,0.947773,0.946791,0.943630,0.940992,0.950491,0.080000
1107.000000,0.949058,0.947395,0.944386,0.941459,0.951251,0.110000
1108.000000,0.947849,0.946640,0.944442,0.941522,0.939535,0.372500
1109.000000,0.945430,0.945770,0.944499,0.941622,0.937645,0.097000
1110.000000,0.943465,0.944939,0.944499,0.941786,0.938401,0.120000
1111.000000,0.941620,0.944696,0.944416,0.942096,0.941266,0.100000
1112.000000,0.939654,0.944356,0.944529,0.942272,0.941425,0.070000
1113.000000,0.940486,0.944167,0.944610,0.942373,0.943692,0.060000
1114.000000,0.941922,0.943676,0.944686,0.942637,0.944826,0.150000
1115.000000,0.943736,0.943600,0.944912,0.942978,0.947471,0.100000
1116.000000,0.944826,0.943223,0.945007,0.943494,0.946716,0.090000
1117.000000,0.945506,0.942580,0.944988,0.943784,0.944826,0.050000
1118.000000,0.945733,0.943109,0.944875,0.943998,0.944826,0.050000
1119.000000,0.945506,0.943714,0.944742,0.944237,0.943692,0.068100
1120.000000,0.944902,0.944319,0.944629,0.944439,0.944448,0.140000
1121.000000,0.944977,0.944902,0.944799,0.944578,0.947094,0.110000
1122.000000,0.945657,0.945582,0.944969,0.944880,0.948227,0.070000
1123.000000,0.946186,0.945960,0.945063,0.945060,0.947471,0.044300
1124.000000,0.946640,0.946073,0.944875,0.945148,0.945960,0.070000
1125.000000,0.947094,0.945998,0.944799,0.945274,0.946716,0.060000
1126.000000,0.946867,0.945922,0.944572,0.945312,0.945960,0.079000
1127.000000,0.946640,0.946149,0.944364,0.945375,0.947094,0.060000
1128.000000,0.946640,0.946413,0.944761,0.945387,0.947471,0.060000
1129.000000,0.947169,0.946905,0.945309,0.945463,0.948605,0.038700
1130.000000,0.947698,0.947396,0.945857,0.945551,0.949361,0.050000
1131.000000,0.948227,0.947547,0.946224,0.945715,0.948605,0.068000
1132.000000,0.948908,0.947774,0.946678,0.945904,0.950495,0.100000
1133.000000,0.949739,0.948190,0.947075,0.946105,0.951629,0.100000
1134.000000,0.949815,0.948492,0.947282,0.946080,0.948983,0.130000
1135.000000,0.949663,0.948681,0.947339,0.946093,0.948605,0.069900
1136.000000,0.949286,0.948756,0.947339,0.945967,0.946716,0.140000
1137.000000,0.948530,0.948719,0.947434,0.945816,0.946716,0.080000
1138.000000,0.947094,0.948416,0.947415,0.945980,0.944448,0.100000
1139.000000,0.946640,0.948227,0.947566,0.946282,0.946716,0.090000
1140.000000,0.945884,0.947774,0.947585,0.946496,0.944826,0.070000
1141.000000,0.945582,0.947434,0.947490,0.946627,0.945204,0.050000
1142.000000,0.945355,0.946942,0.947358,0.946766,0.945582,0.080000
1143.000000,0.946564,0.946829,0.947509,0.946993,0.950495,0.130000
1144.000000,0.947320,0.946980,0.947736,0.947182,0.950495,0.120000
1145.000000,0.947698,0.946791,0.947736,0.947157,0.946716,0.130000
1146.000000,0.946338,0.945960,0.947358,0.946879,0.938401,0.300000
1147.000000,0.945431,0.945393,0.947056,0.946753,0.941047,0.110000
1148.000000,0.943163,0.944864,0.946640,0.946564,0.939157,0.160000
1149.000000,0.941425,0.944372,0.946300,0.946501,0.941803,0.130000
1150.000000,0.940971,0.944335,0.946054,0.946501,0.944448,0.080000
1151.000000,0.942180,0.944259,0.945846,0.946413,0.944448,0.050000
1152.000000,0.943087,0.944259,0.945601,0.946325,0.945582,25.020000
1153.000000,0.944875,0.944019,0.945424,0.946346,0.948095,0.086500
1154.000000,0.946160,0.943792,0.945386,0.946421,0.948227,0.062800
1155.000000,0.946991,0.943981,0.945386,0.946484,0.948605,0.040000
1156.000000,0.947822,0.945001,0.945481,0.946572,0.948601,0.080000
1157.000000,0.948276,0.945682,0.945537,0.946598,0.947849,0.060000
1158.000000,0.947924,0.946400,0.945632,0.946560,0.946338,0.090000
1159.000000,0.947395,0.946778,0.945575,0.946459,0.945582,0.091200
1160.000000,0.946412,0.946702,0.945518,0.946270,0.943692,0.176200
1161.000000,0.946413,0.947118,0.945688,0.946270,0.948605,0.170000
1162.000000,0.946489,0.947382,0.945821,0.946195,0.948227,0.079000
1163.000000,0.947094,0.947509,0.945764,0.946119,0.949361,0.109700
1164.000000,0.947849,0.947622,0.945707,0.946132,0.949361,0.070000
1165.000000,0.948832,0.947622,0.945802,0.946132,0.948605,0.109900
1166.000000,0.948681,0.947547,0.946274,0.946169,0.947849,0.081600
1167.000000,0.949134,0.947812,0.946747,0.946295,0.950495,0.096600
1168.000000,0.949739,0.948416,0.947408,0.946560,0.952385,0.090000
1169.000000,0.950382,0.949115,0.947947,0.946755,0.952574,0.071600
1170.000000,0.950849,0.949841,0.948271,0.946959,0.950945,0.075000
1171.000000,0.951379,0.950030,0.948574,0.947135,0.950495,0.070000
1172.000000,0.951454,0.950294,0.948838,0.947312,0.950873,0.079000
1173.000000,0.949640,0.949690,0.948599,0.947072,0.943314,0.290000
1174.000000,0.948620,0.949501,0.948561,0.946972,0.947471,0.150000
1175.000000,0.947925,0.949387,0.948505,0.946997,0.947471,0.110000
1176.000000,0.946791,0.949085,0.948316,0.947211,0.944826,0.120000
1177.000000,0.945431,0.948442,0.948127,0.947312,0.944070,0.070600
1178.000000,0.945733,0.947686,0.948051,0.947501,0.944826,0.070000
1179.000000,0.945204,0.946912,0.948014,0.947602,0.944826,0.070100
1180.000000,0.943994,0.945960,0.947900,0.947501,0.941425,0.120000
1181.000000,0.944221,0.945506,0.947768,0.947551,0.945960,0.160000
1182.000000,0.944070,0.944750,0.947522,0.947476,0.943314,0.120000
1183.000000,0.944221,0.944977,0.947333,0.947392,0.945582,0.080000
1184.000000,0.944448,0.944826,0.947163,0.947316,0.945960,0.063600
1185.000000,0.945884,0.944939,0.947163,0.947316,0.948605,0.094600
1186.000000,0.946489,0.945355,0.947220,0.947329,0.948983,0.103100
1187.000000,0.947471,0.945771,0.947107,0.947342,0.948227,0.090600
1188.000000,0.948227,0.946224,0.946955,0.947442,0.949361,0.113900
1189.000000,0.948530,0.946489,0.946700,0.947505,0.947471,0.090000
1190.000000,0.948076,0.946980,0.946470,0.947594,0.946338,0.075400
1191.000000,0.947436,0.946962,0.946234,0.947499,0.945782,0.069900
1192.000000,0.946982,0.947227,0.945989,0.947424,0.945960,0.070000
1193.000000,0.946604,0.947416,0.946197,0.947361,0.947471,0.070000
1194.000000,0.947209,0.947869,0.946348,0.947399,0.950495,0.117900
1195.000000,0.947058,0.947567,0.946253,0.947298,0.945582,0.130000
1196.000000,0.947124,0.947280,0.946317,0.947240,0.946111,0.082300
1197.000000,0.947048,0.947015,0.946393,0.947076,0.945582,0.060000
1198.000000,0.947124,0.946864,0.946544,0.946925,0.947849,0.080000
1199.000000,0.946519,0.946864,0.946676,0.946755,0.947471,0.076000
1200.000000,0.946292,0.946675,0.946828,0.946538,0.944448,0.130000
1201.000000,0.945506,0.946315,0.946639,0.946261,0.942180,0.090000
1202.000000,0.945204,0.946126,0.946676,0.946034,0.944070,0.090000
1203.000000,0.944448,0.945786,0.946601,0.946060,0.944070,24.980000
1204.000000,0.944297,0.945408,0.946639,0.946034,0.946716,0.100000
1205.000000,0.944524,0.945408,0.946488,0.945971,0.945582,0.070200
1206.000000,0.945053,0.945279,0.946280,0.945971,0.944826,0.090000
1207.000000,0.945809,0.945506,0.946261,0.946097,0.947849,0.080000
1208.000000,0.946262,0.945355,0.946110,0.946148,0.946338,0.060000
1209.000000,0.946489,0.945393,0.946128,0.946249,0.947849,0.050000
1210.000000,0.948303,0.946413,0.946544,0.946690,0.954652,0.211300
1211.000000,0.949739,0.947396,0.946855,0.946891,0.952007,0.100000
1212.000000,0.950156,0.947982,0.947054,0.947112,0.949936,0.070000
1213.000000,0.949930,0.948096,0.946941,0.947099,0.945204,0.142300
1214.000000,0.949400,0.947945,0.946676,0.947074,0.945204,0.086000
1215.000000,0.947813,0.948058,0.946733,0.947011,0.946716,0.057700
1216.000000,0.947133,0.948436,0.946858,0.946998,0.948605,0.100000
1217.000000,0.946338,0.948247,0.946877,0.946923,0.945960,0.080000
1218.000000,0.946735,0.948332,0.946844,0.946851,0.947192,0.047000
1219.000000,0.947416,0.948408,0.946900,0.946888,0.948605,0.090000
1220.000000,0.947793,0.947803,0.947108,0.946964,0.948605,0.079000
1221.000000,0.947642,0.947388,0.947392,0.947033,0.947849,0.089000
1222.000000,0.948474,0.947406,0.947694,0.947171,0.950117,0.110000
1223.000000,0.948908,0.947821,0.947959,0.947234,0.949361,0.080000
1224.000000,0.948605,0.948010,0.947978,0.947121,0.947094,0.095100
1225.000000,0.948681,0.948237,0.948148,0.947234,0.948983,0.080000
1226.000000,0.948605,0.948124,0.948280,0.947280,0.947471,0.080000
1227.000000,0.947774,0.948124,0.948185,0.947292,0.945960,0.056200
1228.000000,0.947320,0.948114,0.948223,0.947267,0.947094,0.075100
1229.000000,0.947396,0.948001,0.948204,0.947267,0.947471,0.079900
1230.000000,0.948454,0.948567,0.948185,0.947595,0.954274,0.195000
1231.000000,0.949361,0.948983,0.948185,0.947922,0.952007,0.120000
1232.000000,0.950948,0.949361,0.948383,0.948250,0.953896,0.100000
1233.000000,0.951780,0.949550,0.948686,0.948489,0.951251,0.120000
1234.000000,0.952989,0.950193,0.949101,0.948716,0.953518,0.060000
1235.000000,0.952611,0.950533,0.949385,0.948943,0.952385,0.160000
1236.000000,0.953065,0.951213,0.949668,0.949258,0.954274,0.170000
1237.000000,0.951251,0.951100,0.949612,0.949157,0.944826,0.300000
1238.000000,0.949890,0.950835,0.949474,0.949094,0.944448,0.230000
1239.000000,0.948832,0.950911,0.949456,0.949106,0.948227,0.109200
1240.000000,0.947774,0.950193,0.949380,0.948854,0.947094,0.170000
1241.000000,0.947396,0.950230,0.949607,0.948867,0.952385,0.140000
1242.000000,0.948908,0.950079,0.949720,0.948949,0.952385,0.090000
1243.000000,0.950570,0.950230,0.949890,0.949201,0.952762,0.090000
1244.000000,0.950797,0.949815,0.950004,0.949339,0.949361,0.130000
